{
  "type": "FeatureCollection",
  "features": [
    {
      "type": "Feature",
      "id": 184,
      "geometry": {
        "type": "Polygon",
        "coordinates": [
          [
            [-58.6975153570088, -34.5470754162786],
            [-58.698347159655, -34.5464758665789],
            [-58.6984622946678, -34.5464275188553],
            [-58.6985555759473, -34.5463834449012],
            [-58.6993599259549, -34.5457971150281],
            [-58.7002358996463, -34.5451574610388],
            [-58.7011216388653, -34.5459916367897],
            [-58.7020985066053, -34.5469214186064],
            [-58.7019786278368, -34.5469246509675],
            [-58.7011797304613, -34.547511056097],
            [-58.7003588278043, -34.5481107420641],
            [-58.7002761571629, -34.548172956774],
            [-58.6993394036748, -34.5488660457726],
            [-58.6984536531661, -34.5480318562853],
            [-58.698400175874, -34.5479681913806],
            [-58.6983520744623, -34.5479090897019],
            [-58.6975153570088, -34.5470754162786]
          ]
        ]
      },
      "properties": {
        "objectid": 184,
        "clave": "067602109",
        "provincia": "06",
        "partido": "760",
        "localidad": "010",
        "fraccion": "21",
        "radio": "09",
        "tot_manzanas": 6,
        "barrio_codigo": 31,
        "barrio_nombre": "Muniz Norte",
        "circuito": "400",
        "st_area(shape)": 84608.660250345,
        "st_length(shape)": 1183.70269834144
      }
    },
    {
      "type": "Feature",
      "id": 116,
      "geometry": {
        "type": "Polygon",
        "coordinates": [
          [
            [-58.7233914330575, -34.529708933092],
            [-58.724572595842, -34.5308164412667],
            [-58.7254977749227, -34.5301410584273],
            [-58.7256574609786, -34.530025546475],
            [-58.726422870482, -34.5294701752243],
            [-58.7276627995944, -34.5306548826472],
            [-58.7277595739775, -34.5307370144877],
            [-58.7269996050507, -34.5312924515974],
            [-58.7265811253103, -34.5315945541857],
            [-58.7259146667653, -34.532087863317],
            [-58.7249507342965, -34.5328034051086],
            [-58.7245530477794, -34.533077909377],
            [-58.7236725427005, -34.5330559558235],
            [-58.7233880823794, -34.5327825715192],
            [-58.7233504486925, -34.5327506300473],
            [-58.7227276369232, -34.5321672398404],
            [-58.7226740129216, -34.5321125966026],
            [-58.7218258274308, -34.5313105157796],
            [-58.721557301583, -34.5310643352249],
            [-58.7233914330575, -34.529708933092]
          ]
        ]
      },
      "properties": {
        "objectid": 116,
        "clave": "067600111",
        "provincia": "06",
        "partido": "760",
        "localidad": "010",
        "fraccion": "01",
        "radio": "11",
        "tot_manzanas": 5,
        "barrio_codigo": 28,
        "barrio_nombre": "Belgrano",
        "circuito": "397",
        "st_area(shape)": 119739.512519685,
        "st_length(shape)": 1570.25932967362
      }
    },
    {
      "type": "Feature",
      "id": 87,
      "geometry": {
        "type": "Polygon",
        "coordinates": [
          [
            [-58.6868635256852, -34.5767468059771],
            [-58.6874808343903, -34.576298260011],
            [-58.6880675197435, -34.5758722203143],
            [-58.6882322008165, -34.5757526302882],
            [-58.6883737098018, -34.5756498672908],
            [-58.6890180274955, -34.5762561949688],
            [-58.6895602613466, -34.5767712870136],
            [-58.6901669571616, -34.5773456561771],
            [-58.690478338097, -34.5776419403614],
            [-58.6906877668714, -34.5778379793025],
            [-58.6912569076869, -34.5783758866426],
            [-58.6918541486361, -34.5788912908422],
            [-58.6919231306697, -34.57897932624],
            [-58.692192281257, -34.5791881251833],
            [-58.6922139320266, -34.5791973708209],
            [-58.6921064937172, -34.5792776547372],
            [-58.6919106930925, -34.5794239671093],
            [-58.6912713797413, -34.5798858197254],
            [-58.6903640240957, -34.5790243009264],
            [-58.6895909764386, -34.5782859006264],
            [-58.6889735929034, -34.5787389630957],
            [-58.6880500726468, -34.5778682400941],
            [-58.6868635256852, -34.5767468059771]
          ]
        ]
      },
      "properties": {
        "objectid": 87,
        "clave": "067601303",
        "provincia": "06",
        "partido": "760",
        "localidad": "010",
        "fraccion": "13",
        "radio": "03",
        "tot_manzanas": 6,
        "barrio_codigo": 35,
        "barrio_nombre": "Obligado",
        "circuito": "402",
        "st_area(shape)": 80083.196618015,
        "st_length(shape)": 1433.40773812769
      }
    },
    {
      "type": "Feature",
      "id": 273,
      "geometry": {
        "type": "Polygon",
        "coordinates": [
          [
            [-58.6840359168987, -34.5480260221157],
            [-58.6851708915262, -34.5472044897954],
            [-58.6852368800657, -34.5471646390135],
            [-58.6855835126353, -34.5469430310094],
            [-58.6862997607094, -34.5464234422956],
            [-58.6863656772856, -34.5463880969376],
            [-58.6864316646192, -34.5463482454768],
            [-58.6865969512951, -34.5462283393642],
            [-58.6866792758476, -34.5461886644184],
            [-58.6870154336707, -34.5459398976694],
            [-58.6873735849314, -34.5456778468373],
            [-58.6881780747034, -34.5450870861385],
            [-58.6883337389639, -34.5452329771507],
            [-58.6889670081665, -34.5458346796202],
            [-58.6893105937679, -34.546153845847],
            [-58.6896380552732, -34.5464593175758],
            [-58.6897078623745, -34.5465231624039],
            [-58.6897668485047, -34.5465823842342],
            [-58.6902446090053, -34.5470291789775],
            [-58.6901729651472, -34.5470824923133],
            [-58.6886688505482, -34.5481750238884],
            [-58.6873741215444, -34.5491120479119],
            [-58.6873074954625, -34.5491924544118],
            [-58.6868245762654, -34.5487275655658],
            [-58.6868043498813, -34.5486281978273],
            [-58.6856085433963, -34.5495076789207],
            [-58.6848569479907, -34.5488100413959],
            [-58.6847925888067, -34.5487462534285],
            [-58.6847389809656, -34.5486915940048],
            [-58.6840359168987, -34.5480260221157]
          ]
        ]
      },
      "properties": {
        "objectid": 273,
        "clave": "067600502",
        "provincia": "06",
        "partido": "760",
        "localidad": "010",
        "fraccion": "05",
        "radio": "02",
        "tot_manzanas": 11,
        "barrio_codigo": 41,
        "barrio_nombre": "Bella Vista Norte",
        "circuito": "401a",
        "st_area(shape)": 134504.102850505,
        "st_length(shape)": 1594.57879859775
      }
    },
    {
      "type": "Feature",
      "id": 51,
      "geometry": {
        "type": "Polygon",
        "coordinates": [
          [
            [-58.7469369151603, -34.5534425662423],
            [-58.7472399125813, -34.5532158269287],
            [-58.7478253326803, -34.5537716692248],
            [-58.7480719687197, -34.553992710324],
            [-58.748217319687, -34.5541497578558],
            [-58.7488715209087, -34.5537508476171],
            [-58.7494622673614, -34.5543157504919],
            [-58.7495151991338, -34.5543805353155],
            [-58.7502679837605, -34.5550766456065],
            [-58.7503754993638, -34.555172390329],
            [-58.7501331554099, -34.5553501829121],
            [-58.7497641920487, -34.555616816415],
            [-58.7491410791467, -34.5560480637934],
            [-58.7485801567796, -34.5564745065603],
            [-58.7479082420309, -34.5569633694027],
            [-58.7470744956292, -34.5561414007935],
            [-58.7462504164383, -34.5553496136466],
            [-58.7460943444959, -34.5552135539126],
            [-58.7454113454392, -34.55455360987],
            [-58.7460521266029, -34.5540980763444],
            [-58.7466339825823, -34.5536647994832],
            [-58.7469369151603, -34.5534425662423]
          ]
        ]
      },
      "properties": {
        "objectid": 51,
        "clave": "067603401",
        "provincia": "06",
        "partido": "760",
        "localidad": "010",
        "fraccion": "34",
        "radio": "01",
        "tot_manzanas": 14,
        "barrio_codigo": 9,
        "barrio_nombre": "San Antonio",
        "circuito": "397b",
        "st_area(shape)": 94705.85850014,
        "st_length(shape)": 1299.01957445034
      }
    },
    {
      "type": "Feature",
      "id": 272,
      "geometry": {
        "type": "Polygon",
        "coordinates": [
          [
            [-58.703628292212, -34.5483753505278],
            [-58.7044381431568, -34.5477845396413],
            [-58.704501678838, -34.5479023916472],
            [-58.7052210363467, -34.5485815399783],
            [-58.705688140007, -34.549019148538],
            [-58.7058033447213, -34.5491274406133],
            [-58.7059887932691, -34.549301759591],
            [-58.7060533993816, -34.5493614487821],
            [-58.7051770865017, -34.5500770545883],
            [-58.7043886444329, -34.5507994173627],
            [-58.7028287584181, -34.5522285164706],
            [-58.6992976363966, -34.5554633141025],
            [-58.699293426079, -34.5554664321343],
            [-58.6990665442536, -34.5552714358583],
            [-58.6989872106941, -34.5552032511397],
            [-58.6981662940826, -34.5544448821278],
            [-58.6977017269726, -34.553990871056],
            [-58.6970628860998, -34.553389153724],
            [-58.6969610924351, -34.5532799042259],
            [-58.6981847014224, -34.5523600466068],
            [-58.6984933803849, -34.5521241946009],
            [-58.6989459121449, -34.551795670466],
            [-58.6991709420955, -34.5516404546621],
            [-58.6995621792936, -34.5513516787688],
            [-58.6999533436859, -34.5510674085349],
            [-58.700901010844, -34.5503744323297],
            [-58.7018487312518, -34.5496769413324],
            [-58.702757755173, -34.5490150871277],
            [-58.703628292212, -34.5483753505278]
          ]
        ]
      },
      "properties": {
        "objectid": 272,
        "clave": "067602113",
        "provincia": "06",
        "partido": "760",
        "localidad": "010",
        "fraccion": "21",
        "radio": "13",
        "tot_manzanas": 11,
        "barrio_codigo": 31,
        "barrio_nombre": "Muniz Norte",
        "circuito": "400",
        "st_area(shape)": 251326.617413195,
        "st_length(shape)": 2390.54694033748
      }
    },
    {
      "type": "Feature",
      "id": 70,
      "geometry": {
        "type": "Polygon",
        "coordinates": [
          [
            [-58.731992564703, -34.5601998221172],
            [-58.7327985049193, -34.5596046947387],
            [-58.7337345271724, -34.5589196259795],
            [-58.7344163864614, -34.5584368946208],
            [-58.7353195116948, -34.5577719170827],
            [-58.735927441707, -34.5583470027407],
            [-58.7364941238405, -34.5588738398909],
            [-58.736493475963, -34.5588837563686],
            [-58.7371650308766, -34.559468071035],
            [-58.7362121172347, -34.5601442733801],
            [-58.7355869900319, -34.5606048850476],
            [-58.734038954688, -34.5617301442527],
            [-58.7333587195833, -34.5612299708515],
            [-58.7326973842422, -34.5607257021186],
            [-58.7325022346047, -34.5605901227105],
            [-58.7324430039281, -34.5605444391968],
            [-58.731992564703, -34.5601998221172]
          ]
        ]
      },
      "properties": {
        "objectid": 70,
        "clave": "067602705",
        "provincia": "06",
        "partido": "760",
        "localidad": "010",
        "fraccion": "27",
        "radio": "05",
        "tot_manzanas": 10,
        "barrio_codigo": 13,
        "barrio_nombre": "Colibri",
        "circuito": "397a",
        "st_area(shape)": 99217.60575243,
        "st_length(shape)": 1295.2484879476
      }
    },
    {
      "type": "Feature",
      "id": 190,
      "geometry": {
        "type": "Polygon",
        "coordinates": [
          [
            [-58.7256851771105, -34.5410721285445],
            [-58.7253361613841, -34.5407439926827],
            [-58.7246811544936, -34.5401242213552],
            [-58.7236824624394, -34.5391853754649],
            [-58.7228016628001, -34.5383739467261],
            [-58.7226689869114, -34.5382512757439],
            [-58.7245664132198, -34.5368732694308],
            [-58.7246579263077, -34.5370052396677],
            [-58.725329246465, -34.537625181433],
            [-58.7254795869802, -34.5377664624993],
            [-58.7255332152729, -34.537821104565],
            [-58.7259144802655, -34.5381766184424],
            [-58.7270419550401, -34.5392429801884],
            [-58.7272133936121, -34.5394032393555],
            [-58.7282072355282, -34.5403322606623],
            [-58.7280801530678, -34.5404257449739],
            [-58.7276454150226, -34.5407455443085],
            [-58.7272010453997, -34.5410603363732],
            [-58.7263350278039, -34.5416738133526],
            [-58.7256851771105, -34.5410721285445]
          ]
        ]
      },
      "properties": {
        "objectid": 190,
        "clave": "067602502",
        "provincia": "06",
        "partido": "760",
        "localidad": "010",
        "fraccion": "25",
        "radio": "02",
        "tot_manzanas": 8,
        "barrio_codigo": 27,
        "barrio_nombre": "San Jorge",
        "circuito": "397",
        "st_area(shape)": 115879.40608598,
        "st_length(shape)": 1475.90128328955
      }
    },
    {
      "type": "Feature",
      "id": 314,
      "geometry": {
        "type": "Polygon",
        "coordinates": [
          [
            [-58.6899268866875, -34.5892449851198],
            [-58.6904742176575, -34.5897697742156],
            [-58.691866970957, -34.5888201671207],
            [-58.6932007743941, -34.5878609924241],
            [-58.6936748967331, -34.5883043205883],
            [-58.6941787894712, -34.588807198445],
            [-58.6947394255482, -34.589318106667],
            [-58.6952584852297, -34.5898087666954],
            [-58.6939568442887, -34.5907502084678],
            [-58.6934231398147, -34.5911949520887],
            [-58.6931727138894, -34.5913435986594],
            [-58.6930367834012, -34.5914623778494],
            [-58.6927149290587, -34.5915765682015],
            [-58.692215059907, -34.5917035555111],
            [-58.6918588760605, -34.5917389501019],
            [-58.6914601331675, -34.5918425104609],
            [-58.691027566305, -34.5921817393998],
            [-58.6910273681549, -34.5921819337705],
            [-58.6901388869536, -34.5915135528008],
            [-58.6886054953892, -34.5903406646541],
            [-58.6886056690986, -34.5903404997696],
            [-58.6896622703556, -34.5894662831153],
            [-58.6899268866875, -34.5892449851198]
          ]
        ]
      },
      "properties": {
        "objectid": 314,
        "clave": "067602908",
        "provincia": "06",
        "partido": "760",
        "localidad": "010",
        "fraccion": "29",
        "radio": "08",
        "tot_manzanas": 12,
        "barrio_codigo": 35,
        "barrio_nombre": "Obligado",
        "circuito": "402",
        "st_area(shape)": 143424.78476133,
        "st_length(shape)": 1646.01012824483
      }
    },
    {
      "type": "Feature",
      "id": 278,
      "geometry": {
        "type": "Polygon",
        "coordinates": [
          [
            [-58.7134069846117, -34.5387214917673],
            [-58.7134897055261, -34.5386547615229],
            [-58.7143654988708, -34.5380150004262],
            [-58.7144646236556, -34.5379439344608],
            [-58.7152109309505, -34.538641336942],
            [-58.7156726581064, -34.5390743444971],
            [-58.7159733804726, -34.5393524243382],
            [-58.7149047765497, -34.5401343859503],
            [-58.7141424691106, -34.5394142797834],
            [-58.7136271260641, -34.5389266194818],
            [-58.7134069846117, -34.5387214917673]
          ]
        ]
      },
      "properties": {
        "objectid": 278,
        "clave": "067602002",
        "provincia": "06",
        "partido": "760",
        "localidad": "010",
        "fraccion": "20",
        "radio": "02",
        "tot_manzanas": 2,
        "barrio_codigo": 30,
        "barrio_nombre": "San Miguel Norte",
        "circuito": "397",
        "st_area(shape)": 27225.511675115,
        "st_length(shape)": 678.238017598118
      }
    },
    {
      "type": "Feature",
      "id": 299,
      "geometry": {
        "type": "Polygon",
        "coordinates": [
          [
            [-58.7062624168173, -34.5407732261351],
            [-58.7064827471422, -34.5406133141351],
            [-58.707390355433, -34.5414431699825],
            [-58.7084163232607, -34.5423689150412],
            [-58.7089157363281, -34.5428293883623],
            [-58.7091465585013, -34.5430481566006],
            [-58.708920503588, -34.5432260401764],
            [-58.7080886671706, -34.5438346768683],
            [-58.7080279285947, -34.5438881162744],
            [-58.7072868738826, -34.5432042467329],
            [-58.7063525070203, -34.542342558712],
            [-58.7062612575905, -34.5422559618345],
            [-58.7054237455642, -34.5414719093968],
            [-58.705367901831, -34.5414216266295],
            [-58.7062624168173, -34.5407732261351]
          ]
        ]
      },
      "properties": {
        "objectid": 299,
        "clave": "067602006",
        "provincia": "06",
        "partido": "760",
        "localidad": "010",
        "fraccion": "20",
        "radio": "06",
        "tot_manzanas": 3,
        "barrio_codigo": 30,
        "barrio_nombre": "San Miguel Norte",
        "circuito": "397",
        "st_area(shape)": 50440.568679735,
        "st_length(shape)": 1006.01386061943
      }
    },
    {
      "type": "Feature",
      "id": 176,
      "geometry": {
        "type": "Polygon",
        "coordinates": [
          [
            [-58.7312961332783, -34.5859974755326],
            [-58.7323473177466, -34.5852506787042],
            [-58.7336559178325, -34.5843151200679],
            [-58.7349901884874, -34.5833458747783],
            [-58.7355804078002, -34.5828857968638],
            [-58.7361006522033, -34.5824860534549],
            [-58.7373440430934, -34.5815700384961],
            [-58.7374431336669, -34.5815034612001],
            [-58.7387270803245, -34.5827200605815],
            [-58.7385011797395, -34.5828844784394],
            [-58.7374051057396, -34.5836573301431],
            [-58.7373555250705, -34.5836928718106],
            [-58.7368755759944, -34.5840516441239],
            [-58.7363868857276, -34.5844169463054],
            [-58.7357736906927, -34.5848753089641],
            [-58.7357100414829, -34.5849184955974],
            [-58.7355421935059, -34.5850486768334],
            [-58.7349167935334, -34.5854794980165],
            [-58.7336300467512, -34.586448495866],
            [-58.7325924304695, -34.5872041976579],
            [-58.7319095741977, -34.5865703900268],
            [-58.7317235517569, -34.5863987692378],
            [-58.7312961332783, -34.5859974755326]
          ]
        ]
      },
      "properties": {
        "objectid": 176,
        "clave": "067601406",
        "provincia": "06",
        "partido": "760",
        "localidad": "010",
        "fraccion": "14",
        "radio": "06",
        "tot_manzanas": 8,
        "barrio_codigo": 5,
        "barrio_nombre": "Trujui",
        "circuito": "397c",
        "st_area(shape)": 132658.683743095,
        "st_length(shape)": 1862.58774447575
      }
    },
    {
      "type": "Feature",
      "id": 169,
      "geometry": {
        "type": "Polygon",
        "coordinates": [
          [
            [-58.7169399450456, -34.5654391265952],
            [-58.7172098988796, -34.5652436633165],
            [-58.7178435113112, -34.5647816116967],
            [-58.717893157705, -34.5647415716767],
            [-58.7184530037303, -34.5643262583784],
            [-58.7190641657027, -34.5638911262763],
            [-58.7200007675677, -34.5647907327048],
            [-58.7200222107478, -34.5648134917512],
            [-58.719955878704, -34.5648758918467],
            [-58.7194545280392, -34.5652401927414],
            [-58.7205016699117, -34.566233662432],
            [-58.7214467180746, -34.5671359171594],
            [-58.7223811676551, -34.5680200263945],
            [-58.722418678556, -34.5680609805565],
            [-58.7224883909867, -34.568133819604],
            [-58.7233105350719, -34.5688815412443],
            [-58.7229872999434, -34.5691145134924],
            [-58.7226880216845, -34.5693302175062],
            [-58.7237409067031, -34.5703101994071],
            [-58.7231181779645, -34.5707723959166],
            [-58.7230465335983, -34.5708257283614],
            [-58.7224739279574, -34.5712163365332],
            [-58.7215504756029, -34.5703233295476],
            [-58.7215237211273, -34.5702915014661],
            [-58.7205784983521, -34.5693982591885],
            [-58.7205409198487, -34.5693618105973],
            [-58.7195953726252, -34.5684910915835],
            [-58.7186230245179, -34.5675930420898],
            [-58.7175593397771, -34.5666129032326],
            [-58.7165816573687, -34.5657102757392],
            [-58.7169399450456, -34.5654391265952]
          ]
        ]
      },
      "properties": {
        "objectid": 169,
        "clave": "067602802",
        "provincia": "06",
        "partido": "760",
        "localidad": "010",
        "fraccion": "28",
        "radio": "02",
        "tot_manzanas": 18,
        "barrio_codigo": 22,
        "barrio_nombre": "El Faro",
        "circuito": "400",
        "st_area(shape)": 185511.373486655,
        "st_length(shape)": 2237.90980097226
      }
    },
    {
      "type": "Feature",
      "id": 309,
      "geometry": {
        "type": "Polygon",
        "coordinates": [
          [
            [-58.7061194661324, -34.5383966085534],
            [-58.7071384213667, -34.5376592671515],
            [-58.7084823877573, -34.5366819852608],
            [-58.7085925454476, -34.5366020270892],
            [-58.7089146671433, -34.536902885516],
            [-58.7093336238958, -34.5372813822408],
            [-58.709811579035, -34.5377190899971],
            [-58.7101015250556, -34.5379880565132],
            [-58.7089170724902, -34.5388633853126],
            [-58.7086471859988, -34.5390588325351],
            [-58.7077053679555, -34.539738413773],
            [-58.707622780744, -34.539796128643],
            [-58.7068765271875, -34.5390986810781],
            [-58.7061194661324, -34.5383966085534]
          ]
        ]
      },
      "properties": {
        "objectid": 309,
        "clave": "067600209",
        "provincia": "06",
        "partido": "760",
        "localidad": "010",
        "fraccion": "02",
        "radio": "09",
        "tot_manzanas": 4,
        "barrio_codigo": 30,
        "barrio_nombre": "San Miguel Norte",
        "circuito": "397",
        "st_area(shape)": 62876.492650265,
        "st_length(shape)": 1020.1304020515
      }
    },
    {
      "type": "Feature",
      "id": 92,
      "geometry": {
        "type": "Polygon",
        "coordinates": [
          [
            [-58.6779656977185, -34.5568845233838],
            [-58.6786908327653, -34.5563604467802],
            [-58.6783325949265, -34.5559775193605],
            [-58.679130538866, -34.5554091798804],
            [-58.6797599033022, -34.5560075736521],
            [-58.6809879151118, -34.5551319185855],
            [-58.6812799162802, -34.5549232528651],
            [-58.6819324813455, -34.5555340591596],
            [-58.6826084301827, -34.556171980423],
            [-58.6819860719575, -34.5566234318003],
            [-58.6810902012257, -34.557271190326],
            [-58.6810184895482, -34.5573360780082],
            [-58.6802799005247, -34.5578824326771],
            [-58.6795897584207, -34.5584000584439],
            [-58.6786576875754, -34.5575217691769],
            [-58.6779656977185, -34.5568845233838]
          ]
        ]
      },
      "properties": {
        "objectid": 92,
        "clave": "067602205",
        "provincia": "06",
        "partido": "760",
        "localidad": "010",
        "fraccion": "22",
        "radio": "05",
        "tot_manzanas": 6,
        "barrio_codigo": 41,
        "barrio_nombre": "Bella Vista Norte",
        "circuito": "401a",
        "st_area(shape)": 81159.54560555,
        "st_length(shape)": 1291.71302571107
      }
    },
    {
      "type": "Feature",
      "id": 180,
      "geometry": {
        "type": "Polygon",
        "coordinates": [
          [
            [-58.6853342891398, -34.5586310213009],
            [-58.6853948390937, -34.5585911120387],
            [-58.6859312408807, -34.5581983441955],
            [-58.6867893363978, -34.5575560357262],
            [-58.6874894015777, -34.5570317609762],
            [-58.6881122872865, -34.5565652413294],
            [-58.6881781405272, -34.5565344012758],
            [-58.6882165490002, -34.5565167867327],
            [-58.6889992115701, -34.555934801887],
            [-58.689688144522, -34.5554239158762],
            [-58.6897689240794, -34.5553306200551],
            [-58.690474989492, -34.5559641634459],
            [-58.6896648203512, -34.5565638890087],
            [-58.6902928077177, -34.5571610211633],
            [-58.6903143113728, -34.5571792791656],
            [-58.6903786811375, -34.5572430652802],
            [-58.691634825205, -34.5584283064472],
            [-58.69142545368, -34.558579294129],
            [-58.6923324643288, -34.5594498151974],
            [-58.6911747859172, -34.5600493720038],
            [-58.6900510956854, -34.5606172947155],
            [-58.6897631282368, -34.5603686941311],
            [-58.6894195559981, -34.5600450215846],
            [-58.6887700501312, -34.5594296274926],
            [-58.6885569417754, -34.5592332068595],
            [-58.6881151779189, -34.5588096646045],
            [-58.6880436649981, -34.5588539642223],
            [-58.687266980086, -34.5594195674781],
            [-58.6866383379638, -34.5598844312504],
            [-58.6859888542886, -34.5592690228362],
            [-58.6853342891398, -34.5586310213009]
          ]
        ]
      },
      "properties": {
        "objectid": 180,
        "clave": "067600703",
        "provincia": "06",
        "partido": "760",
        "localidad": "010",
        "fraccion": "07",
        "radio": "03",
        "tot_manzanas": 16,
        "barrio_codigo": 41,
        "barrio_nombre": "Bella Vista Norte",
        "circuito": "401a",
        "st_area(shape)": 167981.984766065,
        "st_length(shape)": 2049.60412709572
      }
    },
    {
      "type": "Feature",
      "id": 292,
      "geometry": {
        "type": "Polygon",
        "coordinates": [
          [
            [-58.7067562380234, -34.5288853155543],
            [-58.7068529995978, -34.5288140728517],
            [-58.7078865125359, -34.5280580345405],
            [-58.709023463324, -34.5272222376212],
            [-58.7105274729499, -34.5287309932121],
            [-58.711364909183, -34.5295150104364],
            [-58.7120789337613, -34.5301805431328],
            [-58.7132439615283, -34.5312654547226],
            [-58.7131670394878, -34.5313097126949],
            [-58.7121478680388, -34.5320696386951],
            [-58.7117731697772, -34.5323541241168],
            [-58.7109637304833, -34.5329314721738],
            [-58.7097856578674, -34.5318493686582],
            [-58.7097811664868, -34.5317356088001],
            [-58.7090602801578, -34.5310974019224],
            [-58.7088548732646, -34.5308991398046],
            [-58.7082957451446, -34.5303755596924],
            [-58.7075549411469, -34.5296454126117],
            [-58.7067562380234, -34.5288853155543]
          ]
        ]
      },
      "properties": {
        "objectid": 292,
        "clave": "067601903",
        "provincia": "06",
        "partido": "760",
        "localidad": "010",
        "fraccion": "19",
        "radio": "03",
        "tot_manzanas": 6,
        "barrio_codigo": 30,
        "barrio_nombre": "San Miguel Norte",
        "circuito": "397",
        "st_area(shape)": 163733.94570867,
        "st_length(shape)": 1745.67839652875
      }
    },
    {
      "type": "Feature",
      "id": 236,
      "geometry": {
        "type": "Polygon",
        "coordinates": [
          [
            [-58.6897689240794, -34.5553306200551],
            [-58.6909552225691, -34.5545181194465],
            [-58.6920958089846, -34.5536875703062],
            [-58.6921894542993, -34.5536209711749],
            [-58.6931758296235, -34.5528969232395],
            [-58.6950822613774, -34.5515066816061],
            [-58.69538288658, -34.5517893180627],
            [-58.6961274205322, -34.5524755294768],
            [-58.6963156120519, -34.5526601173053],
            [-58.6968752876998, -34.5531933585664],
            [-58.6969610924351, -34.5532799042259],
            [-58.6970628860998, -34.553389153724],
            [-58.6977017269726, -34.553990871056],
            [-58.6981662940826, -34.5544448821278],
            [-58.6989872106941, -34.5552032511397],
            [-58.6990665442536, -34.5552714358583],
            [-58.6990663853897, -34.5552715630606],
            [-58.69906632035, -34.5552716119426],
            [-58.6960684446639, -34.5574010687386],
            [-58.6941968798163, -34.5587303888562],
            [-58.6936835016179, -34.5590282494047],
            [-58.6936118452369, -34.5589658129817],
            [-58.6934765280736, -34.5588342247937],
            [-58.6934457166659, -34.5588042626451],
            [-58.6923324643288, -34.5594498151974],
            [-58.69142545368, -34.558579294129],
            [-58.691634825205, -34.5584283064472],
            [-58.6903786811375, -34.5572430652802],
            [-58.6903143113728, -34.5571792791656],
            [-58.6902928077177, -34.5571610211633],
            [-58.6896648203512, -34.5565638890087],
            [-58.690474989492, -34.5559641634459],
            [-58.6897689240794, -34.5553306200551]
          ]
        ]
      },
      "properties": {
        "objectid": 236,
        "clave": "067600701",
        "provincia": "06",
        "partido": "760",
        "localidad": "010",
        "fraccion": "07",
        "radio": "01",
        "tot_manzanas": 25,
        "barrio_codigo": 41,
        "barrio_nombre": "Bella Vista Norte",
        "circuito": "401a",
        "st_area(shape)": 399465.89675548,
        "st_length(shape)": 2629.56089952743
      }
    },
    {
      "type": "Feature",
      "id": 271,
      "geometry": {
        "type": "Polygon",
        "coordinates": [
          [
            [-58.7044468075363, -34.5465227194779],
            [-58.7056921580489, -34.5455940004763],
            [-58.70575820564, -34.54554963224],
            [-58.7065096016035, -34.5462696752001],
            [-58.7055896067591, -34.5469404557074],
            [-58.7051984109231, -34.5472292511553],
            [-58.7044468075363, -34.5465227194779]
          ]
        ]
      },
      "properties": {
        "objectid": 271,
        "clave": "067602102",
        "provincia": "06",
        "partido": "760",
        "localidad": "010",
        "fraccion": "21",
        "radio": "02",
        "tot_manzanas": 1,
        "barrio_codigo": 31,
        "barrio_nombre": "Muniz Norte",
        "circuito": "400",
        "st_area(shape)": 16938.428775075,
        "st_length(shape)": 532.408404895743
      }
    },
    {
      "type": "Feature",
      "id": 263,
      "geometry": {
        "type": "Polygon",
        "coordinates": [
          [
            [-58.6606118551693, -34.5658615555029],
            [-58.6614275492385, -34.5652756074445],
            [-58.6619676350774, -34.5648894386947],
            [-58.6633289735815, -34.5639083544594],
            [-58.6639033609597, -34.5644419379705],
            [-58.6645420390091, -34.5650438233596],
            [-58.6632412609709, -34.5659850238962],
            [-58.6626073465703, -34.5664467856998],
            [-58.6618300685435, -34.5670151355038],
            [-58.6611913959402, -34.566413235313],
            [-58.6606118551693, -34.5658615555029]
          ]
        ]
      },
      "properties": {
        "objectid": 263,
        "clave": "067600611",
        "provincia": "06",
        "partido": "760",
        "localidad": "010",
        "fraccion": "06",
        "radio": "11",
        "tot_manzanas": 5,
        "barrio_codigo": 33,
        "barrio_nombre": "Barrufaldi",
        "circuito": "401a",
        "st_area(shape)": 55881.770675235,
        "st_length(shape)": 999.847801302657
      }
    },
    {
      "type": "Feature",
      "id": 22,
      "geometry": {
        "type": "Polygon",
        "coordinates": [
          [
            [-58.7441821088371, -34.5645777168414],
            [-58.7460191393261, -34.563202366812],
            [-58.7478620667041, -34.5618618406466],
            [-58.7487830663961, -34.5627187800465],
            [-58.7495975603793, -34.5634750543482],
            [-58.7496726729502, -34.5635524403177],
            [-58.750262184493, -34.5631122996143],
            [-58.750609189802, -34.5628589619981],
            [-58.7509506123347, -34.5626145790464],
            [-58.7517131129398, -34.5633569959461],
            [-58.7511238091618, -34.5637836252682],
            [-58.7510576354062, -34.5638370304692],
            [-58.750622327494, -34.5641660820375],
            [-58.7504515116573, -34.5642950323188],
            [-58.7495041501501, -34.5649838911171],
            [-58.7486117843014, -34.5656372513245],
            [-58.7485456749895, -34.5656861489198],
            [-58.7484126469752, -34.5658380179373],
            [-58.7477240421642, -34.5663447353458],
            [-58.7468646698034, -34.5669758865536],
            [-58.746798964079, -34.5669977462042],
            [-58.7460735919841, -34.5663232842387],
            [-58.7460036570572, -34.5662639766959],
            [-58.7459391694833, -34.5662047250813],
            [-58.7450848383836, -34.5654117532576],
            [-58.7441821088371, -34.5645777168414]
          ]
        ]
      },
      "properties": {
        "objectid": 22,
        "clave": "067603408",
        "provincia": "06",
        "partido": "760",
        "localidad": "010",
        "fraccion": "34",
        "radio": "08",
        "tot_manzanas": 29,
        "barrio_codigo": 7,
        "barrio_nombre": "Sarmiento",
        "circuito": "397b",
        "st_area(shape)": 180225.24247065,
        "st_length(shape)": 1934.79294057372
      }
    },
    {
      "type": "Feature",
      "id": 156,
      "geometry": {
        "type": "Polygon",
        "coordinates": [
          [
            [-58.6847925888067, -34.5487462534285],
            [-58.6848569479907, -34.5488100413959],
            [-58.6856085433963, -34.5495076789207],
            [-58.6868043498813, -34.5486281978273],
            [-58.6868245762654, -34.5487275655658],
            [-58.6873074954625, -34.5491924544118],
            [-58.6873741215444, -34.5491120479119],
            [-58.6886688505482, -34.5481750238884],
            [-58.6901729651472, -34.5470824923133],
            [-58.6902446090053, -34.5470291789775],
            [-58.6907760573565, -34.5475261227518],
            [-58.6913718757254, -34.5480868498576],
            [-58.6913541268193, -34.5481767961971],
            [-58.6898444892664, -34.5492737887515],
            [-58.6884559699447, -34.5502864344235],
            [-58.6878226718394, -34.5496847290466],
            [-58.6875342317803, -34.5499193455176],
            [-58.6874256508464, -34.5498117341409],
            [-58.6873654129098, -34.549793200688],
            [-58.687304893036, -34.5497925499626],
            [-58.6865181638698, -34.550372687576],
            [-58.6853962026833, -34.55110066322],
            [-58.685321512345, -34.551170137411],
            [-58.6850272317025, -34.5508831237179],
            [-58.6844546986485, -34.5503458903064],
            [-58.6836367534597, -34.5495816811913],
            [-58.6847925888067, -34.5487462534285]
          ]
        ]
      },
      "properties": {
        "objectid": 156,
        "clave": "067600506",
        "provincia": "06",
        "partido": "760",
        "localidad": "010",
        "fraccion": "05",
        "radio": "06",
        "tot_manzanas": 6,
        "barrio_codigo": 41,
        "barrio_nombre": "Bella Vista Norte",
        "circuito": "401a",
        "st_area(shape)": 110995.904531335,
        "st_length(shape)": 1987.24594026749
      }
    },
    {
      "type": "Feature",
      "id": 197,
      "geometry": {
        "type": "Polygon",
        "coordinates": [
          [
            [-58.7203906859983, -34.5361268276739],
            [-58.7221365187264, -34.5348561519626],
            [-58.7222356332781, -34.5347850794217],
            [-58.722885455417, -34.5343141522954],
            [-58.7232763925252, -34.5340343082491],
            [-58.7236454101829, -34.5337632484181],
            [-58.7245530477794, -34.533077909377],
            [-58.7244823165475, -34.5338258557217],
            [-58.7252027411911, -34.5344915996419],
            [-58.7253680175588, -34.5343671328888],
            [-58.726138984444, -34.5338073145285],
            [-58.7271215127165, -34.5347324515974],
            [-58.72678551681, -34.5349813328952],
            [-58.7269571553225, -34.5351368839343],
            [-58.7245664132198, -34.5368732694308],
            [-58.7226689869114, -34.5382512757439],
            [-58.7225009216918, -34.5380958823457],
            [-58.7218565704786, -34.5374942350004],
            [-58.7215236460473, -34.5371842842656],
            [-58.7211961004529, -34.5368788958258],
            [-58.7203906859983, -34.5361268276739]
          ]
        ]
      },
      "properties": {
        "objectid": 197,
        "clave": "067600903",
        "provincia": "06",
        "partido": "760",
        "localidad": "010",
        "fraccion": "09",
        "radio": "03",
        "tot_manzanas": 9,
        "barrio_codigo": 30,
        "barrio_nombre": "San Miguel Norte",
        "circuito": "397",
        "st_area(shape)": 161185.621230835,
        "st_length(shape)": 1847.91169542137
      }
    },
    {
      "type": "Feature",
      "id": 135,
      "geometry": {
        "type": "Polygon",
        "coordinates": [
          [
            [-58.69538288658, -34.5517893180627],
            [-58.6960551961491, -34.5512917368373],
            [-58.6966668182378, -34.5508430790343],
            [-58.6969093293824, -34.5506608877471],
            [-58.6976014168833, -34.551339790074],
            [-58.697664148831, -34.5514028464689],
            [-58.6984933803849, -34.5521241946009],
            [-58.6981847014224, -34.5523600466068],
            [-58.6969610924351, -34.5532799042259],
            [-58.6968752876998, -34.5531933585664],
            [-58.6963156120519, -34.5526601173053],
            [-58.6961274205322, -34.5524755294768],
            [-58.69538288658, -34.5517893180627]
          ]
        ]
      },
      "properties": {
        "objectid": 135,
        "clave": "067602112",
        "provincia": "06",
        "partido": "760",
        "localidad": "010",
        "fraccion": "21",
        "radio": "12",
        "tot_manzanas": 3,
        "barrio_codigo": 31,
        "barrio_nombre": "Muniz Norte",
        "circuito": "400",
        "st_area(shape)": 40920.947401215,
        "st_length(shape)": 816.195480277795
      }
    },
    {
      "type": "Feature",
      "id": 227,
      "geometry": {
        "type": "Polygon",
        "coordinates": [
          [
            [-58.7600031877612, -34.5513541037012],
            [-58.7605044152828, -34.5509806174071],
            [-58.7616940989896, -34.5500958245929],
            [-58.7633920546028, -34.5488261856821],
            [-58.7633922144615, -34.5488260575033],
            [-58.7634256444639, -34.5488570004896],
            [-58.764333225959, -34.5497004257012],
            [-58.7652390748656, -34.5505452563156],
            [-58.766163981744, -34.551405961342],
            [-58.7652766566936, -34.5520475277385],
            [-58.7644449954624, -34.5526655670166],
            [-58.7639265498705, -34.5530514864481],
            [-58.7636774449839, -34.5532369122337],
            [-58.7635967825929, -34.5532969543112],
            [-58.7627485580419, -34.5539283344825],
            [-58.7618053538795, -34.5530820990902],
            [-58.7609273916491, -34.5522107772666],
            [-58.7600031877612, -34.5513541037012]
          ]
        ]
      },
      "properties": {
        "objectid": 227,
        "clave": "067601702",
        "provincia": "06",
        "partido": "760",
        "localidad": "010",
        "fraccion": "17",
        "radio": "02",
        "tot_manzanas": 6,
        "barrio_codigo": 7,
        "barrio_nombre": "Sarmiento",
        "circuito": "397b",
        "st_area(shape)": 160227.806648905,
        "st_length(shape)": 1603.11862873744
      }
    },
    {
      "type": "Feature",
      "id": 282,
      "geometry": {
        "type": "Polygon",
        "coordinates": [
          [
            [-58.7141007999097, -34.5495587329131],
            [-58.7152246173402, -34.5487368004547],
            [-58.7159628327542, -34.548194732704],
            [-58.7163429667381, -34.547914799788],
            [-58.7172973743816, -34.547198828497],
            [-58.7183135975471, -34.5481262929491],
            [-58.7193431315469, -34.5490504824238],
            [-58.7200626220872, -34.5497295469729],
            [-58.7201648564166, -34.5498117420051],
            [-58.719702136414, -34.5501494097359],
            [-58.7191238684295, -34.5505642951219],
            [-58.7180171448761, -34.5513828013957],
            [-58.7175927098995, -34.5516958751255],
            [-58.7174901929297, -34.5517716128274],
            [-58.7169147050119, -34.552184275782],
            [-58.7161144958265, -34.5514412492169],
            [-58.7155351296662, -34.5508974244883],
            [-58.7150996405115, -34.550488643771],
            [-58.7141007999097, -34.5495587329131]
          ]
        ]
      },
      "properties": {
        "objectid": 282,
        "clave": "067600805",
        "provincia": "06",
        "partido": "760",
        "localidad": "010",
        "fraccion": "08",
        "radio": "05",
        "tot_manzanas": 9,
        "barrio_codigo": 39,
        "barrio_nombre": "San Miguel Oeste",
        "circuito": "397",
        "st_area(shape)": 154312.717680505,
        "st_length(shape)": 1572.16170887764
      }
    },
    {
      "type": "Feature",
      "id": 173,
      "geometry": {
        "type": "Polygon",
        "coordinates": [
          [
            [-58.7197962746207, -34.5294189120435],
            [-58.720322210505, -34.5299246852],
            [-58.7203705246218, -34.5299702600924],
            [-58.7204242836335, -34.5300158920198],
            [-58.7209614624363, -34.5304992459672],
            [-58.7216386883043, -34.5300150903951],
            [-58.7227402481344, -34.529201862989],
            [-58.7228008289541, -34.5291574279779],
            [-58.7233914330575, -34.529708933092],
            [-58.721557301583, -34.5310643352249],
            [-58.7208799287422, -34.5315575014402],
            [-58.7197178038124, -34.5324106379297],
            [-58.7191917174129, -34.5319138743626],
            [-58.7191111471866, -34.5318409195166],
            [-58.7189715119407, -34.5317132636064],
            [-58.718531378168, -34.531294015493],
            [-58.7181128687674, -34.5315960883757],
            [-58.7166753557668, -34.5326491119611],
            [-58.7162350906633, -34.5322388680385],
            [-58.7161008350772, -34.5321157714072],
            [-58.7179623694331, -34.530756234543],
            [-58.7179899392164, -34.5307339896917],
            [-58.7189371553326, -34.530045367958],
            [-58.7197192886693, -34.5294676804096],
            [-58.7197962746207, -34.5294189120435]
          ]
        ]
      },
      "properties": {
        "objectid": 173,
        "clave": "067601908",
        "provincia": "06",
        "partido": "760",
        "localidad": "010",
        "fraccion": "19",
        "radio": "08",
        "tot_manzanas": 5,
        "barrio_codigo": 30,
        "barrio_nombre": "San Miguel Norte",
        "circuito": "397",
        "st_area(shape)": 91436.37535039,
        "st_length(shape)": 1842.82547886292
      }
    },
    {
      "type": "Feature",
      "id": 149,
      "geometry": {
        "type": "Polygon",
        "coordinates": [
          [
            [-58.6907788716284, -34.5449121966625],
            [-58.6898986242812, -34.5440825128291],
            [-58.6898556943392, -34.5440414906817],
            [-58.6889969651458, -34.5432300577784],
            [-58.6889325362153, -34.5431707780355],
            [-58.6881668507934, -34.5424454301569],
            [-58.6880632598943, -34.5423423238909],
            [-58.6881880410244, -34.542252092122],
            [-58.688449566757, -34.5420702045476],
            [-58.689144376942, -34.5415869677281],
            [-58.6900975001183, -34.5408913502475],
            [-58.6901619063926, -34.54097788467],
            [-58.6910243798852, -34.5417555457026],
            [-58.691603431488, -34.542284201595],
            [-58.6918835387153, -34.5425399272783],
            [-58.6919372896218, -34.5425855714895],
            [-58.6915349650156, -34.5428877251828],
            [-58.6914743578997, -34.5429321439818],
            [-58.6923547515911, -34.5437528045403],
            [-58.6924085035199, -34.5437984485586],
            [-58.691631354554, -34.5443850230355],
            [-58.6909037710083, -34.5449360700955],
            [-58.6908486783698, -34.5449760408444],
            [-58.6907788716284, -34.5449121966625]
          ]
        ]
      },
      "properties": {
        "objectid": 149,
        "clave": "067600309",
        "provincia": "06",
        "partido": "760",
        "localidad": "010",
        "fraccion": "03",
        "radio": "09",
        "tot_manzanas": 8,
        "barrio_codigo": 31,
        "barrio_nombre": "Muniz Norte",
        "circuito": "400",
        "st_area(shape)": 88163.23676505,
        "st_length(shape)": 1267.81549219066
      }
    },
    {
      "type": "Feature",
      "id": 311,
      "geometry": {
        "type": "Polygon",
        "coordinates": [
          [
            [-58.6559323426559, -34.5663949028981],
            [-58.6559327876344, -34.5663939289226],
            [-58.6559591888888, -34.5663184252969],
            [-58.655998599473, -34.5662358432298],
            [-58.6560135551629, -34.5662045054242],
            [-58.6560144383729, -34.5662029765302],
            [-58.6561622483445, -34.5659631245935],
            [-58.6561634033048, -34.5659615680439],
            [-58.6564329697356, -34.5656384582992],
            [-58.6565436858417, -34.5655362388426],
            [-58.6568491915383, -34.565766054931],
            [-58.6569579470408, -34.5660086905706],
            [-58.6569588158683, -34.5660106299401],
            [-58.6575430677027, -34.565979623031],
            [-58.6581929378317, -34.5658620281624],
            [-58.6581566075357, -34.5659937941428],
            [-58.6581525852591, -34.5661067551099],
            [-58.6581662609656, -34.5661908517278],
            [-58.6582269726193, -34.5661848860545],
            [-58.6583269313287, -34.5662027609699],
            [-58.6584268900835, -34.5662206358043],
            [-58.6586093940999, -34.5663073775307],
            [-58.6587321578821, -34.5664649321763],
            [-58.6587328640772, -34.5664667561752],
            [-58.6587330032098, -34.566467116445],
            [-58.6588567984492, -34.5667862274766],
            [-58.6588575319119, -34.5667882536788],
            [-58.6588576216661, -34.5667884998347],
            [-58.6589835901787, -34.5671361346841],
            [-58.6591939361253, -34.5675021349403],
            [-58.6593714105916, -34.5676710242415],
            [-58.6595569523526, -34.5677863421847],
            [-58.659653674112, -34.5679543856524],
            [-58.6601414788125, -34.5682553504162],
            [-58.6608577979873, -34.5677380395032],
            [-58.6610827496657, -34.5679223323044],
            [-58.6611243892805, -34.5679689251535],
            [-58.6612398693858, -34.5680981389115],
            [-58.6614263149972, -34.568320450788],
            [-58.6614544852362, -34.5683540397178],
            [-58.661590002202, -34.5684987121721],
            [-58.6617459047369, -34.5685861851126],
            [-58.661757631675, -34.5685927647216],
            [-58.6618501577123, -34.5686359114265],
            [-58.6619426838468, -34.5686790580633],
            [-58.6621004759715, -34.5687873113774],
            [-58.66212919296, -34.5688042093699],
            [-58.6621677147495, -34.568826876266],
            [-58.6615348533388, -34.5692815660273],
            [-58.6614434299125, -34.5693373787625],
            [-58.661127336494, -34.569530138427],
            [-58.6611266831784, -34.5695305846438],
            [-58.6605975816698, -34.5692069475492],
            [-58.6596475197735, -34.5685848033211],
            [-58.6585559961524, -34.5678859751729],
            [-58.6578566293789, -34.567438552441],
            [-58.6570844442028, -34.567001791674],
            [-58.6565167273787, -34.5666937762809],
            [-58.6559323426559, -34.5663949028981]
          ]
        ]
      },
      "properties": {
        "objectid": 311,
        "clave": "067600613",
        "provincia": "06",
        "partido": "760",
        "localidad": "010",
        "fraccion": "06",
        "radio": "13",
        "tot_manzanas": 1,
        "barrio_codigo": 33,
        "barrio_nombre": "Barrufaldi",
        "circuito": "401a",
        "st_area(shape)": 66185.929368805,
        "st_length(shape)": 1614.21666668645
      }
    },
    {
      "type": "Feature",
      "id": 269,
      "geometry": {
        "type": "Polygon",
        "coordinates": [
          [
            [-58.7019314133562, -34.5454053482818],
            [-58.7027356608431, -34.5448235014229],
            [-58.7037604281877, -34.5458258885293],
            [-58.7029890627322, -34.5463945708341],
            [-58.7019314133562, -34.5454053482818]
          ]
        ]
      },
      "properties": {
        "objectid": 269,
        "clave": "067602105",
        "provincia": "06",
        "partido": "760",
        "localidad": "010",
        "fraccion": "21",
        "radio": "05",
        "tot_manzanas": 1,
        "barrio_codigo": 31,
        "barrio_nombre": "Muniz Norte",
        "circuito": "400",
        "st_area(shape)": 14092.07712504,
        "st_length(shape)": 485.137696605525
      }
    },
    {
      "type": "Feature",
      "id": 73,
      "geometry": {
        "type": "Polygon",
        "coordinates": [
          [
            [-58.6795662485657, -34.5820631191223],
            [-58.6796167800667, -34.582028530891],
            [-58.6799473071866, -34.5817893715188],
            [-58.6806552045021, -34.5812824929971],
            [-58.6808331496392, -34.5811434945064],
            [-58.6809334116311, -34.5810650053422],
            [-58.6812139464012, -34.5811836647267],
            [-58.6815578550106, -34.5814893355168],
            [-58.6816268195441, -34.5816986039135],
            [-58.6819731185843, -34.5823673202796],
            [-58.6830056806117, -34.5831209997737],
            [-58.6833843760593, -34.5834252075629],
            [-58.6832717066215, -34.5835023227527],
            [-58.6830008180298, -34.5836904958686],
            [-58.6826128768819, -34.5839763307774],
            [-58.682543995954, -34.584025888413],
            [-58.6821039863062, -34.584320707588],
            [-58.681822031382, -34.5844596866627],
            [-58.6808930815207, -34.5831305049577],
            [-58.680583603484, -34.583314810518],
            [-58.6805536486788, -34.5832719749091],
            [-58.6803714250058, -34.5830339041377],
            [-58.680197342951, -34.5828281168168],
            [-58.6795692528496, -34.5820665164057],
            [-58.6795662485657, -34.5820631191223]
          ]
        ]
      },
      "properties": {
        "objectid": 73,
        "clave": "067601310",
        "provincia": "06",
        "partido": "760",
        "localidad": "010",
        "fraccion": "13",
        "radio": "10",
        "tot_manzanas": 6,
        "barrio_codigo": 35,
        "barrio_nombre": "Obligado",
        "circuito": "402",
        "st_area(shape)": 57432.023157985,
        "st_length(shape)": 1078.95027954161
      }
    },
    {
      "type": "Feature",
      "id": 261,
      "geometry": {
        "type": "Polygon",
        "coordinates": [
          [
            [-58.6746309031839, -34.5562397555394],
            [-58.6753908133825, -34.5556611336712],
            [-58.6761217079989, -34.5551169082165],
            [-58.6768804298195, -34.555882279035],
            [-58.6779656977185, -34.5568845233838],
            [-58.6786576875754, -34.5575217691769],
            [-58.6795897584207, -34.5584000584439],
            [-58.6809386349462, -34.5596336865437],
            [-58.6808670454025, -34.5596824878815],
            [-58.6802003104283, -34.5601620158872],
            [-58.6794068669524, -34.5607303047141],
            [-58.6792887480022, -34.5606208641451],
            [-58.6786607447349, -34.5600281829442],
            [-58.6780542529085, -34.5594537587796],
            [-58.6773660011384, -34.5588207847218],
            [-58.6771632349761, -34.5586148543533],
            [-58.6767469090788, -34.5582469919082],
            [-58.6761380712332, -34.5576482980072],
            [-58.6754724880728, -34.5570236454094],
            [-58.6753061468715, -34.5568641019593],
            [-58.6748711278858, -34.5564717954272],
            [-58.6746309031839, -34.5562397555394]
          ]
        ]
      },
      "properties": {
        "objectid": 261,
        "clave": "067602204",
        "provincia": "06",
        "partido": "760",
        "localidad": "010",
        "fraccion": "22",
        "radio": "04",
        "tot_manzanas": 10,
        "barrio_codigo": 41,
        "barrio_nombre": "Bella Vista Norte",
        "circuito": "401a",
        "st_area(shape)": 122116.89139982,
        "st_length(shape)": 1703.17148347436
      }
    },
    {
      "type": "Feature",
      "id": 103,
      "geometry": {
        "type": "Polygon",
        "coordinates": [
          [
            [-58.7162145269425, -34.5291243690266],
            [-58.717963498679, -34.5278403135417],
            [-58.7180295947043, -34.5277914319465],
            [-58.7185020300885, -34.5282335551296],
            [-58.718609474875, -34.5283293266739],
            [-58.7192056967772, -34.5288673900857],
            [-58.7195225218792, -34.5291591508013],
            [-58.7197962746207, -34.5294189120435],
            [-58.7197192886693, -34.5294676804096],
            [-58.7189371553326, -34.530045367958],
            [-58.7179899392164, -34.5307339896917],
            [-58.7179623694331, -34.530756234543],
            [-58.7173402690936, -34.5301794480281],
            [-58.7167798344922, -34.5296539815219],
            [-58.7162145269425, -34.5291243690266]
          ]
        ]
      },
      "properties": {
        "objectid": 103,
        "clave": "067601907",
        "provincia": "06",
        "partido": "760",
        "localidad": "010",
        "fraccion": "19",
        "radio": "07",
        "tot_manzanas": 3,
        "barrio_codigo": 30,
        "barrio_nombre": "San Miguel Norte",
        "circuito": "397",
        "st_area(shape)": 54206.628303525,
        "st_length(shape)": 931.988934918316
      }
    },
    {
      "type": "Feature",
      "id": 280,
      "geometry": {
        "type": "Polygon",
        "coordinates": [
          [
            [-58.7253095616897, -34.5815351538724],
            [-58.7254619160921, -34.5814327032683],
            [-58.7255103025776, -34.5814001654566],
            [-58.7260491526092, -34.5810332376507],
            [-58.7269004353263, -34.5818818383489],
            [-58.7269340079971, -34.581915304766],
            [-58.7271925025526, -34.5821729812939],
            [-58.7273926940298, -34.5823725367429],
            [-58.7276000117806, -34.5825793122],
            [-58.7278948719207, -34.5828458356664],
            [-58.7279460366818, -34.582892083584],
            [-58.7281445332631, -34.5830969598399],
            [-58.7282035722486, -34.5831561639254],
            [-58.7286871259169, -34.5836073776709],
            [-58.7292303522802, -34.584092995943],
            [-58.7294063136312, -34.5842727262591],
            [-58.7276293358902, -34.5854516081332],
            [-58.7286280881918, -34.5863510571982],
            [-58.7286104140946, -34.586406546779],
            [-58.7278699162353, -34.5869702694786],
            [-58.7265756948429, -34.5878698733991],
            [-58.7254109877297, -34.5886794240089],
            [-58.7253393290438, -34.5887327573401],
            [-58.7252732566058, -34.5887771353408],
            [-58.7233720964229, -34.5901543713234],
            [-58.7239300274796, -34.5906265804309],
            [-58.7236835118462, -34.5908156230944],
            [-58.7235482640738, -34.5909006815739],
            [-58.7234325218196, -34.59083553156],
            [-58.7223220860858, -34.5907237151664],
            [-58.7219301862468, -34.5906842494595],
            [-58.720275231318, -34.5891845135215],
            [-58.7202108143616, -34.5891207424448],
            [-58.7201624671564, -34.5890751671631],
            [-58.7197341182273, -34.5886756608125],
            [-58.7185385173111, -34.5875605362226],
            [-58.7184285364441, -34.587457956111],
            [-58.7183332433092, -34.5873662284621],
            [-58.7184434847662, -34.5865014928889],
            [-58.7222436332411, -34.5837912035152],
            [-58.7223654123829, -34.5837043449408],
            [-58.7228630738984, -34.5833458680604],
            [-58.7234842084048, -34.5828984432842],
            [-58.7234939806943, -34.5828914039923],
            [-58.7235381653482, -34.5828595765768],
            [-58.7240934071721, -34.5824444456802],
            [-58.7247030498567, -34.5819886333121],
            [-58.7247116244325, -34.5819822222732],
            [-58.7253095616897, -34.5815351538724]
          ]
        ]
      },
      "properties": {
        "objectid": 280,
        "clave": "067603101",
        "provincia": "06",
        "partido": "760",
        "localidad": "010",
        "fraccion": "31",
        "radio": "01",
        "tot_manzanas": 20,
        "barrio_codigo": 42,
        "barrio_nombre": "Bella Vista Oeste",
        "circuito": "402",
        "st_area(shape)": 570535.839607305,
        "st_length(shape)": 3247.25386271867
      }
    },
    {
      "type": "Feature",
      "id": 42,
      "geometry": {
        "type": "Polygon",
        "coordinates": [
          [
            [-58.7312404151097, -34.569063382441],
            [-58.7315434445696, -34.5688411909802],
            [-58.7326659466778, -34.5699074505246],
            [-58.7335919144845, -34.5707495763115],
            [-58.7324362639664, -34.571578470298],
            [-58.7333574279366, -34.5724519741301],
            [-58.7323028315008, -34.5732252280608],
            [-58.7314077602641, -34.572363826178],
            [-58.7305429225953, -34.5715799551611],
            [-58.7304623050759, -34.5715070072077],
            [-58.729408323157, -34.570503381247],
            [-58.7294417642603, -34.570371513169],
            [-58.7304268828589, -34.5696417008204],
            [-58.7308301723579, -34.5693613873582],
            [-58.7312404151097, -34.569063382441]
          ]
        ]
      },
      "properties": {
        "objectid": 42,
        "clave": "067601503",
        "provincia": "06",
        "partido": "760",
        "localidad": "010",
        "fraccion": "15",
        "radio": "03",
        "tot_manzanas": 5,
        "barrio_codigo": 8,
        "barrio_nombre": "Mitre",
        "circuito": "397c",
        "st_area(shape)": 92578.243232705,
        "st_length(shape)": 1355.67963819865
      }
    },
    {
      "type": "Feature",
      "id": 189,
      "geometry": {
        "type": "Polygon",
        "coordinates": [
          [
            [-58.68398656755, -34.557397044253],
            [-58.6854190410913, -34.5563605017212],
            [-58.6854688392348, -34.5563114629625],
            [-58.6861690434636, -34.5557781835173],
            [-58.6868468146948, -34.5552852208871],
            [-58.6870837718151, -34.5551120035646],
            [-58.6883396967386, -34.5542241418769],
            [-58.6884284650252, -34.5541214386916],
            [-58.6885197798942, -34.5542035425586],
            [-58.6889175768978, -34.5545413204576],
            [-58.6897689240794, -34.5553306200551],
            [-58.689688144522, -34.5554239158762],
            [-58.6889992115701, -34.555934801887],
            [-58.6882165490002, -34.5565167867327],
            [-58.6881781405272, -34.5565344012758],
            [-58.6881122872865, -34.5565652413294],
            [-58.6874894015777, -34.5570317609762],
            [-58.6867893363978, -34.5575560357262],
            [-58.6859312408807, -34.5581983441955],
            [-58.6853948390937, -34.5585911120387],
            [-58.6853342891398, -34.5586310213009],
            [-58.6846581593222, -34.5579792634907],
            [-58.68398656755, -34.557397044253]
          ]
        ]
      },
      "properties": {
        "objectid": 189,
        "clave": "067600702",
        "provincia": "06",
        "partido": "760",
        "localidad": "010",
        "fraccion": "07",
        "radio": "02",
        "tot_manzanas": 7,
        "barrio_codigo": 41,
        "barrio_nombre": "Bella Vista Norte",
        "circuito": "401a",
        "st_area(shape)": 100496.78563804,
        "st_length(shape)": 1461.46857103042
      }
    },
    {
      "type": "Feature",
      "id": 239,
      "geometry": {
        "type": "Polygon",
        "coordinates": [
          [
            [-58.7120743382056, -34.5690068589712],
            [-58.7128598328876, -34.5684613424275],
            [-58.7138488928664, -34.5694627339881],
            [-58.7146802957789, -34.5702374152679],
            [-58.714890917041, -34.5704336629505],
            [-58.7157385478173, -34.5712216841617],
            [-58.7158470521524, -34.5713225565664],
            [-58.7167332891656, -34.572152119106],
            [-58.7167815557092, -34.5722022017116],
            [-58.7168404405222, -34.5722704232507],
            [-58.7186722742082, -34.5739707124585],
            [-58.7188709355315, -34.5741620848222],
            [-58.7195850459078, -34.5748501091962],
            [-58.7204227743961, -34.5756145896045],
            [-58.7212143177276, -34.5763601060204],
            [-58.7207810477907, -34.5766966375697],
            [-58.720539986353, -34.5769634980743],
            [-58.7219987255473, -34.578406644144],
            [-58.7233523078029, -34.5797456982971],
            [-58.7243145760323, -34.580650206867],
            [-58.7253095616897, -34.5815351538724],
            [-58.7247116244325, -34.5819822222732],
            [-58.7247030498567, -34.5819886333121],
            [-58.7240934071721, -34.5824444456802],
            [-58.7235381653482, -34.5828595765768],
            [-58.7234939806943, -34.5828914039923],
            [-58.7234842084048, -34.5828984432842],
            [-58.7228630738984, -34.5833458680604],
            [-58.7223654123829, -34.5837043449408],
            [-58.7222436332411, -34.5837912035152],
            [-58.7184434847662, -34.5865014928889],
            [-58.7178641334368, -34.5869146636949],
            [-58.7161101845266, -34.5882244648971],
            [-58.7156826478721, -34.5885306899762],
            [-58.7142611825617, -34.5896884414044],
            [-58.7136831989125, -34.5901192673585],
            [-58.713216913108, -34.5904668279108],
            [-58.7131923735565, -34.5904851191636],
            [-58.712274718301, -34.5911691086991],
            [-58.7093549707334, -34.5889621213972],
            [-58.7116485205328, -34.587074460511],
            [-58.7118056107512, -34.5868417555922],
            [-58.7122102618393, -34.5862544693413],
            [-58.7122256320132, -34.5860210360552],
            [-58.7105496303832, -34.5844506840944],
            [-58.7105639999981, -34.5842848282552],
            [-58.7134094306253, -34.5822223900951],
            [-58.7145314520251, -34.581480244174],
            [-58.7149984794838, -34.581201946098],
            [-58.7163250078102, -34.5800983467481],
            [-58.7167644512128, -34.5795986098118],
            [-58.7141236916104, -34.5772463623224],
            [-58.7144134106489, -34.5770311211999],
            [-58.7144626498317, -34.5770181194117],
            [-58.7144304481557, -34.5769862324346],
            [-58.713533497433, -34.576143020048],
            [-58.7121316336145, -34.5748302720897],
            [-58.7114227547069, -34.574160287333],
            [-58.7113689731167, -34.5741146512392],
            [-58.7112248972228, -34.5739774726909],
            [-58.7103111602011, -34.5731074712543],
            [-58.7094896531876, -34.5723236155159],
            [-58.709446699338, -34.5722825999026],
            [-58.7089043681349, -34.571767593759],
            [-58.7086036971591, -34.5714804827959],
            [-58.7089454130981, -34.5712272099237],
            [-58.7092967355465, -34.5709793061299],
            [-58.7097125396674, -34.5706858979502],
            [-58.7099641983631, -34.57052590594],
            [-58.7100192983028, -34.5704859268871],
            [-58.7113065658577, -34.5695997177559],
            [-58.7120743382056, -34.5690068589712]
          ]
        ]
      },
      "properties": {
        "objectid": 239,
        "clave": "067601211",
        "provincia": "06",
        "partido": "760",
        "localidad": "010",
        "fraccion": "12",
        "radio": "11",
        "tot_manzanas": 65,
        "barrio_codigo": 42,
        "barrio_nombre": "Bella Vista Oeste",
        "circuito": "402",
        "st_area(shape)": 1581612.34377011,
        "st_length(shape)": 7072.85521776133
      }
    },
    {
      "type": "Feature",
      "id": 161,
      "geometry": {
        "type": "Polygon",
        "coordinates": [
          [
            [-58.6872759025377, -34.5529886125382],
            [-58.6881117924682, -34.5523960669304],
            [-58.6887977579101, -34.5519061066234],
            [-58.6895832560496, -34.5513441217559],
            [-58.6894060776542, -34.5511799740462],
            [-58.6908055627073, -34.5501629285108],
            [-58.6923978817971, -34.5490037142478],
            [-58.6924515654481, -34.5490538643489],
            [-58.6930262558358, -34.5495737957532],
            [-58.6934988864364, -34.550002495723],
            [-58.694475642369, -34.5509368431671],
            [-58.6945132726893, -34.5509687933836],
            [-58.6950822613774, -34.5515066816061],
            [-58.6931758296235, -34.5528969232395],
            [-58.6921894542993, -34.5536209711749],
            [-58.6920958089846, -34.5536875703062],
            [-58.6909552225691, -34.5545181194465],
            [-58.6897689240794, -34.5553306200551],
            [-58.6889175768978, -34.5545413204576],
            [-58.6885197798942, -34.5542035425586],
            [-58.6884284650252, -34.5541214386916],
            [-58.6878541274019, -34.553578955642],
            [-58.6877575090704, -34.5534877815308],
            [-58.6872759025377, -34.5529886125382]
          ]
        ]
      },
      "properties": {
        "objectid": 161,
        "clave": "067600511",
        "provincia": "06",
        "partido": "760",
        "localidad": "010",
        "fraccion": "05",
        "radio": "11",
        "tot_manzanas": 15,
        "barrio_codigo": 41,
        "barrio_nombre": "Bella Vista Norte",
        "circuito": "401a",
        "st_area(shape)": 234284.37398096,
        "st_length(shape)": 2033.92773135826
      }
    },
    {
      "type": "Feature",
      "id": 221,
      "geometry": {
        "type": "Polygon",
        "coordinates": [
          [
            [-58.7281445332631, -34.5830969598399],
            [-58.7284365203413, -34.582888181766],
            [-58.7291950751273, -34.5823185784545],
            [-58.7304895077643, -34.581369160771],
            [-58.7310607015518, -34.581875166029],
            [-58.7316062584667, -34.582375583224],
            [-58.7323667666796, -34.5831229438923],
            [-58.7310438859551, -34.5840872364074],
            [-58.7300166288635, -34.5848319330524],
            [-58.7294063136312, -34.5842727262591],
            [-58.7292303522802, -34.584092995943],
            [-58.7286871259169, -34.5836073776709],
            [-58.7282035722486, -34.5831561639254],
            [-58.7281445332631, -34.5830969598399]
          ]
        ]
      },
      "properties": {
        "objectid": 221,
        "clave": "067601402",
        "provincia": "06",
        "partido": "760",
        "localidad": "010",
        "fraccion": "14",
        "radio": "02",
        "tot_manzanas": 6,
        "barrio_codigo": 6,
        "barrio_nombre": "La Guarida",
        "circuito": "397c",
        "st_area(shape)": 74972.714994015,
        "st_length(shape)": 1093.36433009067
      }
    },
    {
      "type": "Feature",
      "id": 121,
      "geometry": {
        "type": "Polygon",
        "coordinates": [
          [
            [-58.7065096016035, -34.5462696752001],
            [-58.7073175019809, -34.5470586437101],
            [-58.7084712268664, -34.5462183327016],
            [-58.7089229376749, -34.5458896048954],
            [-58.7095343131742, -34.5454498920057],
            [-58.7096335205214, -34.5453743242289],
            [-58.7101371278387, -34.5458314081501],
            [-58.7102399386399, -34.5459278257408],
            [-58.7105116618278, -34.5461826528072],
            [-58.708161701946, -34.5478582089669],
            [-58.706054251152, -34.5493607538418],
            [-58.7060533993816, -34.5493614487821],
            [-58.7059887932691, -34.549301759591],
            [-58.7058033447213, -34.5491274406133],
            [-58.705688140007, -34.549019148538],
            [-58.7052210363467, -34.5485815399783],
            [-58.704501678838, -34.5479023916472],
            [-58.7044381431568, -34.5477845396413],
            [-58.7051984109231, -34.5472292511553],
            [-58.7055896067591, -34.5469404557074],
            [-58.7065096016035, -34.5462696752001]
          ]
        ]
      },
      "properties": {
        "objectid": 121,
        "clave": "067602103",
        "provincia": "06",
        "partido": "760",
        "localidad": "010",
        "fraccion": "21",
        "radio": "03",
        "tot_manzanas": 7,
        "barrio_codigo": 31,
        "barrio_nombre": "Muniz Norte",
        "circuito": "400",
        "st_area(shape)": 93066.811459295,
        "st_length(shape)": 1542.44844841988
      }
    },
    {
      "type": "Feature",
      "id": 117,
      "geometry": {
        "type": "Polygon",
        "coordinates": [
          [
            [-58.7204760487857, -34.5229627750826],
            [-58.7211216672943, -34.5235829021402],
            [-58.7221142395271, -34.5228285534469],
            [-58.7223042298489, -34.522687349991],
            [-58.7230289681927, -34.5221630763646],
            [-58.7241516526558, -34.5213726206224],
            [-58.7245018065048, -34.5217113728063],
            [-58.7247576401028, -34.5219406092487],
            [-58.7249252996074, -34.5220943963266],
            [-58.7251383746339, -34.5222933744214],
            [-58.7253095524755, -34.522451994818],
            [-58.7253093786486, -34.5224521101824],
            [-58.7235587043747, -34.5237436039525],
            [-58.7234981279599, -34.523788039474],
            [-58.7234154986504, -34.5238502719151],
            [-58.7217469007089, -34.5250722039393],
            [-58.7216973491422, -34.5251077402003],
            [-58.721112094698, -34.5245652967576],
            [-58.7205859098305, -34.524077551774],
            [-58.7205214722868, -34.5240182874481],
            [-58.7198997066345, -34.5233856934267],
            [-58.7204760487857, -34.5229627750826]
          ]
        ]
      },
      "properties": {
        "objectid": 117,
        "clave": "067600104",
        "provincia": "06",
        "partido": "760",
        "localidad": "010",
        "fraccion": "01",
        "radio": "04",
        "tot_manzanas": 5,
        "barrio_codigo": 29,
        "barrio_nombre": "Maria Rosa Mistica",
        "circuito": "397",
        "st_area(shape)": 78667.09198052,
        "st_length(shape)": 1388.90089015275
      }
    },
    {
      "type": "Feature",
      "id": 88,
      "geometry": {
        "type": "Polygon",
        "coordinates": [
          [
            [-58.6868760067377, -34.5854045702278],
            [-58.6875409713532, -34.5849210434786],
            [-58.6882783173069, -34.5844230742893],
            [-58.6890127057912, -34.5838816375669],
            [-58.6896354348704, -34.583437646723],
            [-58.690263605581, -34.5829937109947],
            [-58.6914018157494, -34.5840785397735],
            [-58.690761953355, -34.5844995180468],
            [-58.6901480782123, -34.5849237165583],
            [-58.6902688647533, -34.5850894266234],
            [-58.6909647353406, -34.5857779255996],
            [-58.6896458904883, -34.586749740547],
            [-58.688299620251, -34.5876886932912],
            [-58.6877560240512, -34.5871761094255],
            [-58.6871577982133, -34.5866147243905],
            [-58.6868760067377, -34.5854045702278]
          ]
        ]
      },
      "properties": {
        "objectid": 88,
        "clave": "067602903",
        "provincia": "06",
        "partido": "760",
        "localidad": "010",
        "fraccion": "29",
        "radio": "03",
        "tot_manzanas": 9,
        "barrio_codigo": 35,
        "barrio_nombre": "Obligado",
        "circuito": "402",
        "st_area(shape)": 110348.74412322,
        "st_length(shape)": 1458.07718523635
      }
    },
    {
      "type": "Feature",
      "id": 188,
      "geometry": {
        "type": "Polygon",
        "coordinates": [
          [
            [-58.7353195116948, -34.5577719170827],
            [-58.7362966286449, -34.5570676939954],
            [-58.7371188967759, -34.5564242799754],
            [-58.7380816304866, -34.5561996767061],
            [-58.7383184872454, -34.5560263576467],
            [-58.7388917099096, -34.5565429956471],
            [-58.739398358549, -34.5570245129665],
            [-58.7398926527228, -34.5574803008523],
            [-58.7399409252518, -34.5575303745346],
            [-58.7404942549788, -34.5580453584844],
            [-58.7405425281917, -34.5580954319391],
            [-58.7396173542455, -34.5587574023061],
            [-58.7387747508512, -34.5593616304033],
            [-58.738697611386, -34.5594194224395],
            [-58.7377721359469, -34.5600994026269],
            [-58.7371650308766, -34.559468071035],
            [-58.736493475963, -34.5588837563686],
            [-58.7364941238405, -34.5588738398909],
            [-58.735927441707, -34.5583470027407],
            [-58.7353195116948, -34.5577719170827]
          ]
        ]
      },
      "properties": {
        "objectid": 188,
        "clave": "067602703",
        "provincia": "06",
        "partido": "760",
        "localidad": "010",
        "fraccion": "27",
        "radio": "03",
        "tot_manzanas": 12,
        "barrio_codigo": 13,
        "barrio_nombre": "Colibri",
        "circuito": "397a",
        "st_area(shape)": 112576.72022537,
        "st_length(shape)": 1331.80894977659
      }
    },
    {
      "type": "Feature",
      "id": 257,
      "geometry": {
        "type": "Polygon",
        "coordinates": [
          [
            [-58.7406044455719, -34.5413350931532],
            [-58.7414799307229, -34.5407041462008],
            [-58.7415680096032, -34.5406419587992],
            [-58.7423224572065, -34.5400908816424],
            [-58.7431789613308, -34.5394857681546],
            [-58.7431791144364, -34.5394856552561],
            [-58.7431825181882, -34.5394887856091],
            [-58.7440862270045, -34.5403255914254],
            [-58.744836815044, -34.5410101412502],
            [-58.7455937880993, -34.5417240656984],
            [-58.7447616220933, -34.5423897948321],
            [-58.7439320791738, -34.5430133103085],
            [-58.7430321239227, -34.5436045244727],
            [-58.7422640232394, -34.542889038392],
            [-58.7420815129009, -34.5427113904222],
            [-58.7415068281242, -34.542173659055],
            [-58.7406743562684, -34.5413944034877],
            [-58.7406044455719, -34.5413350931532]
          ]
        ]
      },
      "properties": {
        "objectid": 257,
        "clave": "067601010",
        "provincia": "06",
        "partido": "760",
        "localidad": "010",
        "fraccion": "10",
        "radio": "10",
        "tot_manzanas": 12,
        "barrio_codigo": 15,
        "barrio_nombre": "Parque San Miguel",
        "circuito": "397a",
        "st_area(shape)": 106164.290400875,
        "st_length(shape)": 1296.87630633545
      }
    },
    {
      "type": "Feature",
      "id": 125,
      "geometry": {
        "type": "Polygon",
        "coordinates": [
          [
            [-58.7469326521446, -34.5609914947622],
            [-58.7470153020468, -34.5609292480939],
            [-58.7487971216551, -34.5596431873635],
            [-58.7506561141945, -34.5582783047472],
            [-58.7521268384122, -34.5571778278719],
            [-58.753061984009, -34.5580301650358],
            [-58.7539590872031, -34.5588775999602],
            [-58.7548831741592, -34.5597433310698],
            [-58.7534179760429, -34.5608235422808],
            [-58.7526524467235, -34.5613790776649],
            [-58.7518838541983, -34.5619362190592],
            [-58.7515344615168, -34.5621878955113],
            [-58.7509506123347, -34.5626145790464],
            [-58.750609189802, -34.5628589619981],
            [-58.750262184493, -34.5631122996143],
            [-58.7496726729502, -34.5635524403177],
            [-58.7495975603793, -34.5634750543482],
            [-58.7487830663961, -34.5627187800465],
            [-58.7478620667041, -34.5618618406466],
            [-58.7477975810805, -34.5618025900174],
            [-58.7469326521446, -34.5609914947622]
          ]
        ]
      },
      "properties": {
        "objectid": 125,
        "clave": "067603407",
        "provincia": "06",
        "partido": "760",
        "localidad": "010",
        "fraccion": "34",
        "radio": "07",
        "tot_manzanas": 11,
        "barrio_codigo": 7,
        "barrio_nombre": "Sarmiento",
        "circuito": "397b",
        "st_area(shape)": 241979.474304265,
        "st_length(shape)": 2036.02819279559
      }
    },
    {
      "type": "Feature",
      "id": 113,
      "geometry": {
        "type": "Polygon",
        "coordinates": [
          [
            [-58.6900975001183, -34.5408913502475],
            [-58.6906592226318, -34.5404813791898],
            [-58.6925536389077, -34.5390510363517],
            [-58.693166968058, -34.5385974668659],
            [-58.6932758535392, -34.5386849597754],
            [-58.6941049652862, -34.5394494906853],
            [-58.695017670947, -34.5402930121199],
            [-58.694158046169, -34.5409328041209],
            [-58.6933921795975, -34.5414969779301],
            [-58.6933260585083, -34.5415458455101],
            [-58.6919372896218, -34.5425855714895],
            [-58.6918835387153, -34.5425399272783],
            [-58.691603431488, -34.542284201595],
            [-58.6910243798852, -34.5417555457026],
            [-58.6901619063926, -34.54097788467],
            [-58.6900975001183, -34.5408913502475]
          ]
        ]
      },
      "properties": {
        "objectid": 113,
        "clave": "067600308",
        "provincia": "06",
        "partido": "760",
        "localidad": "010",
        "fraccion": "03",
        "radio": "08",
        "tot_manzanas": 7,
        "barrio_codigo": 31,
        "barrio_nombre": "Muniz Norte",
        "circuito": "400",
        "st_area(shape)": 96426.70604857,
        "st_length(shape)": 1266.56237141572
      }
    },
    {
      "type": "Feature",
      "id": 40,
      "geometry": {
        "type": "Polygon",
        "coordinates": [
          [
            [-58.7115352813214, -34.5587436420011],
            [-58.711595959333, -34.5586947072697],
            [-58.7124388841387, -34.5580816587416],
            [-58.7133202709577, -34.5574464763131],
            [-58.713375430986, -34.5574019893386],
            [-58.7140751249383, -34.5568910766308],
            [-58.7144112477595, -34.5566422348943],
            [-58.7144718532389, -34.5565978047532],
            [-58.7151438161184, -34.5561181415357],
            [-58.71546883182, -34.5558827003946],
            [-58.7162582535685, -34.5566211108301],
            [-58.7171570443574, -34.5574274299601],
            [-58.7181752299404, -34.558430467906],
            [-58.7172334018743, -34.559101105193],
            [-58.7171508014592, -34.5591588260509],
            [-58.7168095051804, -34.5593895934789],
            [-58.7165563254217, -34.5595581916021],
            [-58.7156967268364, -34.5601936264693],
            [-58.7153179049796, -34.5604761253398],
            [-58.7146717006721, -34.5609580114856],
            [-58.7146110920568, -34.5610024416267],
            [-58.7139075452325, -34.5603460485666],
            [-58.7132853333876, -34.5597797496409],
            [-58.7130909473712, -34.5596028289403],
            [-58.7126487960535, -34.5597304053756],
            [-58.7115943611014, -34.5587983476066],
            [-58.7115352813214, -34.5587436420011]
          ]
        ]
      },
      "properties": {
        "objectid": 40,
        "clave": "067601201",
        "provincia": "06",
        "partido": "760",
        "localidad": "010",
        "fraccion": "12",
        "radio": "01",
        "tot_manzanas": 12,
        "barrio_codigo": 24,
        "barrio_nombre": "Santa Clara",
        "circuito": "400",
        "st_area(shape)": 170204.747719495,
        "st_length(shape)": 1692.91934216543
      }
    },
    {
      "type": "Feature",
      "id": 240,
      "geometry": {
        "type": "Polygon",
        "coordinates": [
          [
            [-58.6822700795646, -34.5608739179832],
            [-58.6830195754457, -34.5603276702591],
            [-58.6836974035913, -34.5598347258538],
            [-58.683751010851, -34.5597923782923],
            [-58.6844114870495, -34.5604237060761],
            [-58.6850779882541, -34.561043904821],
            [-58.6857253962284, -34.5616544742582],
            [-58.6863729080446, -34.562259036551],
            [-58.6856500481153, -34.5627987123813],
            [-58.6849887601013, -34.5632783250081],
            [-58.6848606716354, -34.5633524864168],
            [-58.683901111704, -34.5638479796725],
            [-58.6831599474424, -34.5642095436628],
            [-58.6821023922058, -34.5632156462758],
            [-58.682747140835, -34.5627493914377],
            [-58.6836069383369, -34.5621187012346],
            [-58.682935815556, -34.5614940289413],
            [-58.6822700795646, -34.5608739179832]
          ]
        ]
      },
      "properties": {
        "objectid": 240,
        "clave": "067600705",
        "provincia": "06",
        "partido": "760",
        "localidad": "010",
        "fraccion": "07",
        "radio": "05",
        "tot_manzanas": 10,
        "barrio_codigo": 41,
        "barrio_nombre": "Bella Vista Norte",
        "circuito": "401a",
        "st_area(shape)": 95907.99336176,
        "st_length(shape)": 1428.76524810399
      }
    },
    {
      "type": "Feature",
      "id": 328,
      "geometry": {
        "type": "Polygon",
        "coordinates": [
          [
            [-58.7315701849414, -34.5340621545909],
            [-58.732264057634, -34.5335555794412],
            [-58.7329293865469, -34.5330316653718],
            [-58.7335508401965, -34.5325799810631],
            [-58.7341591580231, -34.5321317637086],
            [-58.7347841404432, -34.5316754592945],
            [-58.7347843244188, -34.5316753214877],
            [-58.7348179512153, -34.5317067943248],
            [-58.7354179981541, -34.5322646396944],
            [-58.7360274576172, -34.5328297247768],
            [-58.7362327024705, -34.5330225725574],
            [-58.7362325225915, -34.5330227275348],
            [-58.7356241615552, -34.5334946194295],
            [-58.7349958096363, -34.5339460940923],
            [-58.7343888394426, -34.5343907400879],
            [-58.7336988800025, -34.5348938173935],
            [-58.7329990190568, -34.5354032814149],
            [-58.7321553683661, -34.5346180685108],
            [-58.7315701849414, -34.5340621545909]
          ]
        ]
      },
      "properties": {
        "objectid": 328,
        "clave": "067601003",
        "provincia": "06",
        "partido": "760",
        "localidad": "010",
        "fraccion": "10",
        "radio": "03",
        "tot_manzanas": 10,
        "barrio_codigo": 27,
        "barrio_nombre": "San Jorge",
        "circuito": "397",
        "st_area(shape)": 79681.50491407,
        "st_length(shape)": 1192.44799903791
      }
    },
    {
      "type": "Feature",
      "id": 43,
      "geometry": {
        "type": "Polygon",
        "coordinates": [
          [
            [-58.7146110920568, -34.5610024416267],
            [-58.7146717006721, -34.5609580114856],
            [-58.7153179049796, -34.5604761253398],
            [-58.7156967268364, -34.5601936264693],
            [-58.7165563254217, -34.5595581916021],
            [-58.7168095051804, -34.5593895934789],
            [-58.7171508014592, -34.5591588260509],
            [-58.7172334018743, -34.559101105193],
            [-58.7181752299404, -34.558430467906],
            [-58.7187321735582, -34.5590035394834],
            [-58.718838419654, -34.5591128611349],
            [-58.7195859576136, -34.5598027777833],
            [-58.7199143359015, -34.5601058383174],
            [-58.7199306798779, -34.5601209228427],
            [-58.7202369817021, -34.5604014701002],
            [-58.7203357508467, -34.5604919338814],
            [-58.7207598006464, -34.5608803234667],
            [-58.7217839181214, -34.561818296234],
            [-58.7203337631076, -34.5629689589019],
            [-58.7202951509759, -34.563000101961],
            [-58.7200213128495, -34.5631986439946],
            [-58.7196946620156, -34.563435474076],
            [-58.7190641657027, -34.5638911262763],
            [-58.7184530037303, -34.5643262583784],
            [-58.717893157705, -34.5647415716767],
            [-58.7178435113112, -34.5647816116967],
            [-58.7172098988796, -34.5652436633165],
            [-58.7169399450456, -34.5654391265952],
            [-58.7163492088761, -34.5648830826439],
            [-58.7157530334777, -34.5643269786478],
            [-58.7151515575821, -34.5637618023213],
            [-58.7145607768511, -34.5632102562083],
            [-58.7140238480368, -34.5626998370457],
            [-58.7132716863066, -34.5620158862933],
            [-58.7133489147005, -34.5619536046929],
            [-58.7146110920568, -34.5610024416267]
          ]
        ]
      },
      "properties": {
        "objectid": 43,
        "clave": "067601203",
        "provincia": "06",
        "partido": "760",
        "localidad": "010",
        "fraccion": "12",
        "radio": "03",
        "tot_manzanas": 33,
        "barrio_codigo": 40,
        "barrio_nombre": "Muniz Oeste",
        "circuito": "400",
        "st_area(shape)": 304176.316887465,
        "st_length(shape)": 2208.88005933157
      }
    },
    {
      "type": "Feature",
      "id": 196,
      "geometry": {
        "type": "Polygon",
        "coordinates": [
          [
            [-58.709023463324, -34.5272222376212],
            [-58.7091491561274, -34.5271298363255],
            [-58.7100812173136, -34.5264471154345],
            [-58.7108997916233, -34.5258544125869],
            [-58.7117039016856, -34.5265981503929],
            [-58.7124771024105, -34.5273093727359],
            [-58.713245080586, -34.5280070155565],
            [-58.7140560049126, -34.5287456666845],
            [-58.7150052313997, -34.5280397622577],
            [-58.7156245150198, -34.5285944950292],
            [-58.7162145269425, -34.5291243690266],
            [-58.7143782172784, -34.5304571554773],
            [-58.7143397569354, -34.5304792848449],
            [-58.7142682810514, -34.5305236008707],
            [-58.7132989652153, -34.5312299794615],
            [-58.7132439615283, -34.5312654547226],
            [-58.7120789337613, -34.5301805431328],
            [-58.711364909183, -34.5295150104364],
            [-58.7105274729499, -34.5287309932121],
            [-58.709023463324, -34.5272222376212]
          ]
        ]
      },
      "properties": {
        "objectid": 196,
        "clave": "067601902",
        "provincia": "06",
        "partido": "760",
        "localidad": "010",
        "fraccion": "19",
        "radio": "02",
        "tot_manzanas": 7,
        "barrio_codigo": 29,
        "barrio_nombre": "Maria Rosa Mistica",
        "circuito": "397",
        "st_area(shape)": 160859.540221985,
        "st_length(shape)": 1897.52606612204
      }
    },
    {
      "type": "Feature",
      "id": 120,
      "geometry": {
        "type": "Polygon",
        "coordinates": [
          [
            [-58.7186722742082, -34.5739707124585],
            [-58.7187384763359, -34.5739173264405],
            [-58.7193224969366, -34.5734953083639],
            [-58.7199285094693, -34.573059997566],
            [-58.7214537338701, -34.571954990175],
            [-58.7217742299288, -34.5717227885906],
            [-58.7224409670286, -34.5712340188496],
            [-58.7224739279574, -34.5712163365332],
            [-58.7226726596795, -34.5714031967166],
            [-58.723363476591, -34.5720702160262],
            [-58.7236791069612, -34.572626113479],
            [-58.7237048193336, -34.5726713984162],
            [-58.7237635724942, -34.5727486289674],
            [-58.7240428549078, -34.5730129444969],
            [-58.7248109197287, -34.5737291802153],
            [-58.723984270547, -34.574350858513],
            [-58.7239359295135, -34.5743052856636],
            [-58.7231944796247, -34.5736215071549],
            [-58.7229851244083, -34.5737725490386],
            [-58.7229300271915, -34.5738125331022],
            [-58.7223350575923, -34.5742389608249],
            [-58.7216904312838, -34.5747054269146],
            [-58.7210843464139, -34.5751452523933],
            [-58.7218739955637, -34.5758836302693],
            [-58.7217858644556, -34.575945802865],
            [-58.7212143177276, -34.5763601060204],
            [-58.7204227743961, -34.5756145896045],
            [-58.7195850459078, -34.5748501091962],
            [-58.7188709355315, -34.5741620848222],
            [-58.7186722742082, -34.5739707124585]
          ]
        ]
      },
      "properties": {
        "objectid": 120,
        "clave": "067602804",
        "provincia": "06",
        "partido": "760",
        "localidad": "010",
        "fraccion": "28",
        "radio": "04",
        "tot_manzanas": 20,
        "barrio_codigo": 20,
        "barrio_nombre": "Cuartel 2do Candido Castello",
        "circuito": "397c",
        "st_area(shape)": 131266.5754607,
        "st_length(shape)": 1829.07328079287
      }
    },
    {
      "type": "Feature",
      "id": 291,
      "geometry": {
        "type": "Polygon",
        "coordinates": [
          [
            [-58.7318822627806, -34.5375730196559],
            [-58.7323088024116, -34.5372518964107],
            [-58.7331265292623, -34.536658842289],
            [-58.7332070757894, -34.5367336860703],
            [-58.7338720406374, -34.5373585651399],
            [-58.7346085905264, -34.5380506993255],
            [-58.7352977287236, -34.53868022897],
            [-58.7363278105443, -34.5379196665827],
            [-58.7364184230948, -34.5378395771864],
            [-58.7365208468356, -34.5378230224363],
            [-58.7366142782406, -34.5378380803568],
            [-58.7373695011244, -34.538571617448],
            [-58.7381782648786, -34.5393360407641],
            [-58.7373796891918, -34.5399226898307],
            [-58.7369743291941, -34.540212740637],
            [-58.736564628359, -34.5405181775362],
            [-58.7357054460404, -34.5411492567497],
            [-58.734913320232, -34.5403834041957],
            [-58.7340273923519, -34.5396048760351],
            [-58.7333802762848, -34.5389618688782],
            [-58.7333427725058, -34.5389209180636],
            [-58.7326419689924, -34.5382936442083],
            [-58.7318822627806, -34.5375730196559]
          ]
        ]
      },
      "properties": {
        "objectid": 291,
        "clave": "067602512",
        "provincia": "06",
        "partido": "760",
        "localidad": "010",
        "fraccion": "25",
        "radio": "12",
        "tot_manzanas": 7,
        "barrio_codigo": 25,
        "barrio_nombre": "Santa Anita",
        "circuito": "397",
        "st_area(shape)": 115726.31311474,
        "st_length(shape)": 1662.99916892313
      }
    },
    {
      "type": "Feature",
      "id": 15,
      "geometry": {
        "type": "Polygon",
        "coordinates": [
          [
            [-58.6908486783698, -34.5449760408444],
            [-58.6909037710083, -34.5449360700955],
            [-58.691631354554, -34.5443850230355],
            [-58.6924085035199, -34.5437984485586],
            [-58.6924729343424, -34.5438577274175],
            [-58.6932988197005, -34.5446823043484],
            [-58.6933416812556, -34.5447278314058],
            [-58.6934059736751, -34.5447961219651],
            [-58.693883532984, -34.5452564210421],
            [-58.6943664729568, -34.5457212826545],
            [-58.6944310484883, -34.5457715483774],
            [-58.6943702295723, -34.5458294868226],
            [-58.6936706545658, -34.5463312737899],
            [-58.6929544516935, -34.5468509068205],
            [-58.6928882555508, -34.5469042800966],
            [-58.6928275756791, -34.5469532055661],
            [-58.6921170902245, -34.547454867399],
            [-58.6913900478876, -34.5479698670729],
            [-58.6913718757254, -34.5480868498576],
            [-58.6907760573565, -34.5475261227518],
            [-58.6902446090053, -34.5470291789775],
            [-58.6897668485047, -34.5465823842342],
            [-58.6897078623745, -34.5465231624039],
            [-58.6896380552732, -34.5464593175758],
            [-58.6893105937679, -34.546153845847],
            [-58.6900878449155, -34.5455627809703],
            [-58.6901539710957, -34.545513915291],
            [-58.6908486783698, -34.5449760408444]
          ]
        ]
      },
      "properties": {
        "objectid": 15,
        "clave": "067600311",
        "provincia": "06",
        "partido": "760",
        "localidad": "010",
        "fraccion": "03",
        "radio": "11",
        "tot_manzanas": 12,
        "barrio_codigo": 31,
        "barrio_nombre": "Muniz Norte",
        "circuito": "400",
        "st_area(shape)": 108370.06090045,
        "st_length(shape)": 1343.33889852442
      }
    },
    {
      "type": "Feature",
      "id": 226,
      "geometry": {
        "type": "Polygon",
        "coordinates": [
          [
            [-58.7268204579817, -34.5741596449253],
            [-58.727685500694, -34.5735286973412],
            [-58.7277461118702, -34.5734842608428],
            [-58.7285504606895, -34.5729022484815],
            [-58.7293935368252, -34.5737132444132],
            [-58.7294580865698, -34.5737679984477],
            [-58.7303229701885, -34.5745792141736],
            [-58.7303766256681, -34.5746338543912],
            [-58.7312087716947, -34.575449230193],
            [-58.7312624967779, -34.5754993639147],
            [-58.730463655977, -34.5760769443148],
            [-58.7304140085309, -34.5761169893607],
            [-58.7303423640047, -34.5761703251438],
            [-58.7295545444968, -34.5767390003743],
            [-58.7294900610219, -34.576679740245],
            [-58.7286521293707, -34.5758868268257],
            [-58.7277336627782, -34.5750164520354],
            [-58.7276853203797, -34.5749708797327],
            [-58.7268204579817, -34.5741596449253]
          ]
        ]
      },
      "properties": {
        "objectid": 226,
        "clave": "067601505",
        "provincia": "06",
        "partido": "760",
        "localidad": "010",
        "fraccion": "15",
        "radio": "05",
        "tot_manzanas": 6,
        "barrio_codigo": 8,
        "barrio_nombre": "Mitre",
        "circuito": "397c",
        "st_area(shape)": 80068.809050315,
        "st_length(shape)": 1181.29858789283
      }
    },
    {
      "type": "Feature",
      "id": 210,
      "geometry": {
        "type": "Polygon",
        "coordinates": [
          [
            [-58.6980555109551, -34.5630984162289],
            [-58.6983738953877, -34.5628665537989],
            [-58.6988545109689, -34.5625165438323],
            [-58.6992264577039, -34.5622455917917],
            [-58.6995984009307, -34.561974639441],
            [-58.7003314576846, -34.5614281081823],
            [-58.7003978012179, -34.5613657189863],
            [-58.701086571257, -34.5608637806641],
            [-58.7017436756209, -34.5603766237434],
            [-58.7032799980051, -34.5592376048648],
            [-58.7036724972956, -34.5596061635118],
            [-58.7039887561053, -34.5599031281169],
            [-58.7046437572416, -34.5605230085691],
            [-58.7056713230951, -34.5614193393973],
            [-58.706644761585, -34.5623006933833],
            [-58.7058160164004, -34.5629195510511],
            [-58.7051107049377, -34.563434861955],
            [-58.7048576856143, -34.5636176524086],
            [-58.7042354228373, -34.5640671949843],
            [-58.7036781978711, -34.5644697446049],
            [-58.7036173711762, -34.5645276873226],
            [-58.7030750556071, -34.5640171626534],
            [-58.7027583010929, -34.5637163470344],
            [-58.7026509007372, -34.5636160553845],
            [-58.7025596316333, -34.5635294555864],
            [-58.7016898282199, -34.5627089801514],
            [-58.7009347704939, -34.563268804861],
            [-58.7001798439857, -34.5638196133788],
            [-58.6993908544519, -34.5644013612034],
            [-58.6987092294448, -34.5637279868723],
            [-58.6980555109551, -34.5630984162289]
          ]
        ]
      },
      "properties": {
        "objectid": 210,
        "clave": "067602412",
        "provincia": "06",
        "partido": "760",
        "localidad": "010",
        "fraccion": "24",
        "radio": "12",
        "tot_manzanas": 19,
        "barrio_codigo": 42,
        "barrio_nombre": "Bella Vista Oeste",
        "circuito": "401a",
        "st_area(shape)": 221150.31460932,
        "st_length(shape)": 2214.66161335389
      }
    },
    {
      "type": "Feature",
      "id": 48,
      "geometry": {
        "type": "Polygon",
        "coordinates": [
          [
            [-58.6856442409768, -34.5776551707262],
            [-58.6862781227173, -34.5772015807641],
            [-58.6868635256852, -34.5767468059771],
            [-58.6880500726468, -34.5778682400941],
            [-58.6889735929034, -34.5787389630957],
            [-58.6895909764386, -34.5782859006264],
            [-58.6903640240957, -34.5790243009264],
            [-58.6912713797413, -34.5798858197254],
            [-58.6906595823295, -34.5803299368779],
            [-58.6900532972231, -34.5807696032187],
            [-58.6894359680436, -34.5812181614422],
            [-58.6885122746947, -34.5803564536417],
            [-58.6877444662877, -34.5796316185603],
            [-58.6868175242194, -34.5787349192336],
            [-58.6856442409768, -34.5776551707262]
          ]
        ]
      },
      "properties": {
        "objectid": 48,
        "clave": "067601304",
        "provincia": "06",
        "partido": "760",
        "localidad": "010",
        "fraccion": "13",
        "radio": "04",
        "tot_manzanas": 10,
        "barrio_codigo": 35,
        "barrio_nombre": "Obligado",
        "circuito": "402",
        "st_area(shape)": 96486.321739635,
        "st_length(shape)": 1506.14725938104
      }
    },
    {
      "type": "Feature",
      "id": 187,
      "geometry": {
        "type": "Polygon",
        "coordinates": [
          [
            [-58.683982237972, -34.5479758684235],
            [-58.6832682952074, -34.5473101758179],
            [-58.6824621776788, -34.5465524636767],
            [-58.6823765285171, -34.5464680098531],
            [-58.6834914436047, -34.5456501576853],
            [-58.6836420340813, -34.5455396894534],
            [-58.684908742065, -34.5446070247274],
            [-58.6853738195852, -34.5442766253073],
            [-58.6864451761599, -34.5434997543017],
            [-58.6865605239388, -34.5435869494887],
            [-58.687426567678, -34.5443849592035],
            [-58.6881780747034, -34.5450870861385],
            [-58.6873735849314, -34.5456778468373],
            [-58.6870154336707, -34.5459398976694],
            [-58.6866792758476, -34.5461886644184],
            [-58.6865969512951, -34.5462283393642],
            [-58.6864316646192, -34.5463482454768],
            [-58.6863656772856, -34.5463880969376],
            [-58.6862997607094, -34.5464234422956],
            [-58.6855835126353, -34.5469430310094],
            [-58.6852368800657, -34.5471646390135],
            [-58.6851708915262, -34.5472044897954],
            [-58.6840359168987, -34.5480260221157],
            [-58.683982237972, -34.5479758684235]
          ]
        ]
      },
      "properties": {
        "objectid": 187,
        "clave": "067600501",
        "provincia": "06",
        "partido": "760",
        "localidad": "010",
        "fraccion": "05",
        "radio": "01",
        "tot_manzanas": 8,
        "barrio_codigo": 41,
        "barrio_nombre": "Bella Vista Norte",
        "circuito": "401a",
        "st_area(shape)": 117616.84114218,
        "st_length(shape)": 1467.09645541049
      }
    },
    {
      "type": "Feature",
      "id": 298,
      "geometry": {
        "type": "Polygon",
        "coordinates": [
          [
            [-58.7263595060233, -34.5903294934819],
            [-58.72684853181, -34.58996914776],
            [-58.7274181146692, -34.5895832302035],
            [-58.727945686631, -34.5891692982993],
            [-58.7292384651014, -34.5903129070423],
            [-58.7298357143363, -34.5908744862316],
            [-58.7304186619458, -34.5914553165113],
            [-58.7314875532246, -34.5923724630037],
            [-58.7314909542065, -34.5923755972535],
            [-58.7297941259554, -34.5936292562517],
            [-58.7297907371142, -34.5936261130681],
            [-58.7287660398128, -34.5926556432729],
            [-58.7275759095089, -34.5915538796091],
            [-58.7271315454428, -34.5911298111582],
            [-58.7280206070601, -34.5910215093933],
            [-58.7273859876921, -34.5904537161004],
            [-58.7266012078276, -34.5905555725541],
            [-58.7263595060233, -34.5903294934819]
          ]
        ]
      },
      "properties": {
        "objectid": 298,
        "clave": "067603105",
        "provincia": "06",
        "partido": "760",
        "localidad": "010",
        "fraccion": "31",
        "radio": "05",
        "tot_manzanas": 11,
        "barrio_codigo": 36,
        "barrio_nombre": "San Ambrosio",
        "circuito": "402",
        "st_area(shape)": 92357.078774685,
        "st_length(shape)": 1529.58888537505
      }
    },
    {
      "type": "Feature",
      "id": 57,
      "geometry": {
        "type": "Polygon",
        "coordinates": [
          [
            [-58.7435069194954, -34.5725208331585],
            [-58.7442892273409, -34.5719475023353],
            [-58.7448645558696, -34.5715047528879],
            [-58.7455411569947, -34.571033902997],
            [-58.7456169941228, -34.5709696513344],
            [-58.7462176103962, -34.5705206319604],
            [-58.7468732362215, -34.5700361195347],
            [-58.7478618556111, -34.5709382822225],
            [-58.7484102175005, -34.5714535187195],
            [-58.7484918617627, -34.5715311418273],
            [-58.749121931032, -34.5721203798728],
            [-58.7478427464763, -34.5730882134163],
            [-58.7465194152931, -34.5740075186487],
            [-58.7452852380527, -34.574918737218],
            [-58.7452246348683, -34.574963182599],
            [-58.744899758898, -34.5751896910739],
            [-58.7448006139946, -34.5752607809329],
            [-58.7446907098107, -34.5753227463533],
            [-58.744580872141, -34.5753802046111],
            [-58.7444603418774, -34.5754240331361],
            [-58.7443398792551, -34.5754633553923],
            [-58.7442523747408, -34.5754849892759],
            [-58.7439195143719, -34.5755176186449],
            [-58.7438116608155, -34.5747187990189],
            [-58.7437671727442, -34.5744163825461],
            [-58.7436984980249, -34.5739109099796],
            [-58.7435069194954, -34.5725208331585]
          ]
        ]
      },
      "properties": {
        "objectid": 57,
        "clave": "067601606",
        "provincia": "06",
        "partido": "760",
        "localidad": "010",
        "fraccion": "16",
        "radio": "06",
        "tot_manzanas": 14,
        "barrio_codigo": 4,
        "barrio_nombre": "Los Paraisos",
        "circuito": "397c",
        "st_area(shape)": 160167.99244435,
        "st_length(shape)": 1673.97709981111
      }
    },
    {
      "type": "Feature",
      "id": 81,
      "geometry": {
        "type": "Polygon",
        "coordinates": [
          [
            [-58.6913718757254, -34.5480868498576],
            [-58.6913900478876, -34.5479698670729],
            [-58.6921170902245, -34.547454867399],
            [-58.6928275756791, -34.5469532055661],
            [-58.6928882555508, -34.5469042800966],
            [-58.6929544516935, -34.5468509068205],
            [-58.6936706545658, -34.5463312737899],
            [-58.6946322925918, -34.5473146142801],
            [-58.6944910862616, -34.5474975338863],
            [-58.6951348167451, -34.5481406479917],
            [-58.6955266045513, -34.5485143941635],
            [-58.6963962028097, -34.5493349106795],
            [-58.6964821448544, -34.5494124444769],
            [-58.6974162723201, -34.5502877248002],
            [-58.6969093293824, -34.5506608877471],
            [-58.6966668182378, -34.5508430790343],
            [-58.6960551961491, -34.5512917368373],
            [-58.69538288658, -34.5517893180627],
            [-58.6950822613774, -34.5515066816061],
            [-58.6945132726893, -34.5509687933836],
            [-58.694475642369, -34.5509368431671],
            [-58.6934988864364, -34.550002495723],
            [-58.6930262558358, -34.5495737957532],
            [-58.6924515654481, -34.5490538643489],
            [-58.6923978817971, -34.5490037142478],
            [-58.6923225540645, -34.5489443186306],
            [-58.6913718757254, -34.5480868498576]
          ]
        ]
      },
      "properties": {
        "objectid": 81,
        "clave": "067600313",
        "provincia": "06",
        "partido": "760",
        "localidad": "010",
        "fraccion": "03",
        "radio": "13",
        "tot_manzanas": 13,
        "barrio_codigo": 31,
        "barrio_nombre": "Muniz Norte",
        "circuito": "400",
        "st_area(shape)": 144307.185604095,
        "st_length(shape)": 1666.64064437247
      }
    },
    {
      "type": "Feature",
      "id": 61,
      "geometry": {
        "type": "Polygon",
        "coordinates": [
          [
            [-58.751964691178, -34.574771953306],
            [-58.7520169981054, -34.5747398847414],
            [-58.7531740251983, -34.5738818903294],
            [-58.7537800039426, -34.5734373953351],
            [-58.7552068872259, -34.5723838356163],
            [-58.7552620356639, -34.5723393295448],
            [-58.7559837352732, -34.571805866314],
            [-58.7566502787209, -34.5713169053338],
            [-58.7571984901071, -34.5718227487847],
            [-58.7573543920256, -34.5719640486833],
            [-58.7578909990181, -34.5724668072085],
            [-58.7578944960762, -34.5724698705034],
            [-58.7573369832617, -34.5728863433159],
            [-58.7564529199375, -34.5735364164317],
            [-58.7563855021873, -34.5735860448895],
            [-58.7557906048841, -34.5740291849818],
            [-58.7550213724273, -34.5746021727015],
            [-58.7544035291366, -34.5750442262341],
            [-58.7538057525889, -34.57549363561],
            [-58.7532225628027, -34.5759312667488],
            [-58.7532039750432, -34.5759450562005],
            [-58.7532004702987, -34.5759419990043],
            [-58.752482676829, -34.5752989872561],
            [-58.7524235593918, -34.5752443007626],
            [-58.751964691178, -34.574771953306]
          ]
        ]
      },
      "properties": {
        "objectid": 61,
        "clave": "067603303",
        "provincia": "06",
        "partido": "760",
        "localidad": "010",
        "fraccion": "33",
        "radio": "03",
        "tot_manzanas": 13,
        "barrio_codigo": 2,
        "barrio_nombre": "La Estrella",
        "circuito": "397b",
        "st_area(shape)": 99442.35588003,
        "st_length(shape)": 1498.44163592734
      }
    },
    {
      "type": "Feature",
      "id": 19,
      "geometry": {
        "type": "Polygon",
        "coordinates": [
          [
            [-58.712274718301, -34.5911691086991],
            [-58.7131923735565, -34.5904851191636],
            [-58.713216913108, -34.5904668279108],
            [-58.7136831989125, -34.5901192673585],
            [-58.7142611825617, -34.5896884414044],
            [-58.7156826478721, -34.5885306899762],
            [-58.7161101845266, -34.5882244648971],
            [-58.717198396441, -34.5892284004562],
            [-58.7172976879657, -34.5893200006497],
            [-58.7170959930495, -34.5896784255736],
            [-58.7167464872892, -34.5900803629711],
            [-58.7165886872275, -34.5901494260713],
            [-58.7167922163475, -34.5901704457055],
            [-58.7184831774793, -34.590345067721],
            [-58.7186731805212, -34.5905963595061],
            [-58.7179059361132, -34.5911616294104],
            [-58.7168164918824, -34.5919642576841],
            [-58.7167563544132, -34.5920126999393],
            [-58.7166783801349, -34.5920711138251],
            [-58.7149776443078, -34.5933445748251],
            [-58.7149672482753, -34.5933960223733],
            [-58.7149089576807, -34.5936844943437],
            [-58.7148445068397, -34.5936229744353],
            [-58.7147918473495, -34.5935727096221],
            [-58.714688739161, -34.593474859533],
            [-58.7134747179154, -34.5923308593947],
            [-58.7129949067376, -34.5918663469205],
            [-58.7125895663549, -34.5914739260519],
            [-58.712274718301, -34.5911691086991]
          ]
        ]
      },
      "properties": {
        "objectid": 19,
        "clave": "067603202",
        "provincia": "06",
        "partido": "760",
        "localidad": "010",
        "fraccion": "32",
        "radio": "02",
        "tot_manzanas": 5,
        "barrio_codigo": 38,
        "barrio_nombre": "Parque La Luz",
        "circuito": "402",
        "st_area(shape)": 160829.35445505,
        "st_length(shape)": 1830.30130513324
      }
    },
    {
      "type": "Feature",
      "id": 244,
      "geometry": {
        "type": "Polygon",
        "coordinates": [
          [
            [-58.6695853958034, -34.5613717802656],
            [-58.6696735476893, -34.5613096457478],
            [-58.6707923614596, -34.5604970902556],
            [-58.671508744882, -34.5599821011663],
            [-58.6715694466013, -34.5599331869009],
            [-58.6724237063234, -34.5593115283581],
            [-58.6725835920834, -34.5591915841856],
            [-58.6727047771996, -34.5591072725676],
            [-58.673600692789, -34.5584376255399],
            [-58.6743255629809, -34.5579235398895],
            [-58.67544955913, -34.5570955056235],
            [-58.6754724880728, -34.5570236454094],
            [-58.6761380712332, -34.5576482980072],
            [-58.6767469090788, -34.5582469919082],
            [-58.6755439004914, -34.559077691477],
            [-58.6748509795286, -34.559645167236],
            [-58.6738447380339, -34.5603905802953],
            [-58.6727809243875, -34.5611722145511],
            [-58.6721304716007, -34.5616518746761],
            [-58.6720658397754, -34.561712798545],
            [-58.6720145845986, -34.5617452568942],
            [-58.6708519763792, -34.5625708669204],
            [-58.6702294670563, -34.5619782028687],
            [-58.6695853958034, -34.5613717802656]
          ]
        ]
      },
      "properties": {
        "objectid": 244,
        "clave": "067600603",
        "provincia": "06",
        "partido": "760",
        "localidad": "010",
        "fraccion": "06",
        "radio": "03",
        "tot_manzanas": 12,
        "barrio_codigo": 32,
        "barrio_nombre": "Parque Mataldi",
        "circuito": "401a",
        "st_area(shape)": 127025.86520013,
        "st_length(shape)": 1805.16027590409
      }
    },
    {
      "type": "Feature",
      "id": 160,
      "geometry": {
        "type": "Polygon",
        "coordinates": [
          [
            [-58.6797371465865, -34.5483905796808],
            [-58.6800146637882, -34.5481925609383],
            [-58.6812472496734, -34.5472934814002],
            [-58.6819554515903, -34.5467768863895],
            [-58.6823765285171, -34.5464680098531],
            [-58.6824621776788, -34.5465524636767],
            [-58.6832682952074, -34.5473101758179],
            [-58.683982237972, -34.5479758684235],
            [-58.6840359168987, -34.5480260221157],
            [-58.6847389809656, -34.5486915940048],
            [-58.6847925888067, -34.5487462534285],
            [-58.6836367534597, -34.5495816811913],
            [-58.6821034075419, -34.5507182780466],
            [-58.682049799188, -34.5506636174586],
            [-58.6814517793793, -34.5500501091237],
            [-58.6813282798618, -34.5499307244178],
            [-58.6806209135069, -34.5492755912109],
            [-58.679799158776, -34.5484725479416],
            [-58.6797371465865, -34.5483905796808]
          ]
        ]
      },
      "properties": {
        "objectid": 160,
        "clave": "067600503",
        "provincia": "06",
        "partido": "760",
        "localidad": "010",
        "fraccion": "05",
        "radio": "03",
        "tot_manzanas": 6,
        "barrio_codigo": 41,
        "barrio_nombre": "Bella Vista Norte",
        "circuito": "401a",
        "st_area(shape)": 109729.950565975,
        "st_length(shape)": 1326.65722156649
      }
    },
    {
      "type": "Feature",
      "id": 242,
      "geometry": {
        "type": "Polygon",
        "coordinates": [
          [
            [-58.6805034981929, -34.5736423381486],
            [-58.6816903030111, -34.572756599474],
            [-58.6817564560132, -34.5727077391602],
            [-58.6824950989321, -34.572165886564],
            [-58.6831730285011, -34.5716729482677],
            [-58.6832446983068, -34.5716196398333],
            [-58.6836691246136, -34.5713087425107],
            [-58.6838786134157, -34.5711532634467],
            [-58.6841314907751, -34.5709835578129],
            [-58.6846392303866, -34.5705981130317],
            [-58.6839466713226, -34.5699461752302],
            [-58.6847017593842, -34.5693954713765],
            [-58.6854158866881, -34.5688679426117],
            [-58.6847398543188, -34.5682135101931],
            [-58.6861751528056, -34.5671669528076],
            [-58.6862522639756, -34.5671137010713],
            [-58.6876266323654, -34.5684084196597],
            [-58.6889902910775, -34.569693993449],
            [-58.6875683045778, -34.570733302978],
            [-58.6874686023387, -34.5707957516059],
            [-58.6874140769386, -34.5708398069858],
            [-58.6867281696939, -34.5713365638198],
            [-58.6859975000263, -34.5718791557281],
            [-58.6855620411747, -34.572198955992],
            [-58.6854844754564, -34.5722529918854],
            [-58.6850382132543, -34.5725944183026],
            [-58.6846081246889, -34.5729187797058],
            [-58.684527921759, -34.5729650645815],
            [-58.6830335622404, -34.574023465667],
            [-58.6827824265512, -34.5740210321318],
            [-58.681115897186, -34.5742470088423],
            [-58.6805034981929, -34.5736423381486]
          ]
        ]
      },
      "properties": {
        "objectid": 242,
        "clave": "067602303",
        "provincia": "06",
        "partido": "760",
        "localidad": "010",
        "fraccion": "23",
        "radio": "03",
        "tot_manzanas": 12,
        "barrio_codigo": 42,
        "barrio_nombre": "Bella Vista Oeste",
        "circuito": "401a",
        "st_area(shape)": 210542.827810905,
        "st_length(shape)": 2439.42512810993
      }
    },
    {
      "type": "Feature",
      "id": 251,
      "geometry": {
        "type": "Polygon",
        "coordinates": [
          [
            [-58.6743409030684, -34.5523088207081],
            [-58.6752057605236, -34.5516878597471],
            [-58.6759787083161, -34.5511131469453],
            [-58.6766951332879, -34.5505950836364],
            [-58.6768099517969, -34.5507042358162],
            [-58.6775988976075, -34.5514394529613],
            [-58.6783759075419, -34.5522057897549],
            [-58.6776884955238, -34.5527066518158],
            [-58.6769485815737, -34.5532494284305],
            [-58.6768438897008, -34.5533249096295],
            [-58.6759820304938, -34.5539302605325],
            [-58.6752380610368, -34.553270178391],
            [-58.6752479866896, -34.5531273885039],
            [-58.6744652704791, -34.5524122153817],
            [-58.6743409030684, -34.5523088207081]
          ]
        ]
      },
      "properties": {
        "objectid": 251,
        "clave": "067602201",
        "provincia": "06",
        "partido": "760",
        "localidad": "010",
        "fraccion": "22",
        "radio": "01",
        "tot_manzanas": 6,
        "barrio_codigo": 41,
        "barrio_nombre": "Bella Vista Norte",
        "circuito": "401a",
        "st_area(shape)": 68360.744830195,
        "st_length(shape)": 1054.6233081587
      }
    },
    {
      "type": "Feature",
      "id": 204,
      "geometry": {
        "type": "Polygon",
        "coordinates": [
          [
            [-58.7174309956137, -34.536997144763],
            [-58.7182076913187, -34.536423917252],
            [-58.7185381356549, -34.5361840163426],
            [-58.7196120990342, -34.5354020776393],
            [-58.7203906859983, -34.5361268276739],
            [-58.7196472312697, -34.5366643630263],
            [-58.7193167891643, -34.5369042669592],
            [-58.7181986189561, -34.5377263002463],
            [-58.7174309956137, -34.536997144763]
          ]
        ]
      },
      "properties": {
        "objectid": 204,
        "clave": "067600906",
        "provincia": "06",
        "partido": "760",
        "localidad": "010",
        "fraccion": "09",
        "radio": "06",
        "tot_manzanas": 2,
        "barrio_codigo": 30,
        "barrio_nombre": "San Miguel Norte",
        "circuito": "397",
        "st_area(shape)": 28754.125850135,
        "st_length(shape)": 750.474511256684
      }
    },
    {
      "type": "Feature",
      "id": 266,
      "geometry": {
        "type": "Polygon",
        "coordinates": [
          [
            [-58.6964821448544, -34.5494124444769],
            [-58.6974524463389, -34.5486656546679],
            [-58.6983220665744, -34.5494861579183],
            [-58.6983971184656, -34.5495635742748],
            [-58.6984506658063, -34.5496227339923],
            [-58.6991537201706, -34.5502972377578],
            [-58.6999533436859, -34.5510674085349],
            [-58.6995621792936, -34.5513516787688],
            [-58.6991709420955, -34.5516404546621],
            [-58.6989459121449, -34.551795670466],
            [-58.6984933803849, -34.5521241946009],
            [-58.697664148831, -34.5514028464689],
            [-58.6976014168833, -34.551339790074],
            [-58.6969093293824, -34.5506608877471],
            [-58.6974162723201, -34.5502877248002],
            [-58.6964821448544, -34.5494124444769]
          ]
        ]
      },
      "properties": {
        "objectid": 266,
        "clave": "067602111",
        "provincia": "06",
        "partido": "760",
        "localidad": "010",
        "fraccion": "21",
        "radio": "11",
        "tot_manzanas": 5,
        "barrio_codigo": 31,
        "barrio_nombre": "Muniz Norte",
        "circuito": "400",
        "st_area(shape)": 55696.364503815,
        "st_length(shape)": 1061.41413440484
      }
    },
    {
      "type": "Feature",
      "id": 104,
      "geometry": {
        "type": "Polygon",
        "coordinates": [
          [
            [-58.7594793882161, -34.5664557624894],
            [-58.7607463048112, -34.5655221940234],
            [-58.7613796857064, -34.5650599103108],
            [-58.7620078127834, -34.5645840493241],
            [-58.7625989913999, -34.5651308664531],
            [-58.7628731278164, -34.5653815217647],
            [-58.763163341808, -34.5656503677356],
            [-58.7637857495725, -34.5651924670725],
            [-58.7643501079389, -34.565711963029],
            [-58.7653321263065, -34.5666149299294],
            [-58.7653362631035, -34.56661842944],
            [-58.7647144605199, -34.567080109946],
            [-58.7640934671581, -34.5675474613921],
            [-58.7634694297486, -34.5680181399426],
            [-58.7628559382481, -34.5684841303866],
            [-58.7622269661947, -34.5689508926626],
            [-58.7622269308768, -34.5689509229511],
            [-58.7622234074109, -34.5689478757355],
            [-58.7612099572548, -34.5680552437544],
            [-58.7594793882161, -34.5664557624894]
          ]
        ]
      },
      "properties": {
        "objectid": 104,
        "clave": "067603510",
        "provincia": "06",
        "partido": "760",
        "localidad": "010",
        "fraccion": "35",
        "radio": "10",
        "tot_manzanas": 11,
        "barrio_codigo": 1,
        "barrio_nombre": "Santa Brigida",
        "circuito": "397b",
        "st_area(shape)": 132321.92203331,
        "st_length(shape)": 1519.30208486945
      }
    },
    {
      "type": "Feature",
      "id": 5,
      "geometry": {
        "type": "Polygon",
        "coordinates": [
          [
            [-58.7108997916233, -34.5258544125869],
            [-58.7109694305203, -34.5258039894194],
            [-58.7120237659451, -34.525038118579],
            [-58.7130781261473, -34.5242693767166],
            [-58.714080001991, -34.5235445347954],
            [-58.714714522274, -34.5241646260929],
            [-58.7153279547157, -34.5247293048956],
            [-58.7158735214469, -34.5252546225415],
            [-58.7165164974695, -34.525875057631],
            [-58.7171672523069, -34.5264979236808],
            [-58.7169250631591, -34.5266666400648],
            [-58.7168644811732, -34.5267110712477],
            [-58.7174659177577, -34.5272627183996],
            [-58.7175411066573, -34.5273311109415],
            [-58.7180295947043, -34.5277914319465],
            [-58.717963498679, -34.5278403135417],
            [-58.7162145269425, -34.5291243690266],
            [-58.7156245150198, -34.5285944950292],
            [-58.7150052313997, -34.5280397622577],
            [-58.7140560049126, -34.5287456666845],
            [-58.713245080586, -34.5280070155565],
            [-58.7124771024105, -34.5273093727359],
            [-58.7117039016856, -34.5265981503929],
            [-58.7108997916233, -34.5258544125869]
          ]
        ]
      },
      "properties": {
        "objectid": 5,
        "clave": "067601901",
        "provincia": "06",
        "partido": "760",
        "localidad": "010",
        "fraccion": "19",
        "radio": "01",
        "tot_manzanas": 12,
        "barrio_codigo": 29,
        "barrio_nombre": "Maria Rosa Mistica",
        "circuito": "397",
        "st_area(shape)": 202388.436439575,
        "st_length(shape)": 1955.10521031999
      }
    },
    {
      "type": "Feature",
      "id": 171,
      "geometry": {
        "type": "Polygon",
        "coordinates": [
          [
            [-58.7285397300984, -34.5635865192901],
            [-58.7298623668016, -34.5625907582639],
            [-58.7299268399893, -34.5626500180965],
            [-58.7318448864931, -34.5643865425962],
            [-58.7324835703186, -34.5639745637317],
            [-58.7327253381049, -34.5641979085562],
            [-58.7331357924218, -34.5645825533276],
            [-58.7337074041714, -34.5651042210113],
            [-58.732639029699, -34.5659366505687],
            [-58.7323060227647, -34.565622221142],
            [-58.7316339403191, -34.5661109908741],
            [-58.7309505760882, -34.5665729824095],
            [-58.7303190688588, -34.5670279163195],
            [-58.7295959984773, -34.5675220245644],
            [-58.728721047769, -34.5667071357599],
            [-58.7277909411338, -34.5674195179088],
            [-58.7266984542278, -34.5664381765827],
            [-58.7258658215722, -34.5656633268943],
            [-58.7257637688075, -34.5655676179281],
            [-58.7257759004861, -34.5654866214705],
            [-58.7270329600737, -34.5645082358144],
            [-58.7273758519191, -34.564529838717],
            [-58.7274456793162, -34.5642376220607],
            [-58.7275166973749, -34.5642248419211],
            [-58.727604193947, -34.5642032198351],
            [-58.7276863120267, -34.5641770347811],
            [-58.7277631191323, -34.5641417815337],
            [-58.7278399272772, -34.5641065273464],
            [-58.7279114255258, -34.5640622040883],
            [-58.7285397300984, -34.5635865192901]
          ]
        ]
      },
      "properties": {
        "objectid": 171,
        "clave": "067602710",
        "provincia": "06",
        "partido": "760",
        "localidad": "010",
        "fraccion": "27",
        "radio": "10",
        "tot_manzanas": 10,
        "barrio_codigo": 18,
        "barrio_nombre": "Parque San Ignacio",
        "circuito": "397a",
        "st_area(shape)": 202136.80587123,
        "st_length(shape)": 2055.97168115168
      }
    },
    {
      "type": "Feature",
      "id": 315,
      "geometry": {
        "type": "Polygon",
        "coordinates": [
          [
            [-58.7591573760834, -34.5565914934589],
            [-58.7610300827737, -34.5552043744747],
            [-58.7619221263929, -34.5560291670081],
            [-58.7625179037477, -34.5565648415582],
            [-58.7630613994209, -34.5570818009855],
            [-58.7627547943795, -34.5573128734146],
            [-58.7612563110947, -34.5584353684281],
            [-58.7612432053981, -34.5584371229101],
            [-58.761243107129, -34.5584371372362],
            [-58.7612303518815, -34.5584398723616],
            [-58.7612094201334, -34.558446772682],
            [-58.7611993617488, -34.5584513243981],
            [-58.7611847771639, -34.5584595726817],
            [-58.7611847165812, -34.5584596171356],
            [-58.761171554825, -34.5584692670703],
            [-58.7611714985997, -34.5584693115684],
            [-58.761159887868, -34.5584802409675],
            [-58.7611468047318, -34.5584970062362],
            [-58.7611373413745, -34.5585153613055],
            [-58.7605004155715, -34.5589622241497],
            [-58.7598450223353, -34.5594423080354],
            [-58.7591864044007, -34.5599278755073],
            [-58.7586333545106, -34.5594057749955],
            [-58.7580591528776, -34.5588834559157],
            [-58.7576471828845, -34.5584809634449],
            [-58.757202034918, -34.5580363306624],
            [-58.7577804406643, -34.5576050530199],
            [-58.7584523716069, -34.5571116276592],
            [-58.7591573760834, -34.5565914934589]
          ]
        ]
      },
      "properties": {
        "objectid": 315,
        "clave": "067603501",
        "provincia": "06",
        "partido": "760",
        "localidad": "010",
        "fraccion": "35",
        "radio": "01",
        "tot_manzanas": 12,
        "barrio_codigo": 1,
        "barrio_nombre": "Santa Brigida",
        "circuito": "397b",
        "st_area(shape)": 132646.882350895,
        "st_length(shape)": 1505.34668559199
      }
    },
    {
      "type": "Feature",
      "id": 307,
      "geometry": {
        "type": "Polygon",
        "coordinates": [
          [
            [-58.7125310156116, -34.5361884275472],
            [-58.7129827259028, -34.5358551765134],
            [-58.713605103918, -34.5354020368321],
            [-58.7147838057779, -34.5345401209374],
            [-58.7158908671886, -34.5337315221685],
            [-58.7160786072657, -34.5339182764755],
            [-58.7167714113079, -34.5345520110344],
            [-58.7157303812425, -34.5353162436264],
            [-58.7156642778222, -34.5353651237555],
            [-58.7144801276199, -34.5362269906533],
            [-58.7136099382363, -34.536857797416],
            [-58.713417136098, -34.5369999853108],
            [-58.7133524167495, -34.5369587416984],
            [-58.7125310156116, -34.5361884275472]
          ]
        ]
      },
      "properties": {
        "objectid": 307,
        "clave": "067601911",
        "provincia": "06",
        "partido": "760",
        "localidad": "010",
        "fraccion": "19",
        "radio": "11",
        "tot_manzanas": 3,
        "barrio_codigo": 30,
        "barrio_nombre": "San Miguel Norte",
        "circuito": "397",
        "st_area(shape)": 50119.156800235,
        "st_length(shape)": 1065.56734400507
      }
    },
    {
      "type": "Feature",
      "id": 91,
      "geometry": {
        "type": "Polygon",
        "coordinates": [
          [
            [-58.6708519763792, -34.5625708669204],
            [-58.6720145845986, -34.5617452568942],
            [-58.6720658397754, -34.561712798545],
            [-58.6721304716007, -34.5616518746761],
            [-58.6727809243875, -34.5611722145511],
            [-58.6738447380339, -34.5603905802953],
            [-58.6748509795286, -34.559645167236],
            [-58.6755439004914, -34.559077691477],
            [-58.6767469090788, -34.5582469919082],
            [-58.6771632349761, -34.5586148543533],
            [-58.6773660011384, -34.5588207847218],
            [-58.6780542529085, -34.5594537587796],
            [-58.6779832323165, -34.5594665100666],
            [-58.6768325073824, -34.5603083739611],
            [-58.6761315204703, -34.5608120025679],
            [-58.6754261212744, -34.5613226313816],
            [-58.675452569309, -34.5613724932885],
            [-58.6754679809057, -34.5614312490517],
            [-58.6754833925228, -34.5614900048129],
            [-58.6754876962336, -34.5615621604697],
            [-58.6754816778876, -34.5615981496425],
            [-58.6754757309798, -34.5616296327802],
            [-58.6754642658163, -34.5616655628474],
            [-58.675447425279, -34.5616969277734],
            [-58.6754305847431, -34.5617282917955],
            [-58.675408368815, -34.5617550915746],
            [-58.6753806346093, -34.5617863382751],
            [-58.6753040660928, -34.561839886498],
            [-58.6752924137719, -34.5618529830188],
            [-58.6752593755817, -34.5618751585089],
            [-58.6752210334693, -34.5618882628064],
            [-58.6751826198849, -34.5619058731253],
            [-58.6751443492093, -34.5619144713643],
            [-58.6751060785263, -34.5619230695911],
            [-58.6750624335688, -34.5619271026613],
            [-58.6750187875184, -34.561931135704],
            [-58.6749806597585, -34.5619307218242],
            [-58.6749371566503, -34.5619257427709],
            [-58.6748991003697, -34.5619208228325],
            [-58.6748557402283, -34.561906831684],
            [-58.6748177554419, -34.5618974056874],
            [-58.6747799136283, -34.5618789676131],
            [-58.6747474471658, -34.5618650946973],
            [-58.6747204990162, -34.5618467748783],
            [-58.6740098769274, -34.5623508541076],
            [-58.6732999411221, -34.5628679837209],
            [-58.6721025400065, -34.5637517382695],
            [-58.671485388293, -34.5631636465132],
            [-58.6708519763792, -34.5625708669204]
          ]
        ]
      },
      "properties": {
        "objectid": 91,
        "clave": "067600604",
        "provincia": "06",
        "partido": "760",
        "localidad": "010",
        "fraccion": "06",
        "radio": "04",
        "tot_manzanas": 13,
        "barrio_codigo": 32,
        "barrio_nombre": "Parque Mataldi",
        "circuito": "401a",
        "st_area(shape)": 128996.32193187,
        "st_length(shape)": 1838.72917225522
      }
    },
    {
      "type": "Feature",
      "id": 283,
      "geometry": {
        "type": "Polygon",
        "coordinates": [
          [
            [-58.6964543540179, -34.5742356803326],
            [-58.6979591327002, -34.5731250423122],
            [-58.6994374366365, -34.5745174604619],
            [-58.6995705365032, -34.5746428243364],
            [-58.699664150447, -34.5747328629719],
            [-58.6983694500491, -34.5757283995853],
            [-58.6991635689932, -34.5764584870614],
            [-58.69992407812, -34.5771576597134],
            [-58.7003723266507, -34.5775697482646],
            [-58.7007662017383, -34.5772812434304],
            [-58.7012511738066, -34.5777298851477],
            [-58.7017680103184, -34.5782304642736],
            [-58.7020625641842, -34.5785157501483],
            [-58.7028743959386, -34.5792741815442],
            [-58.7032887332037, -34.5796749006658],
            [-58.7037027394525, -34.5800752940005],
            [-58.703085706266, -34.5805212186438],
            [-58.7024411178423, -34.58099641447],
            [-58.702341669036, -34.581063138578],
            [-58.7020680725998, -34.5811368447592],
            [-58.7017429886291, -34.5813677401263],
            [-58.7009221740041, -34.5819544675747],
            [-58.7003229861158, -34.5814190328517],
            [-58.7000148723137, -34.5811191162144],
            [-58.6998054755063, -34.5809243354479],
            [-58.6992515917582, -34.5803947809933],
            [-58.6981020081674, -34.5793369437702],
            [-58.6980539599051, -34.5792733358051],
            [-58.6980219756951, -34.5792279273564],
            [-58.6976661661313, -34.5787278884053],
            [-58.6976068308119, -34.5786445010993],
            [-58.6971423948327, -34.5779791686214],
            [-58.697121095396, -34.5779473935434],
            [-58.6965384970355, -34.5771002335946],
            [-58.6964453017965, -34.5769694717134],
            [-58.6963377738317, -34.5768168347208],
            [-58.6958488205086, -34.5760274261089],
            [-58.6951977820881, -34.5751506541915],
            [-58.6952582704082, -34.5751152463772],
            [-58.6964543540179, -34.5742356803326]
          ]
        ]
      },
      "properties": {
        "objectid": 283,
        "clave": "067601208",
        "provincia": "06",
        "partido": "760",
        "localidad": "010",
        "fraccion": "12",
        "radio": "08",
        "tot_manzanas": 8,
        "barrio_codigo": 42,
        "barrio_nombre": "Bella Vista Oeste",
        "circuito": "402",
        "st_area(shape)": 291705.819298405,
        "st_length(shape)": 2728.36918065327
      }
    },
    {
      "type": "Feature",
      "id": 305,
      "geometry": {
        "type": "Polygon",
        "coordinates": [
          [
            [-58.7039916147514, -34.5439129394814],
            [-58.7050656731653, -34.5431401472053],
            [-58.7051264130275, -34.543086709297],
            [-58.7061411345672, -34.5440348881238],
            [-58.7050279763224, -34.5448703707989],
            [-58.7039916147514, -34.5439129394814]
          ]
        ]
      },
      "properties": {
        "objectid": 305,
        "clave": "067602009",
        "provincia": "06",
        "partido": "760",
        "localidad": "010",
        "fraccion": "20",
        "radio": "09",
        "tot_manzanas": 1,
        "barrio_codigo": 30,
        "barrio_nombre": "San Miguel Norte",
        "circuito": "397",
        "st_area(shape)": 19534.93110006,
        "st_length(shape)": 559.915444494627
      }
    },
    {
      "type": "Feature",
      "id": 179,
      "geometry": {
        "type": "Polygon",
        "coordinates": [
          [
            [-58.729761113982, -34.5495424046881],
            [-58.7302900344059, -34.5491467976866],
            [-58.7303070007411, -34.5488831077704],
            [-58.7304057494306, -34.5486478881406],
            [-58.7304877973665, -34.5485000926769],
            [-58.7306382327868, -34.5483848211948],
            [-58.7308938984811, -34.5482278914256],
            [-58.7311542447963, -34.5481675177384],
            [-58.7314238686274, -34.548062882523],
            [-58.7314588232407, -34.548167197236],
            [-58.7314958165577, -34.5482258345128],
            [-58.7316571249175, -34.5481361510699],
            [-58.7326191537943, -34.5474944520911],
            [-58.7331508682684, -34.5480267328739],
            [-58.7336850373265, -34.5485283090888],
            [-58.7331972455837, -34.5488840539409],
            [-58.7323325738513, -34.5495105443773],
            [-58.7314138242956, -34.5502100797005],
            [-58.7306112799907, -34.5507816164405],
            [-58.7298412224784, -34.5513499054835],
            [-58.7292824860745, -34.5508232747332],
            [-58.7287312419466, -34.5502843274416],
            [-58.7287863206031, -34.5502443393037],
            [-58.7296895608643, -34.5495912355684],
            [-58.729761113982, -34.5495424046881]
          ]
        ]
      },
      "properties": {
        "objectid": 179,
        "clave": "067601105",
        "provincia": "06",
        "partido": "760",
        "localidad": "010",
        "fraccion": "11",
        "radio": "05",
        "tot_manzanas": 7,
        "barrio_codigo": 16,
        "barrio_nombre": "La Manuelita",
        "circuito": "397a",
        "st_area(shape)": 77957.07565885,
        "st_length(shape)": 1295.25246640522
      }
    },
    {
      "type": "Feature",
      "id": 54,
      "geometry": {
        "type": "Polygon",
        "coordinates": [
          [
            [-58.7244022369904, -34.5917682912163],
            [-58.7252670833764, -34.5911528356154],
            [-58.7257890089694, -34.5907856901831],
            [-58.7263595060233, -34.5903294934819],
            [-58.7266012078276, -34.5905555725541],
            [-58.7273859876921, -34.5904537161004],
            [-58.7280206070601, -34.5910215093933],
            [-58.7271315454428, -34.5911298111582],
            [-58.7275759095089, -34.5915538796091],
            [-58.7287660398128, -34.5926556432729],
            [-58.7297907371142, -34.5936261130681],
            [-58.7297941259554, -34.5936292562517],
            [-58.7279266548265, -34.5950089180283],
            [-58.727923126002, -34.5950058778924],
            [-58.7275108581274, -34.5946368131691],
            [-58.7268712207117, -34.5940532694545],
            [-58.7263176755615, -34.5935427293872],
            [-58.7262424225196, -34.5934743415102],
            [-58.7256832984466, -34.5929727540055],
            [-58.7250544466587, -34.5923983262885],
            [-58.7249953347766, -34.5923436267722],
            [-58.7244022369904, -34.5917682912163]
          ]
        ]
      },
      "properties": {
        "objectid": 54,
        "clave": "067603106",
        "provincia": "06",
        "partido": "760",
        "localidad": "010",
        "fraccion": "31",
        "radio": "06",
        "tot_manzanas": 14,
        "barrio_codigo": 36,
        "barrio_nombre": "San Ambrosio",
        "circuito": "402",
        "st_area(shape)": 118432.92653178,
        "st_length(shape)": 1597.96418906835
      }
    },
    {
      "type": "Feature",
      "id": 220,
      "geometry": {
        "type": "Polygon",
        "coordinates": [
          [
            [-58.6889670081665, -34.5458346796202],
            [-58.6883337389639, -34.5452329771507],
            [-58.6881780747034, -34.5450870861385],
            [-58.687426567678, -34.5443849592035],
            [-58.6865605239388, -34.5435869494887],
            [-58.6864451761599, -34.5434997543017],
            [-58.6864957541134, -34.5434630774375],
            [-58.6869986339939, -34.5431121684036],
            [-58.6880632598943, -34.5423423238909],
            [-58.6881668507934, -34.5424454301569],
            [-58.6889325362153, -34.5431707780355],
            [-58.6889969651458, -34.5432300577784],
            [-58.6898556943392, -34.5440414906817],
            [-58.6898986242812, -34.5440825128291],
            [-58.6907788716284, -34.5449121966625],
            [-58.6908486783698, -34.5449760408444],
            [-58.6901539710957, -34.545513915291],
            [-58.6900878449155, -34.5455627809703],
            [-58.6893105937679, -34.546153845847],
            [-58.6889670081665, -34.5458346796202]
          ]
        ]
      },
      "properties": {
        "objectid": 220,
        "clave": "067600310",
        "provincia": "06",
        "partido": "760",
        "localidad": "010",
        "fraccion": "03",
        "radio": "10",
        "tot_manzanas": 6,
        "barrio_codigo": 31,
        "barrio_nombre": "Muniz Norte",
        "circuito": "400",
        "st_area(shape)": 75508.58484737,
        "st_length(shape)": 1172.04191399636
      }
    },
    {
      "type": "Feature",
      "id": 86,
      "geometry": {
        "type": "Polygon",
        "coordinates": [
          [
            [-58.706644761585, -34.5623006933833],
            [-58.7069454740419, -34.5621022662735],
            [-58.7075028411634, -34.5626481894287],
            [-58.7080999003608, -34.5631916205748],
            [-58.7086743669951, -34.56373851715],
            [-58.7080511841805, -34.5641837692627],
            [-58.7075120115364, -34.5645689897986],
            [-58.708908186825, -34.5658817307906],
            [-58.7092253212376, -34.5661600005751],
            [-58.7092414538534, -34.5661736916643],
            [-58.7093090640871, -34.5663817207284],
            [-58.7095352870712, -34.5665955352444],
            [-58.709694438216, -34.566745957552],
            [-58.7102627483143, -34.5672830865836],
            [-58.7120530351778, -34.5689750863781],
            [-58.7120743382056, -34.5690068589712],
            [-58.7113065658577, -34.5695997177559],
            [-58.7100192983028, -34.5704859268871],
            [-58.7099641983631, -34.57052590594],
            [-58.7097125396674, -34.5706858979502],
            [-58.7092967355465, -34.5709793061299],
            [-58.7089454130981, -34.5712272099237],
            [-58.7086036971591, -34.5714804827959],
            [-58.7079259146887, -34.5719735658049],
            [-58.7071987472147, -34.5724886559196],
            [-58.707145108569, -34.5724340058604],
            [-58.7064057494481, -34.5717519824358],
            [-58.7059391937673, -34.571303439869],
            [-58.70454099743, -34.569959192722],
            [-58.7048698255079, -34.5697221308175],
            [-58.7053234004266, -34.5693951290516],
            [-58.7061167573693, -34.568826670389],
            [-58.7069155497818, -34.5682582630731],
            [-58.7059900099119, -34.5673853348231],
            [-58.7056157815971, -34.5670323717019],
            [-58.7050791246123, -34.5665262036054],
            [-58.7043646672952, -34.5658531249485],
            [-58.7032695909992, -34.5648214426716],
            [-58.7036173711762, -34.5645276873226],
            [-58.7036781978711, -34.5644697446049],
            [-58.7042354228373, -34.5640671949843],
            [-58.7048576856143, -34.5636176524086],
            [-58.7051107049377, -34.563434861955],
            [-58.7058160164004, -34.5629195510511],
            [-58.706644761585, -34.5623006933833]
          ]
        ]
      },
      "properties": {
        "objectid": 86,
        "clave": "067601206",
        "provincia": "06",
        "partido": "760",
        "localidad": "010",
        "fraccion": "12",
        "radio": "06",
        "tot_manzanas": 14,
        "barrio_codigo": 42,
        "barrio_nombre": "Bella Vista Oeste",
        "circuito": "402",
        "st_area(shape)": 414165.12226415,
        "st_length(shape)": 3242.64351968322
      }
    },
    {
      "type": "Feature",
      "id": 29,
      "geometry": {
        "type": "Polygon",
        "coordinates": [
          [
            [-58.6554018416516, -34.5661324610893],
            [-58.6550414592979, -34.5659580994415],
            [-58.6545473310435, -34.5657312600251],
            [-58.6541706659561, -34.565609852338],
            [-58.6537505235565, -34.5655328786594],
            [-58.6531724908226, -34.5654442239302],
            [-58.6527217201025, -34.5653408730187],
            [-58.6524103357085, -34.5652426387488],
            [-58.6521496389745, -34.5651073182036],
            [-58.6519732585137, -34.5649945582437],
            [-58.6515453989492, -34.5646716021392],
            [-58.6512126777139, -34.5644281005672],
            [-58.6509127469853, -34.564256654577],
            [-58.6506291292328, -34.5641462010463],
            [-58.6503439650324, -34.5640638007652],
            [-58.649944872364, -34.5639418842993],
            [-58.6492387132721, -34.5637552079227],
            [-58.6482681820898, -34.5635111003016],
            [-58.6475023196739, -34.5633675209041],
            [-58.6469461586634, -34.5632647711031],
            [-58.6464854048499, -34.5631451902383],
            [-58.6460942909148, -34.5629977611082],
            [-58.6457340218366, -34.5628149007784],
            [-58.645409270606, -34.5625751973474],
            [-58.6451792290834, -34.5623615858599],
            [-58.6449159941834, -34.5620617502132],
            [-58.6446906955343, -34.5617716039],
            [-58.6444449200503, -34.561512774596],
            [-58.6441005343948, -34.5611512222651],
            [-58.6434418604406, -34.5604391807941],
            [-58.6428134558081, -34.5597212962776],
            [-58.6423844248383, -34.5592540800668],
            [-58.6413059394833, -34.5581182746643],
            [-58.6397489086847, -34.5564801483769],
            [-58.6395146457322, -34.5562494166485],
            [-58.6392728485384, -34.5560457584086],
            [-58.6391355936927, -34.5559246280686],
            [-58.6389525808326, -34.5557989330939],
            [-58.6386912645649, -34.5556493511861],
            [-58.6384469499103, -34.555517844905],
            [-58.6381111381571, -34.5553466031724],
            [-58.6378278597228, -34.555218238455],
            [-58.6375175708428, -34.555096447178],
            [-58.6372530916229, -34.5550049581996],
            [-58.6369784766731, -34.5549234894478],
            [-58.6365052822535, -34.5547751144682],
            [-58.6362614808305, -34.5547008458151],
            [-58.6357915204541, -34.5545310401923],
            [-58.6338314781801, -34.5537796661822],
            [-58.6332627433876, -34.5535824817183],
            [-58.6329276157522, -34.5534443404146],
            [-58.6327091832867, -34.5533258740524],
            [-58.6325081134816, -34.5531948394833],
            [-58.632217552534, -34.5529841026096],
            [-58.6319064313365, -34.5527087443719],
            [-58.6316635418228, -34.5524913854656],
            [-58.6314551191263, -34.5522815674552],
            [-58.6313151597658, -34.5521154447484],
            [-58.6310787057452, -34.5517693754101],
            [-58.6308774208678, -34.5513879269768],
            [-58.6307364255014, -34.5510712283451],
            [-58.6305958598458, -34.5508147973281],
            [-58.6305253836534, -34.5507078746115],
            [-58.630419356182, -34.5505820769926],
            [-58.6302235470891, -34.5503827324868],
            [-58.6299560174429, -34.5501746337381],
            [-58.6297710532178, -34.5500405963989],
            [-58.6295148180589, -34.549846932518],
            [-58.6291694725112, -34.549626829422],
            [-58.6287132198796, -34.5493654999342],
            [-58.6279672638762, -34.5490407620565],
            [-58.6275465961849, -34.5488354815977],
            [-58.6266359188453, -34.5484231367436],
            [-58.6254052770545, -34.5478779481795],
            [-58.6249239692323, -34.5477008185347],
            [-58.6242381156566, -34.5475278241658],
            [-58.6231957721602, -34.5473222719312],
            [-58.622795207547, -34.5472761698185],
            [-58.6222447993784, -34.5472504469921],
            [-58.6208753839794, -34.5473015962775],
            [-58.6194900474603, -34.5474033938544],
            [-58.6186071782302, -34.5474577984082],
            [-58.6183087435471, -34.5474651527772],
            [-58.6180407439296, -34.5474621193885],
            [-58.6177643944048, -34.5474411052627],
            [-58.6174583790059, -34.5473839806396],
            [-58.617243256349, -34.5473207306972],
            [-58.6169210179567, -34.5471990308109],
            [-58.6167456269674, -34.5470861489592],
            [-58.6165236371136, -34.5469155017911],
            [-58.6162381713307, -34.5466618580941],
            [-58.6158760279865, -34.5463393767893],
            [-58.6154664577615, -34.546009201624],
            [-58.6149769183636, -34.5456404529518],
            [-58.6144797595833, -34.5452861322199],
            [-58.6140738111562, -34.5449989206458],
            [-58.6138643841442, -34.5448534528083],
            [-58.6136384986643, -34.5446577156805],
            [-58.6134045028437, -34.5444296904947],
            [-58.6131545241607, -34.5441227841166],
            [-58.6129600262159, -34.5438594337352],
            [-58.6127947092214, -34.5435850854655],
            [-58.6126619825432, -34.5433230349532],
            [-58.6125119572833, -34.542985067487],
            [-58.6123783923727, -34.5426973680639],
            [-58.6122352052571, -34.5424382321636],
            [-58.6120547190269, -34.5421427908995],
            [-58.6118165493436, -34.5418138760532],
            [-58.6116128867762, -34.5414955682215],
            [-58.6114661616648, -34.5412196430948],
            [-58.6111742007382, -34.5405783766857],
            [-58.6100964456152, -34.5385939251737],
            [-58.6097527882749, -34.5380099754085],
            [-58.6094802295243, -34.5376221619525],
            [-58.6091642590318, -34.5372131393319],
            [-58.6090071079154, -34.5369585556032],
            [-58.6088616413599, -34.5366945657451],
            [-58.608682931139, -34.5363271322068],
            [-58.6084945848867, -34.5360423817956],
            [-58.6082841791401, -34.5357949391946],
            [-58.6081380881329, -34.5356448187506],
            [-58.6079207052294, -34.5354599006207],
            [-58.6072203675385, -34.534943942109],
            [-58.606793360898, -34.5346278485422],
            [-58.6064498103863, -34.5343292783377],
            [-58.610356407615, -34.5310919346604],
            [-58.6136491435372, -34.5283990656885],
            [-58.6171315636825, -34.52554862507],
            [-58.6200975822671, -34.5231203857674],
            [-58.6227930188131, -34.5209164678302],
            [-58.6229335907578, -34.520798335137],
            [-58.6251523918218, -34.5189896711651],
            [-58.6259636916869, -34.5183029901411],
            [-58.6273641231946, -34.5171882714445],
            [-58.6277618208537, -34.5168477342992],
            [-58.6299611197557, -34.5150499784118],
            [-58.6323856778061, -34.513070249647],
            [-58.6347613136621, -34.5111099927261],
            [-58.6368825545626, -34.509380988132],
            [-58.6398231887281, -34.5069519657097],
            [-58.6423947681357, -34.5048465625358],
            [-58.6440515910592, -34.5035231964039],
            [-58.6440911962496, -34.5034718651675],
            [-58.644069892665, -34.503336160613],
            [-58.6440426591689, -34.5031662672193],
            [-58.6440122054044, -34.5029489658801],
            [-58.64400289517, -34.5028684372516],
            [-58.6440598030257, -34.5028269138547],
            [-58.6448834145858, -34.5027293989824],
            [-58.6451111574211, -34.5027165289305],
            [-58.6452826817551, -34.5027091462697],
            [-58.6453633432705, -34.5027056736538],
            [-58.6458819350604, -34.5027018841936],
            [-58.6463668259417, -34.5027098812293],
            [-58.6466691996796, -34.5027162131917],
            [-58.646928736574, -34.5027230226777],
            [-58.6472414762602, -34.5027291101988],
            [-58.6475691956433, -34.5027305314392],
            [-58.647856747378, -34.5027144578492],
            [-58.6480307069002, -34.5027173378033],
            [-58.648212657335, -34.5027536420781],
            [-58.6483327010884, -34.5028217815092],
            [-58.6487524401649, -34.5030882460464],
            [-58.6494700358539, -34.5035659361132],
            [-58.6499653541216, -34.503884258472],
            [-58.6504199100072, -34.5041735038123],
            [-58.6513775195362, -34.5048148778772],
            [-58.6519204546168, -34.5051786016784],
            [-58.6527119330511, -34.5057216397107],
            [-58.6532796833763, -34.5061001027037],
            [-58.6538981786349, -34.5065135410051],
            [-58.6542016393045, -34.5067219835535],
            [-58.6548372918596, -34.5071439528575],
            [-58.6556466055709, -34.507695420585],
            [-58.6561611189983, -34.5080373496702],
            [-58.6568778309059, -34.5085257837288],
            [-58.6574021135692, -34.5088783223203],
            [-58.6576103563656, -34.5090167724533],
            [-58.6587447361975, -34.5097804692455],
            [-58.6598135146942, -34.5105040840153],
            [-58.6603660451414, -34.5108788511717],
            [-58.6609292824831, -34.5112570674039],
            [-58.6612644470054, -34.5114849194757],
            [-58.6618528274122, -34.5118767617416],
            [-58.6627875422232, -34.5125194671165],
            [-58.6640052394596, -34.5133398324626],
            [-58.6644268190944, -34.5136120211073],
            [-58.6652078717602, -34.5141368849217],
            [-58.6659334077913, -34.5146205930449],
            [-58.666409402304, -34.5149441721467],
            [-58.667314468498, -34.5155471731868],
            [-58.6679103343778, -34.5159490807731],
            [-58.668141298474, -34.5161006541879],
            [-58.669161779848, -34.5167914666729],
            [-58.6696151322715, -34.5170909374686],
            [-58.6701696561709, -34.5174606692499],
            [-58.6709422520259, -34.5179782498053],
            [-58.6712487728152, -34.5181807213943],
            [-58.6717248462294, -34.5185018959297],
            [-58.6724890276761, -34.5190062577317],
            [-58.6734727348219, -34.5196584774182],
            [-58.6740514771283, -34.5200475341286],
            [-58.6746630911874, -34.520453639091],
            [-58.6752233265598, -34.5208293727925],
            [-58.6759020299319, -34.5212755494692],
            [-58.676707525404, -34.5218125300296],
            [-58.6772820893016, -34.5221943713251],
            [-58.677955033813, -34.5226416668966],
            [-58.6785738124118, -34.5230526001572],
            [-58.6789829927446, -34.5233253253237],
            [-58.6795248428131, -34.5236817614575],
            [-58.6803489986469, -34.524226074272],
            [-58.6810846622611, -34.5247181507196],
            [-58.6817747458841, -34.5251775357468],
            [-58.6821795502447, -34.5254549722614],
            [-58.6828312772982, -34.5258805490235],
            [-58.683261906025, -34.5261654155937],
            [-58.6839491136974, -34.5266259491121],
            [-58.6845879318812, -34.5270489924998],
            [-58.6851823987148, -34.5274524758274],
            [-58.6853506044363, -34.5275675688637],
            [-58.6857434774119, -34.5278722912162],
            [-58.68630861851, -34.5283064714073],
            [-58.6866650834686, -34.5285849893998],
            [-58.6873450693416, -34.5291209033765],
            [-58.6874771831477, -34.529222889963],
            [-58.6877600268326, -34.5294440292121],
            [-58.6878840736456, -34.5295231565152],
            [-58.6880266935337, -34.5296099997478],
            [-58.6881343553632, -34.5296674278967],
            [-58.6882192985723, -34.5297012087862],
            [-58.6883064983205, -34.5297269475128],
            [-58.6883836178848, -34.5297430513492],
            [-58.6885284514824, -34.5297547590035],
            [-58.6886408854958, -34.5297516732352],
            [-58.6887552046682, -34.529738591603],
            [-58.6888801876133, -34.5297070228231],
            [-58.6890352766604, -34.5296299867153],
            [-58.6891766927204, -34.5295427876332],
            [-58.6893166258598, -34.5294398318723],
            [-58.6896390109458, -34.5291685536831],
            [-58.6903257236736, -34.5285895289237],
            [-58.6909880922811, -34.5280339893494],
            [-58.6914436595147, -34.5276482294304],
            [-58.6921305599157, -34.5270631848606],
            [-58.6928504967237, -34.5264656111126],
            [-58.6930421064978, -34.526300530036],
            [-58.6930893573672, -34.526262634682],
            [-58.693173746332, -34.5262098783543],
            [-58.6932725966668, -34.5261551341531],
            [-58.6933797731188, -34.5261178798877],
            [-58.6934810581797, -34.5260903450584],
            [-58.6935821931202, -34.5260723486307],
            [-58.6936557908322, -34.5260647883545],
            [-58.6937306988227, -34.5260655896303],
            [-58.6938256999675, -34.5260713758188],
            [-58.6939248543758, -34.5260879380556],
            [-58.6940109698635, -34.5261091299172],
            [-58.6941012955714, -34.5261375227116],
            [-58.6941741860706, -34.526175267299],
            [-58.6942441209404, -34.5262177502875],
            [-58.6943122616679, -34.5262828708739],
            [-58.6944202354829, -34.5263806123908],
            [-58.6947587193937, -34.5266826469728],
            [-58.6950308770591, -34.5269385572958],
            [-58.6955823406911, -34.5274545744675],
            [-58.6960981460916, -34.5279417242842],
            [-58.6965121800799, -34.528353555217],
            [-58.6970387674521, -34.528845689913],
            [-58.6973492976087, -34.5291350577835],
            [-58.6977424969465, -34.5295099919499],
            [-58.6980303515368, -34.5297892300795],
            [-58.6983764037124, -34.5301090122353],
            [-58.6990080283329, -34.5306914810645],
            [-58.6995675917071, -34.5312250894319],
            [-58.6999833093414, -34.531627636294],
            [-58.7002525852608, -34.531879483472],
            [-58.7006327181666, -34.532213637471],
            [-58.7009332714203, -34.5324557999677],
            [-58.7010852335103, -34.5325476823364],
            [-58.7012903130787, -34.5326378625168],
            [-58.7013609024183, -34.5326639579527],
            [-58.7014114971191, -34.5326826631124],
            [-58.7011978470348, -34.5328461238369],
            [-58.7010947600468, -34.5329249941109],
            [-58.7008998726335, -34.5330707463702],
            [-58.700618801075, -34.5332731255552],
            [-58.6999107876039, -34.5337962218259],
            [-58.6993086250636, -34.5342425108577],
            [-58.6987440278888, -34.5346609509449],
            [-58.698456014896, -34.5348691531622],
            [-58.6977176447903, -34.5354029075719],
            [-58.6976457833396, -34.5354548540683],
            [-58.6965111090465, -34.5362793948858],
            [-58.6962754594354, -34.5364476153214],
            [-58.6959022076764, -34.5367140606625],
            [-58.6952685273624, -34.5371595579689],
            [-58.6947463880556, -34.5375373707609],
            [-58.6943942930128, -34.5377779122457],
            [-58.6942720964361, -34.5378601596553],
            [-58.6937449893128, -34.5382149363262],
            [-58.6932227914418, -34.5385561840872],
            [-58.693166968058, -34.5385974668659],
            [-58.6925536389077, -34.5390510363517],
            [-58.6906592226318, -34.5404813791898],
            [-58.6900975001183, -34.5408913502475],
            [-58.689144376942, -34.5415869677281],
            [-58.688449566757, -34.5420702045476],
            [-58.6881880410244, -34.542252092122],
            [-58.6880632598943, -34.5423423238909],
            [-58.6869986339939, -34.5431121684036],
            [-58.6864957541134, -34.5434630774375],
            [-58.6864451761599, -34.5434997543017],
            [-58.6853738195852, -34.5442766253073],
            [-58.684908742065, -34.5446070247274],
            [-58.6836420340813, -34.5455396894534],
            [-58.6834914436047, -34.5456501576853],
            [-58.6823765285171, -34.5464680098531],
            [-58.6819554515903, -34.5467768863895],
            [-58.6812472496734, -34.5472934814002],
            [-58.6800146637882, -34.5481925609383],
            [-58.6797371465865, -34.5483905796808],
            [-58.6793430068542, -34.5486718094086],
            [-58.6784477371045, -34.5493093730045],
            [-58.6782148313456, -34.5494833747036],
            [-58.6780323834805, -34.5496196783623],
            [-58.6773628285278, -34.5501103856315],
            [-58.6768937879741, -34.5504514295097],
            [-58.6766951332879, -34.5505950836364],
            [-58.6759787083161, -34.5511131469453],
            [-58.6752057605236, -34.5516878597471],
            [-58.6743409030684, -34.5523088207081],
            [-58.6734992814385, -34.5529279159142],
            [-58.672113684018, -34.5539117655676],
            [-58.6721106946176, -34.5539138882081],
            [-58.6719636564497, -34.5540064909995],
            [-58.6716850294134, -34.5542171428527],
            [-58.6709100263789, -34.554790470175],
            [-58.6704551481064, -34.5551174894184],
            [-58.6695071124598, -34.5557671935207],
            [-58.6693310843154, -34.5559222929805],
            [-58.6690530264676, -34.556134281526],
            [-58.6683731981509, -34.5566282589673],
            [-58.6677405623465, -34.5570941788921],
            [-58.6673103978371, -34.5574046173778],
            [-58.6667889266696, -34.5577843164122],
            [-58.6662326420426, -34.5581974022553],
            [-58.6661194176398, -34.5582788892953],
            [-58.6658694745067, -34.5584653075633],
            [-58.6656488973761, -34.558629453695],
            [-58.6651198092093, -34.5590175528938],
            [-58.6641441712661, -34.5597294908012],
            [-58.6638319817484, -34.5599633669965],
            [-58.6634241898955, -34.5602597586298],
            [-58.6624377021782, -34.5609843160416],
            [-58.6619140564277, -34.5613693102147],
            [-58.661370310425, -34.5617687737944],
            [-58.6611813179085, -34.5619040349337],
            [-58.6610842566201, -34.5619735008153],
            [-58.6607400778206, -34.5622237119971],
            [-58.6600425794175, -34.5627343055974],
            [-58.659872311016, -34.5628557125771],
            [-58.6593987124655, -34.5632039882251],
            [-58.6589504617871, -34.5635336182229],
            [-58.6589156353543, -34.5635589630897],
            [-58.6584943298875, -34.5638655575101],
            [-58.6579972398664, -34.5642272988372],
            [-58.6576528482106, -34.5644518315492],
            [-58.6572396189629, -34.5647585878179],
            [-58.6560464079563, -34.5656001861191],
            [-58.6556618891439, -34.5659009732069],
            [-58.6554026646616, -34.5661315588822],
            [-58.6554018416516, -34.5661324610893]
          ]
        ]
      },
      "properties": {
        "objectid": 29,
        "clave": "067600401",
        "provincia": "06",
        "partido": "760",
        "localidad": "010",
        "fraccion": "04",
        "radio": "01",
        "tot_manzanas": 27,
        "barrio_codigo": 43,
        "barrio_nombre": "Campo de Mayo",
        "circuito": "401",
        "st_area(shape)": 31449357.8655193,
        "st_length(shape)": 23466.9475641416
      }
    },
    {
      "type": "Feature",
      "id": 4,
      "geometry": {
        "type": "Polygon",
        "coordinates": [
          [
            [-58.6969074284868, -34.5420483241658],
            [-58.6969956813869, -34.5419771575356],
            [-58.6977065109097, -34.5414484286034],
            [-58.6984614577945, -34.5408841109584],
            [-58.6992108088169, -34.5403287434372],
            [-58.6992767152719, -34.5402933908406],
            [-58.699337246309, -34.5402534741056],
            [-58.7000589373145, -34.5397248466787],
            [-58.7008210543413, -34.5404495450975],
            [-58.7015510001753, -34.5411423479221],
            [-58.702565377572, -34.5421085797113],
            [-58.7033705438979, -34.542869774639],
            [-58.7030896004892, -34.5430741044971],
            [-58.7030179680499, -34.5431274256669],
            [-58.7018335788994, -34.5439891634262],
            [-58.7010402961682, -34.5445666133534],
            [-58.7002349955948, -34.5438144164581],
            [-58.699252668506, -34.5428890686292],
            [-58.6991933274456, -34.5428523817109],
            [-58.6983892168965, -34.5434251931191],
            [-58.6980456066678, -34.5431060508748],
            [-58.6975623795706, -34.5426592278566],
            [-58.6969074284868, -34.5420483241658]
          ]
        ]
      },
      "properties": {
        "objectid": 4,
        "clave": "067600303",
        "provincia": "06",
        "partido": "760",
        "localidad": "010",
        "fraccion": "03",
        "radio": "03",
        "tot_manzanas": 12,
        "barrio_codigo": 31,
        "barrio_nombre": "Muniz Norte",
        "circuito": "400",
        "st_area(shape)": 153035.00247564,
        "st_length(shape)": 1692.35419162827
      }
    },
    {
      "type": "Feature",
      "id": 297,
      "geometry": {
        "type": "Polygon",
        "coordinates": [
          [
            [-58.7000712614221, -34.536480057843],
            [-58.6991842544595, -34.5356289603911],
            [-58.6985019330525, -34.5349239094979],
            [-58.698456014896, -34.5348691531622],
            [-58.6987440278888, -34.5346609509449],
            [-58.6993086250636, -34.5342425108577],
            [-58.6993536760049, -34.5342956153491],
            [-58.7000262297334, -34.5349039650952],
            [-58.7009557898125, -34.5357770384457],
            [-58.7019736584177, -34.5367211313606],
            [-58.7010541971035, -34.5374015974077],
            [-58.7000712614221, -34.536480057843]
          ]
        ]
      },
      "properties": {
        "objectid": 297,
        "clave": "067600203",
        "provincia": "06",
        "partido": "760",
        "localidad": "010",
        "fraccion": "02",
        "radio": "03",
        "tot_manzanas": 3,
        "barrio_codigo": 30,
        "barrio_nombre": "San Miguel Norte",
        "circuito": "397",
        "st_area(shape)": 40888.0951878,
        "st_length(shape)": 954.821797741603
      }
    },
    {
      "type": "Feature",
      "id": 181,
      "geometry": {
        "type": "Polygon",
        "coordinates": [
          [
            [-58.7181986189561, -34.5377263002463],
            [-58.7193167891643, -34.5369042669592],
            [-58.7196472312697, -34.5366643630263],
            [-58.7203906859983, -34.5361268276739],
            [-58.7211961004529, -34.5368788958258],
            [-58.7215236460473, -34.5371842842656],
            [-58.7218565704786, -34.5374942350004],
            [-58.7225009216918, -34.5380958823457],
            [-58.7226689869114, -34.5382512757439],
            [-58.7191788503338, -34.5407857883695],
            [-58.7190278019518, -34.5406247369053],
            [-58.7202752025103, -34.5397581354517],
            [-58.7203303469579, -34.5397136448666],
            [-58.7196697323494, -34.5391073088617],
            [-58.7190789509203, -34.5385647988038],
            [-58.7190037509283, -34.5384964070791],
            [-58.7189232437538, -34.5384189459188],
            [-58.718338194742, -34.5378584641566],
            [-58.7181986189561, -34.5377263002463]
          ]
        ]
      },
      "properties": {
        "objectid": 181,
        "clave": "067600907",
        "provincia": "06",
        "partido": "760",
        "localidad": "010",
        "fraccion": "09",
        "radio": "07",
        "tot_manzanas": 6,
        "barrio_codigo": 30,
        "barrio_nombre": "San Miguel Norte",
        "circuito": "397",
        "st_area(shape)": 88013.218292385,
        "st_length(shape)": 1483.87923229521
      }
    },
    {
      "type": "Feature",
      "id": 321,
      "geometry": {
        "type": "Polygon",
        "coordinates": [
          [
            [-58.771649632233, -34.5565262394547],
            [-58.772632718143, -34.5557605936062],
            [-58.7736556998136, -34.5549920656324],
            [-58.7736558861565, -34.5549919142705],
            [-58.7736755524504, -34.5550103890154],
            [-58.7742743338841, -34.5555682885416],
            [-58.7748636754744, -34.5561093744297],
            [-58.775421241698, -34.5566234066785],
            [-58.7759799525702, -34.5571490882518],
            [-58.7761387717026, -34.5572935530914],
            [-58.7764156040577, -34.5575260085158],
            [-58.7769067332594, -34.5579379057304],
            [-58.7761280694789, -34.5585107168468],
            [-58.7752293483643, -34.5591819319483],
            [-58.7752254414184, -34.5591791742021],
            [-58.7743087305227, -34.5583643666619],
            [-58.7739665158365, -34.5586204899709],
            [-58.7734236961585, -34.5581345482873],
            [-58.7728514225026, -34.5576310161638],
            [-58.7722137688022, -34.5570434980472],
            [-58.7721654105837, -34.5569979429244],
            [-58.771649632233, -34.5565262394547]
          ]
        ]
      },
      "properties": {
        "objectid": 321,
        "clave": "067601806",
        "provincia": "06",
        "partido": "760",
        "localidad": "010",
        "fraccion": "18",
        "radio": "06",
        "tot_manzanas": 8,
        "barrio_codigo": 1,
        "barrio_nombre": "Santa Brigida",
        "circuito": "397b",
        "st_area(shape)": 104516.472180645,
        "st_length(shape)": 1381.5950018619
      }
    },
    {
      "type": "Feature",
      "id": 96,
      "geometry": {
        "type": "Polygon",
        "coordinates": [
          [
            [-58.7228571291328, -34.5261834928654],
            [-58.724641717763, -34.5248545924979],
            [-58.7264624463918, -34.5235310644285],
            [-58.7264639029444, -34.5235300313197],
            [-58.7265073690186, -34.523569267989],
            [-58.7270794998585, -34.5241082510614],
            [-58.7274636709119, -34.5244635534346],
            [-58.7276921312459, -34.5246748505915],
            [-58.727915319268, -34.5248918152319],
            [-58.7282424759885, -34.5252071664163],
            [-58.7288336671218, -34.5257638688949],
            [-58.7286558528973, -34.5258969986381],
            [-58.72787935246, -34.5264630938204],
            [-58.7270750293001, -34.5270522854251],
            [-58.7269617444554, -34.5271172942001],
            [-58.7268993598507, -34.5271450984152],
            [-58.7266403735796, -34.5273452072236],
            [-58.7260125434706, -34.5278073714326],
            [-58.7253296421015, -34.5283095201662],
            [-58.7252469408645, -34.528376259881],
            [-58.7251878727895, -34.5283215608957],
            [-58.7246402740574, -34.5278065683871],
            [-58.7241463727365, -34.5273417099915],
            [-58.7240387164743, -34.5272594616324],
            [-58.7234640460804, -34.5267351673393],
            [-58.7234156632813, -34.5266940997977],
            [-58.7228571291328, -34.5261834928654]
          ]
        ]
      },
      "properties": {
        "objectid": 96,
        "clave": "067600107",
        "provincia": "06",
        "partido": "760",
        "localidad": "010",
        "fraccion": "01",
        "radio": "07",
        "tot_manzanas": 8,
        "barrio_codigo": 28,
        "barrio_nombre": "Belgrano",
        "circuito": "397",
        "st_area(shape)": 144986.78209378,
        "st_length(shape)": 1539.70196070015
      }
    },
    {
      "type": "Feature",
      "id": 303,
      "geometry": {
        "type": "Polygon",
        "coordinates": [
          [
            [-58.7036644542557, -34.5383164866094],
            [-58.7036931480729, -34.5382221475121],
            [-58.7042438960736, -34.5378268850451],
            [-58.7055257183137, -34.5389476272948],
            [-58.7054959353133, -34.5390987117878],
            [-58.7060888398136, -34.5396717185439],
            [-58.7055931005784, -34.5400315176045],
            [-58.705489428573, -34.5400439390369],
            [-58.7046950898672, -34.5392873804601],
            [-58.7043300401375, -34.5389454939573],
            [-58.7036644542557, -34.5383164866094]
          ]
        ]
      },
      "properties": {
        "objectid": 303,
        "clave": "067600211",
        "provincia": "06",
        "partido": "760",
        "localidad": "010",
        "fraccion": "02",
        "radio": "11",
        "tot_manzanas": 1,
        "barrio_codigo": 30,
        "barrio_nombre": "San Miguel Norte",
        "circuito": "397",
        "st_area(shape)": 20081.806050635,
        "st_length(shape)": 674.358596805352
      }
    },
    {
      "type": "Feature",
      "id": 201,
      "geometry": {
        "type": "Polygon",
        "coordinates": [
          [
            [-58.7085505295766, -34.5576529967507],
            [-58.708941764178, -34.5573641909734],
            [-58.7094927564557, -34.5569598961078],
            [-58.7095809455099, -34.55689322676],
            [-58.7096525859767, -34.5568399020267],
            [-58.7106607786533, -34.5561069286935],
            [-58.7115808373876, -34.5554361113926],
            [-58.7114777645211, -34.5571746588306],
            [-58.7113956827382, -34.5586114702149],
            [-58.7115352813214, -34.5587436420011],
            [-58.7114635708525, -34.558801473915],
            [-58.7110888865237, -34.559076941087],
            [-58.7105765709817, -34.559445596838],
            [-58.7097116218634, -34.5600719197421],
            [-58.7096502576839, -34.5601233826932],
            [-58.7090888051227, -34.559615583513],
            [-58.7086920769619, -34.5592567626781],
            [-58.7076469005597, -34.5583149497688],
            [-58.7085505295766, -34.5576529967507]
          ]
        ]
      },
      "properties": {
        "objectid": 201,
        "clave": "067602408",
        "provincia": "06",
        "partido": "760",
        "localidad": "010",
        "fraccion": "24",
        "radio": "08",
        "tot_manzanas": 7,
        "barrio_codigo": 40,
        "barrio_nombre": "Muniz Oeste",
        "circuito": "400",
        "st_area(shape)": 94714.660871755,
        "st_length(shape)": 1357.53015642658
      }
    },
    {
      "type": "Feature",
      "id": 10,
      "geometry": {
        "type": "Polygon",
        "coordinates": [
          [
            [-58.7277595739775, -34.5307370144877],
            [-58.7285469615948, -34.5301683382667],
            [-58.7291196631789, -34.5297506552821],
            [-58.7293123549329, -34.5296129476296],
            [-58.7302265263456, -34.5289419214455],
            [-58.7310855509494, -34.5283153829518],
            [-58.7311493126785, -34.5282607362764],
            [-58.7311494660112, -34.5282606080718],
            [-58.7311576868597, -34.5282682082415],
            [-58.7317401888152, -34.5288270230499],
            [-58.7317399510449, -34.5288271891374],
            [-58.7307954670837, -34.5294886582787],
            [-58.7313431836405, -34.5299991179648],
            [-58.7304126070437, -34.5306744895816],
            [-58.7303630556495, -34.5307100293357],
            [-58.729657697327, -34.5312282347759],
            [-58.7288871136241, -34.5317943473763],
            [-58.7281381006746, -34.5323453986391],
            [-58.7271083628657, -34.5330918202497],
            [-58.7270422687876, -34.5331407067544],
            [-58.7269980909796, -34.5331808079751],
            [-58.726138984444, -34.5338073145285],
            [-58.7253680175588, -34.5343671328888],
            [-58.7252027411911, -34.5344915996419],
            [-58.7244823165475, -34.5338258557217],
            [-58.7245530477794, -34.533077909377],
            [-58.7249507342965, -34.5328034051086],
            [-58.7259146667653, -34.532087863317],
            [-58.7265811253103, -34.5315945541857],
            [-58.7269996050507, -34.5312924515974],
            [-58.7277595739775, -34.5307370144877]
          ]
        ]
      },
      "properties": {
        "objectid": 10,
        "clave": "067600901",
        "provincia": "06",
        "partido": "760",
        "localidad": "010",
        "fraccion": "09",
        "radio": "01",
        "tot_manzanas": 6,
        "barrio_codigo": 30,
        "barrio_nombre": "San Miguel Norte",
        "circuito": "397",
        "st_area(shape)": 125103.185883165,
        "st_length(shape)": 2015.2380244336
      }
    },
    {
      "type": "Feature",
      "id": 105,
      "geometry": {
        "type": "Polygon",
        "coordinates": [
          [
            [-58.7180018134751, -34.5206708271301],
            [-58.7180735275877, -34.5206186620702],
            [-58.7190665123893, -34.5198993045229],
            [-58.7199514795369, -34.5192331828229],
            [-58.7205071212104, -34.5187353165679],
            [-58.7209966222298, -34.518263644842],
            [-58.7211662856968, -34.5183844271428],
            [-58.7214381442743, -34.5185818800151],
            [-58.7219581260696, -34.5189648141327],
            [-58.7222029179325, -34.5191475087295],
            [-58.7222984366718, -34.5192322177333],
            [-58.7224962248237, -34.5194072414691],
            [-58.7227588650137, -34.519661827757],
            [-58.7230216722507, -34.5199052156642],
            [-58.7232567532445, -34.5201249324347],
            [-58.7234463626882, -34.520303162776],
            [-58.723863872618, -34.5206998399856],
            [-58.724173142642, -34.5209882451097],
            [-58.7243929398471, -34.5211969511275],
            [-58.7241516526558, -34.5213726206224],
            [-58.7230289681927, -34.5221630763646],
            [-58.7223042298489, -34.522687349991],
            [-58.7221142395271, -34.5228285534469],
            [-58.7211216672943, -34.5235829021402],
            [-58.7204760487857, -34.5229627750826],
            [-58.7205820750022, -34.5228856863397],
            [-58.7199815195691, -34.5222955172066],
            [-58.7193531163834, -34.5217277416204],
            [-58.7187627139013, -34.5211710319674],
            [-58.7186463039156, -34.5212569680597],
            [-58.7180018134751, -34.5206708271301]
          ]
        ]
      },
      "properties": {
        "objectid": 105,
        "clave": "067600101",
        "provincia": "06",
        "partido": "760",
        "localidad": "010",
        "fraccion": "01",
        "radio": "01",
        "tot_manzanas": 16,
        "barrio_codigo": 29,
        "barrio_nombre": "Maria Rosa Mistica",
        "circuito": "397",
        "st_area(shape)": 168939.611707975,
        "st_length(shape)": 1695.25330303552
      }
    },
    {
      "type": "Feature",
      "id": 35,
      "geometry": {
        "type": "Polygon",
        "coordinates": [
          [
            [-58.7381094393231, -34.5619326675525],
            [-58.7381701045678, -34.5618837193424],
            [-58.7390181851315, -34.5612795534853],
            [-58.7396467707379, -34.5618629204549],
            [-58.74031288361, -34.5624872340726],
            [-58.741216238735, -34.5618295410783],
            [-58.7422745658787, -34.5628184354199],
            [-58.7423230463739, -34.5628549897584],
            [-58.7423875966491, -34.5629097370508],
            [-58.7432471882112, -34.5637117944482],
            [-58.7441229354925, -34.5645275326588],
            [-58.7441821088371, -34.5645777168414],
            [-58.7450848383836, -34.5654117532576],
            [-58.7459391694833, -34.5662047250813],
            [-58.7460036570572, -34.5662639766959],
            [-58.7460735919841, -34.5663232842387],
            [-58.746798964079, -34.5669977462042],
            [-58.7467168487803, -34.5670239441773],
            [-58.7458519479441, -34.5676595390016],
            [-58.7449760704187, -34.5682995205611],
            [-58.7442612583704, -34.567647689923],
            [-58.7442021506127, -34.5675929996029],
            [-58.7441376633374, -34.5675337479557],
            [-58.7432779570668, -34.5667362015284],
            [-58.7424559217712, -34.5659705861011],
            [-58.7423861943944, -34.5658977581044],
            [-58.7423270890957, -34.5658430669145],
            [-58.7414403162552, -34.5650362160382],
            [-58.7413758340055, -34.564976962103],
            [-58.7405324525717, -34.5641840717959],
            [-58.7395064040449, -34.5632225370206],
            [-58.7394150962428, -34.5631359648494],
            [-58.7393613749561, -34.5630858346959],
            [-58.7387434712765, -34.5625160963054],
            [-58.7381094393231, -34.5619326675525]
          ]
        ]
      },
      "properties": {
        "objectid": 35,
        "clave": "067601601",
        "provincia": "06",
        "partido": "760",
        "localidad": "010",
        "fraccion": "16",
        "radio": "01",
        "tot_manzanas": 9,
        "barrio_codigo": 7,
        "barrio_nombre": "Sarmiento",
        "circuito": "397c",
        "st_area(shape)": 189246.36600076,
        "st_length(shape)": 2337.36023606639
      }
    },
    {
      "type": "Feature",
      "id": 107,
      "geometry": {
        "type": "Polygon",
        "coordinates": [
          [
            [-58.6838253462802, -34.5790260633303],
            [-58.6844535129168, -34.5785821571499],
            [-58.6850440343873, -34.5781062943695],
            [-58.6856442409768, -34.5776551707262],
            [-58.6868175242194, -34.5787349192336],
            [-58.6877444662877, -34.5796316185603],
            [-58.6885122746947, -34.5803564536417],
            [-58.6894359680436, -34.5812181614422],
            [-58.6888351890018, -34.5816533738413],
            [-58.6882123278075, -34.5821063730179],
            [-58.6876169842323, -34.582541637633],
            [-58.6866824705609, -34.5816752921298],
            [-58.6862903587815, -34.5813150350163],
            [-58.6859036995544, -34.5809548353781],
            [-58.6849746693372, -34.5800885369502],
            [-58.6838253462802, -34.5790260633303]
          ]
        ]
      },
      "properties": {
        "objectid": 107,
        "clave": "067601305",
        "provincia": "06",
        "partido": "760",
        "localidad": "010",
        "fraccion": "13",
        "radio": "05",
        "tot_manzanas": 13,
        "barrio_codigo": 35,
        "barrio_nombre": "Obligado",
        "circuito": "402",
        "st_area(shape)": 117515.456875405,
        "st_length(shape)": 1497.60513260079
      }
    },
    {
      "type": "Feature",
      "id": 6,
      "geometry": {
        "type": "Polygon",
        "coordinates": [
          [
            [-58.726138984444, -34.5338073145285],
            [-58.7269980909796, -34.5331808079751],
            [-58.7270422687876, -34.5331407067544],
            [-58.7271083628657, -34.5330918202497],
            [-58.7281381006746, -34.5323453986391],
            [-58.7288871136241, -34.5317943473763],
            [-58.729657697327, -34.5312282347759],
            [-58.7303630556495, -34.5307100293357],
            [-58.7304126070437, -34.5306744895816],
            [-58.7313431836405, -34.5299991179648],
            [-58.7307954670837, -34.5294886582787],
            [-58.7317399510449, -34.5288271891374],
            [-58.7317401888152, -34.5288270230499],
            [-58.7317435070379, -34.5288302069113],
            [-58.7321019044623, -34.5291680560626],
            [-58.7322877342211, -34.5293416970211],
            [-58.7327906225562, -34.5298148322746],
            [-58.7332901034976, -34.5302850673793],
            [-58.733602123216, -34.5305785206839],
            [-58.7336019261186, -34.5305786619583],
            [-58.7329940189266, -34.5310257939447],
            [-58.7323827343629, -34.5314746427115],
            [-58.7317713749257, -34.5319279943979],
            [-58.7310424034657, -34.5324276826335],
            [-58.7303330057782, -34.532928942688],
            [-58.7302085402709, -34.532902776895],
            [-58.7301115982309, -34.5328456393948],
            [-58.7282380918021, -34.534206494715],
            [-58.7269571553225, -34.5351368839343],
            [-58.72678551681, -34.5349813328952],
            [-58.7271215127165, -34.5347324515974],
            [-58.726138984444, -34.5338073145285]
          ]
        ]
      },
      "properties": {
        "objectid": 6,
        "clave": "067600902",
        "provincia": "06",
        "partido": "760",
        "localidad": "010",
        "fraccion": "09",
        "radio": "02",
        "tot_manzanas": 8,
        "barrio_codigo": 30,
        "barrio_nombre": "San Miguel Norte",
        "circuito": "397",
        "st_area(shape)": 140169.923225745,
        "st_length(shape)": 2093.3122378829
      }
    },
    {
      "type": "Feature",
      "id": 233,
      "geometry": {
        "type": "Polygon",
        "coordinates": [
          [
            [-58.708161701946, -34.5478582089669],
            [-58.7105116618278, -34.5461826528072],
            [-58.7105974856616, -34.5462631392695],
            [-58.7110777373862, -34.5467326162031],
            [-58.7120978780869, -34.5476898171785],
            [-58.7131074275202, -34.5486288707447],
            [-58.7126612329587, -34.5489531661461],
            [-58.711978145297, -34.5494507258344],
            [-58.7108389192056, -34.5502785358156],
            [-58.7107518530641, -34.5502039439691],
            [-58.7101179033197, -34.5496338933991],
            [-58.7098115113719, -34.5493692590709],
            [-58.7094082055324, -34.5490314909727],
            [-58.7089248829875, -34.5485847112256],
            [-58.7087529074302, -34.5484341666977],
            [-58.7082594833768, -34.5479485538418],
            [-58.708161701946, -34.5478582089669]
          ]
        ]
      },
      "properties": {
        "objectid": 233,
        "clave": "067600802",
        "provincia": "06",
        "partido": "760",
        "localidad": "010",
        "fraccion": "08",
        "radio": "02",
        "tot_manzanas": 8,
        "barrio_codigo": 39,
        "barrio_nombre": "San Miguel Oeste",
        "circuito": "397",
        "st_area(shape)": 102231.94489691,
        "st_length(shape)": 1287.38934843798
      }
    },
    {
      "type": "Feature",
      "id": 93,
      "geometry": {
        "type": "Polygon",
        "coordinates": [
          [
            [-58.7337074041714, -34.5651042210113],
            [-58.734539545579, -34.5645547441517],
            [-58.7351142666696, -34.565097014936],
            [-58.7358469213782, -34.5645637845103],
            [-58.736802662997, -34.5638556311732],
            [-58.737488887341, -34.5644230392874],
            [-58.7375642616895, -34.5644824078996],
            [-58.7387215100929, -34.565413766612],
            [-58.7387915070613, -34.5654685720633],
            [-58.7386427317415, -34.5655797058934],
            [-58.7376733356789, -34.5662772573815],
            [-58.7367260549232, -34.5669588060564],
            [-58.7358340004833, -34.5675876924032],
            [-58.7348859838662, -34.5682990080149],
            [-58.7337591682238, -34.5672389017832],
            [-58.733234655913, -34.5676148697132],
            [-58.732473967729, -34.5668689824539],
            [-58.7316339403191, -34.5661109908741],
            [-58.7323060227647, -34.565622221142],
            [-58.732639029699, -34.5659366505687],
            [-58.7337074041714, -34.5651042210113]
          ]
        ]
      },
      "properties": {
        "objectid": 93,
        "clave": "067601501",
        "provincia": "06",
        "partido": "760",
        "localidad": "010",
        "fraccion": "15",
        "radio": "01",
        "tot_manzanas": 12,
        "barrio_codigo": 11,
        "barrio_nombre": "San Ignacio",
        "circuito": "397c",
        "st_area(shape)": 153398.925273995,
        "st_length(shape)": 1823.2141994409
      }
    },
    {
      "type": "Feature",
      "id": 89,
      "geometry": {
        "type": "Polygon",
        "coordinates": [
          [
            [-58.7323028315008, -34.5732252280608],
            [-58.7333574279366, -34.5724519741301],
            [-58.7342563590605, -34.5732892498193],
            [-58.7343353043085, -34.5733589781054],
            [-58.7352320315314, -34.5742290787133],
            [-58.7348848643279, -34.5744868771235],
            [-58.7342512679596, -34.5749490178647],
            [-58.7341856882844, -34.5749911905192],
            [-58.7335846359049, -34.575433346586],
            [-58.7331052745503, -34.575784410605],
            [-58.732127588471, -34.5748638784056],
            [-58.7312624967779, -34.5754993639147],
            [-58.7312087716947, -34.575449230193],
            [-58.7303766256681, -34.5746338543912],
            [-58.7304427525567, -34.5745849670973],
            [-58.7312361300687, -34.5740073297405],
            [-58.7323028315008, -34.5732252280608]
          ]
        ]
      },
      "properties": {
        "objectid": 89,
        "clave": "067601506",
        "provincia": "06",
        "partido": "760",
        "localidad": "010",
        "fraccion": "15",
        "radio": "06",
        "tot_manzanas": 5,
        "barrio_codigo": 8,
        "barrio_nombre": "Mitre",
        "circuito": "397c",
        "st_area(shape)": 81638.083565115,
        "st_length(shape)": 1255.48806806215
      }
    },
    {
      "type": "Feature",
      "id": 219,
      "geometry": {
        "type": "Polygon",
        "coordinates": [
          [
            [-58.6936835016179, -34.5590282494047],
            [-58.6941968798163, -34.5587303888562],
            [-58.6960684446639, -34.5574010687386],
            [-58.69906632035, -34.5552716119426],
            [-58.6990663853897, -34.5552715630606],
            [-58.6990665442536, -34.5552714358583],
            [-58.699293426079, -34.5554664321343],
            [-58.699377990456, -34.5555391116153],
            [-58.6998992019189, -34.5560084534188],
            [-58.7005472274203, -34.5566621915106],
            [-58.7012935088938, -34.5573641833363],
            [-58.7018680310949, -34.5579020992882],
            [-58.7019324104213, -34.5579658795135],
            [-58.7032799980051, -34.5592376048648],
            [-58.7017436756209, -34.5603766237434],
            [-58.701086571257, -34.5608637806641],
            [-58.7003978012179, -34.5613657189863],
            [-58.7003314576846, -34.5614281081823],
            [-58.6995984009307, -34.561974639441],
            [-58.6992264577039, -34.5622455917917],
            [-58.6988545109689, -34.5625165438323],
            [-58.6983738953877, -34.5628665537989],
            [-58.6980555109551, -34.5630984162289],
            [-58.6974999280902, -34.5625759114774],
            [-58.6973575271781, -34.5624419877081],
            [-58.6967614981585, -34.5618857948573],
            [-58.6966755433979, -34.5618082611152],
            [-58.6966272246727, -34.5617626769531],
            [-58.695972063079, -34.5611754584754],
            [-58.6953118893868, -34.5605227709301],
            [-58.6941113515567, -34.5594010420027],
            [-58.6940652820944, -34.5593609008107],
            [-58.693856469501, -34.5591789597824],
            [-58.6937889285424, -34.5591201107618],
            [-58.6936835016179, -34.5590282494047]
          ]
        ]
      },
      "properties": {
        "objectid": 219,
        "clave": "067602411",
        "provincia": "06",
        "partido": "760",
        "localidad": "010",
        "fraccion": "24",
        "radio": "11",
        "tot_manzanas": 18,
        "barrio_codigo": 42,
        "barrio_nombre": "Bella Vista Oeste",
        "circuito": "401a",
        "st_area(shape)": 382287.18289496,
        "st_length(shape)": 2480.00381043345
      }
    },
    {
      "type": "Feature",
      "id": 252,
      "geometry": {
        "type": "Polygon",
        "coordinates": [
          [
            [-58.6922923607751, -34.5727985528726],
            [-58.6925072853996, -34.5726431171223],
            [-58.6937197033377, -34.5717637524659],
            [-58.6937804012083, -34.5717148271433],
            [-58.6952637708362, -34.5706205588454],
            [-58.6962086864212, -34.5714748905577],
            [-58.6970195855607, -34.5722316810211],
            [-58.6970839717866, -34.5722954638237],
            [-58.6955738199092, -34.5734015269872],
            [-58.6943006970819, -34.5743298352965],
            [-58.6928786948719, -34.5753692047588],
            [-58.6928181348494, -34.5754091174208],
            [-58.6927355721484, -34.5754623148027],
            [-58.6915119110964, -34.5763595751],
            [-58.6910764498653, -34.5766793947751],
            [-58.6901669571616, -34.5773456561771],
            [-58.6895602613466, -34.5767712870136],
            [-58.6890180274955, -34.5762561949688],
            [-58.6883737098018, -34.5756498672908],
            [-58.6888477342072, -34.5753034307291],
            [-58.6892776779206, -34.5749880665104],
            [-58.6896413986986, -34.5747260705276],
            [-58.6901263786569, -34.5743752396387],
            [-58.6905673494139, -34.5740509754429],
            [-58.6910774359478, -34.5736825621377],
            [-58.6913113260993, -34.573513632167],
            [-58.6922923607751, -34.5727985528726]
          ]
        ]
      },
      "properties": {
        "objectid": 252,
        "clave": "067601301",
        "provincia": "06",
        "partido": "760",
        "localidad": "010",
        "fraccion": "13",
        "radio": "01",
        "tot_manzanas": 12,
        "barrio_codigo": 35,
        "barrio_nombre": "Obligado",
        "circuito": "402",
        "st_area(shape)": 210898.326028245,
        "st_length(shape)": 2189.98600457485
      }
    },
    {
      "type": "Feature",
      "id": 241,
      "geometry": {
        "type": "Polygon",
        "coordinates": [
          [
            [-58.6980555109551, -34.5630984162289],
            [-58.6987092294448, -34.5637279868723],
            [-58.6993908544519, -34.5644013612034],
            [-58.7001798439857, -34.5638196133788],
            [-58.7009347704939, -34.563268804861],
            [-58.7016898282199, -34.5627089801514],
            [-58.7025596316333, -34.5635294555864],
            [-58.7026509007372, -34.5636160553845],
            [-58.7027583010929, -34.5637163470344],
            [-58.7030750556071, -34.5640171626534],
            [-58.7036173711762, -34.5645276873226],
            [-58.7032695909992, -34.5648214426716],
            [-58.7031922126612, -34.5648927298012],
            [-58.7029002288409, -34.5651014471646],
            [-58.7024814913311, -34.5654034606552],
            [-58.7020958536987, -34.565678782786],
            [-58.7016991780758, -34.5659629998943],
            [-58.7010160259405, -34.5664514810425],
            [-58.7009278198959, -34.5665181446199],
            [-58.6998202434087, -34.5673220843421],
            [-58.6996218280239, -34.5674686956802],
            [-58.6983323591149, -34.568405887119],
            [-58.6974356641854, -34.5675625609743],
            [-58.6973766581718, -34.5675033425907],
            [-58.6973230291918, -34.5674486883875],
            [-58.6963940935847, -34.5665779696836],
            [-58.6957175316984, -34.5659442948339],
            [-58.6950302277434, -34.5653014887063],
            [-58.6950963671288, -34.5652526207918],
            [-58.6958238227279, -34.5647195781722],
            [-58.6965401651839, -34.5641999328495],
            [-58.6966007854791, -34.5641555128753],
            [-58.6972951195494, -34.5636491484121],
            [-58.6980555109551, -34.5630984162289]
          ]
        ]
      },
      "properties": {
        "objectid": 241,
        "clave": "067602309",
        "provincia": "06",
        "partido": "760",
        "localidad": "010",
        "fraccion": "23",
        "radio": "09",
        "tot_manzanas": 17,
        "barrio_codigo": 42,
        "barrio_nombre": "Bella Vista Oeste",
        "circuito": "401a",
        "st_area(shape)": 244962.25244042,
        "st_length(shape)": 2217.73930675393
      }
    },
    {
      "type": "Feature",
      "id": 175,
      "geometry": {
        "type": "Polygon",
        "coordinates": [
          [
            [-58.7367177002145, -34.5700260712971],
            [-58.7367727203259, -34.5699905860205],
            [-58.7376706699986, -34.5693373722055],
            [-58.738524551144, -34.5687152431081],
            [-58.7394885219054, -34.5680176293367],
            [-58.7407830520198, -34.5670755418078],
            [-58.7416927139133, -34.5678105246941],
            [-58.7417519559086, -34.5678562038998],
            [-58.7422738338026, -34.568294239217],
            [-58.7426120666004, -34.5686267230861],
            [-58.7426705623729, -34.5687219694878],
            [-58.7424830446735, -34.5688732695537],
            [-58.7413040562579, -34.5697399499862],
            [-58.7403508378632, -34.570446703425],
            [-58.7394744515539, -34.5710924854125],
            [-58.7386208553875, -34.5717177910838],
            [-58.7385602511522, -34.5717622322499],
            [-58.7373754612908, -34.5726468407892],
            [-58.7363472205151, -34.5733712294878],
            [-58.7354000147306, -34.5724911828949],
            [-58.7364192814024, -34.5717445922673],
            [-58.7375376075881, -34.5709314148767],
            [-58.737614758721, -34.5708736239305],
            [-58.7367177002145, -34.5700260712971]
          ]
        ]
      },
      "properties": {
        "objectid": 175,
        "clave": "067601510",
        "provincia": "06",
        "partido": "760",
        "localidad": "010",
        "fraccion": "15",
        "radio": "10",
        "tot_manzanas": 10,
        "barrio_codigo": 8,
        "barrio_nombre": "Mitre",
        "circuito": "397c",
        "st_area(shape)": 164220.681398955,
        "st_length(shape)": 2052.21141106973
      }
    },
    {
      "type": "Feature",
      "id": 31,
      "geometry": {
        "type": "Polygon",
        "coordinates": [
          [
            [-58.7184930359906, -34.5536926166675],
            [-58.7195616538978, -34.5529112120623],
            [-58.7196785411471, -34.5528257398297],
            [-58.7202722261305, -34.5524042985266],
            [-58.7207019445401, -34.5520706285476],
            [-58.7215616861073, -34.551435319029],
            [-58.7216058074627, -34.5513997262892],
            [-58.7230351560538, -34.552681106884],
            [-58.7240966502253, -34.5536685563235],
            [-58.7243057975894, -34.5538514053178],
            [-58.7247976874253, -34.5542634037078],
            [-58.7252383819643, -34.5546555942804],
            [-58.7253888207517, -34.5547923705202],
            [-58.725877160906, -34.5552546762486],
            [-58.726420146872, -34.5557759652145],
            [-58.7270089363476, -34.5563009581561],
            [-58.7275554786563, -34.5568078239725],
            [-58.7279888242325, -34.5571900870086],
            [-58.7280318484755, -34.5572265900927],
            [-58.7284782947136, -34.5576008016865],
            [-58.7285484155326, -34.5576466005248],
            [-58.7304662659185, -34.5590591741829],
            [-58.7305416304184, -34.5591185469672],
            [-58.7314034635901, -34.5597629710978],
            [-58.731992564703, -34.5601998221172],
            [-58.7324430039281, -34.5605444391968],
            [-58.7325022346047, -34.5605901227105],
            [-58.7312941513459, -34.561509013072],
            [-58.7310322184486, -34.5617082402812],
            [-58.7309590470893, -34.5617638935646],
            [-58.7298623668016, -34.5625907582639],
            [-58.7285397300984, -34.5635865192901],
            [-58.7268846377783, -34.5620865194926],
            [-58.7268625753033, -34.5621043167508],
            [-58.7268296886889, -34.5621174942636],
            [-58.7268023165998, -34.5621262224448],
            [-58.726764119288, -34.5621303308615],
            [-58.7267314376016, -34.5621299899584],
            [-58.7266988245982, -34.5621251429207],
            [-58.7266662802832, -34.5621157897488],
            [-58.7266392516073, -34.5621019872648],
            [-58.7266122916276, -34.5620836786493],
            [-58.726590778603, -34.5620654268523],
            [-58.7265801594717, -34.5620472887012],
            [-58.7265641620936, -34.5620245875986],
            [-58.7265591959816, -34.5619929878941],
            [-58.726554161183, -34.5619658943149],
            [-58.7265600202571, -34.5619389143866],
            [-58.7265658793271, -34.5619119344578],
            [-58.7265826322559, -34.5618850681774],
            [-58.7266047634165, -34.5618627648434],
            [-58.7266268945651, -34.5618404615051],
            [-58.7261882808987, -34.5614334295117],
            [-58.7257422954541, -34.5605467828517],
            [-58.7252534407823, -34.5600955021884],
            [-58.7247432883947, -34.5596255505913],
            [-58.7242658170226, -34.5591297356616],
            [-58.7237180444872, -34.5586148230097],
            [-58.7233649592859, -34.5582829146395],
            [-58.7229166773567, -34.5578615121013],
            [-58.7221713634502, -34.5571608764732],
            [-58.7221122777008, -34.5571061758453],
            [-58.7219133034456, -34.5569373395764],
            [-58.7218649054995, -34.5568962721603],
            [-58.7218488414335, -34.5568780765922],
            [-58.721392431623, -34.5564451468723],
            [-58.720871565916, -34.5559529520426],
            [-58.7198039895023, -34.5549646748016],
            [-58.7184930359906, -34.5536926166675]
          ]
        ]
      },
      "properties": {
        "objectid": 31,
        "clave": "067602708",
        "provincia": "06",
        "partido": "760",
        "localidad": "010",
        "fraccion": "27",
        "radio": "08",
        "tot_manzanas": 27,
        "barrio_codigo": 44,
        "barrio_nombre": "Santa Maria",
        "circuito": "397a",
        "st_area(shape)": 595450.55989688,
        "st_length(shape)": 3766.65825407
      }
    },
    {
      "type": "Feature",
      "id": 285,
      "geometry": {
        "type": "Polygon",
        "coordinates": [
          [
            [-58.7163006004868, -34.5552830273806],
            [-58.7165540454291, -34.5550964058561],
            [-58.7170167366271, -34.5547632573333],
            [-58.7174098613749, -34.554482109771],
            [-58.7177494094911, -34.5542301352056],
            [-58.7184930359906, -34.5536926166675],
            [-58.7198039895023, -34.5549646748016],
            [-58.720871565916, -34.5559529520426],
            [-58.721392431623, -34.5564451468723],
            [-58.7218488414335, -34.5568780765922],
            [-58.7218649054995, -34.5568962721603],
            [-58.7219133034456, -34.5569373395764],
            [-58.7221122777008, -34.5571061758453],
            [-58.7221713634502, -34.5571608764732],
            [-58.7229166773567, -34.5578615121013],
            [-58.7233649592859, -34.5582829146395],
            [-58.7237180444872, -34.5586148230097],
            [-58.7242658170226, -34.5591297356616],
            [-58.7247432883947, -34.5596255505913],
            [-58.7252534407823, -34.5600955021884],
            [-58.7257422954541, -34.5605467828517],
            [-58.7261882808987, -34.5614334295117],
            [-58.7266268945651, -34.5618404615051],
            [-58.7266047634165, -34.5618627648434],
            [-58.7265826322559, -34.5618850681774],
            [-58.7265658793271, -34.5619119344578],
            [-58.7265600202571, -34.5619389143866],
            [-58.726554161183, -34.5619658943149],
            [-58.7265591959816, -34.5619929878941],
            [-58.7265641620936, -34.5620245875986],
            [-58.7265801594717, -34.5620472887012],
            [-58.726590778603, -34.5620654268523],
            [-58.7266122916276, -34.5620836786493],
            [-58.7266392516073, -34.5621019872648],
            [-58.7266662802832, -34.5621157897488],
            [-58.7266988245982, -34.5621251429207],
            [-58.7267314376016, -34.5621299899584],
            [-58.726764119288, -34.5621303308615],
            [-58.7268023165998, -34.5621262224448],
            [-58.7268296886889, -34.5621174942636],
            [-58.7268625753033, -34.5621043167508],
            [-58.7268846377783, -34.5620865194926],
            [-58.7285397300984, -34.5635865192901],
            [-58.7279114255258, -34.5640622040883],
            [-58.7278399272772, -34.5641065273464],
            [-58.7277631191323, -34.5641417815337],
            [-58.7276863120267, -34.5641770347811],
            [-58.727604193947, -34.5642032198351],
            [-58.7275166973749, -34.5642248419211],
            [-58.7274456793162, -34.5642376220607],
            [-58.7273758519191, -34.564529838717],
            [-58.7270329600737, -34.5645082358144],
            [-58.7257759004861, -34.5654866214705],
            [-58.7257637688075, -34.5655676179281],
            [-58.7240599430205, -34.5639487707173],
            [-58.723297205209, -34.5632318225606],
            [-58.7228237212414, -34.5627867538859],
            [-58.7223361272755, -34.5622922245786],
            [-58.7217839181214, -34.561818296234],
            [-58.7207598006464, -34.5608803234667],
            [-58.7203357508467, -34.5604919338814],
            [-58.7202369817021, -34.5604014701002],
            [-58.7199306798779, -34.5601209228427],
            [-58.7199143359015, -34.5601058383174],
            [-58.7195859576136, -34.5598027777833],
            [-58.718838419654, -34.5591128611349],
            [-58.7187321735582, -34.5590035394834],
            [-58.7181752299404, -34.558430467906],
            [-58.7171570443574, -34.5574274299601],
            [-58.7162582535685, -34.5566211108301],
            [-58.71546883182, -34.5558827003946],
            [-58.7163006004868, -34.5552830273806]
          ]
        ]
      },
      "properties": {
        "objectid": 285,
        "clave": "067602709",
        "provincia": "06",
        "partido": "760",
        "localidad": "010",
        "fraccion": "27",
        "radio": "09",
        "tot_manzanas": 22,
        "barrio_codigo": 44,
        "barrio_nombre": "Santa Maria",
        "circuito": "397a",
        "st_area(shape)": 511301.948331225,
        "st_length(shape)": 3619.11863313525
      }
    },
    {
      "type": "Feature",
      "id": 327,
      "geometry": {
        "type": "Polygon",
        "coordinates": [
          [
            [-58.7580982864966, -34.5495898735488],
            [-58.7582162363355, -34.5495033470893],
            [-58.7590320688666, -34.5489130344861],
            [-58.7598887676058, -34.5482873585013],
            [-58.7607946928379, -34.5476454815959],
            [-58.7615296417219, -34.5471063788061],
            [-58.7625183263873, -34.5480171713852],
            [-58.7633922144615, -34.5488260575033],
            [-58.7633920546028, -34.5488261856821],
            [-58.7616940989896, -34.5500958245929],
            [-58.7605044152828, -34.5509806174071],
            [-58.7600031877612, -34.5513541037012],
            [-58.7590844490379, -34.5504974778855],
            [-58.7580982864966, -34.5495898735488]
          ]
        ]
      },
      "properties": {
        "objectid": 327,
        "clave": "067601701",
        "provincia": "06",
        "partido": "760",
        "localidad": "010",
        "fraccion": "17",
        "radio": "01",
        "tot_manzanas": 4,
        "barrio_codigo": 7,
        "barrio_nombre": "Sarmiento",
        "circuito": "397b",
        "st_area(shape)": 108607.220036,
        "st_length(shape)": 1356.08675157258
      }
    },
    {
      "type": "Feature",
      "id": 50,
      "geometry": {
        "type": "Polygon",
        "coordinates": [
          [
            [-58.7532673102911, -34.5488395433167],
            [-58.7538406369291, -34.5484318572761],
            [-58.7543878238802, -34.5489654561042],
            [-58.7549131373348, -34.5494615981972],
            [-58.7550026790361, -34.5495439126138],
            [-58.755002523789, -34.549544022801],
            [-58.7540222003838, -34.5502611363675],
            [-58.7530681478532, -34.5509603582592],
            [-58.7517706187642, -34.5518237155086],
            [-58.7514972173209, -34.551555849431],
            [-58.7512017103071, -34.5512824159953],
            [-58.750626907206, -34.5507447257373],
            [-58.7507961116182, -34.5506332582868],
            [-58.7515958131994, -34.5500605810122],
            [-58.7518821780191, -34.5498516871508],
            [-58.7524064557121, -34.5494674570096],
            [-58.7528404401098, -34.5491493959253],
            [-58.7532673102911, -34.5488395433167]
          ]
        ]
      },
      "properties": {
        "objectid": 50,
        "clave": "067601707",
        "provincia": "06",
        "partido": "760",
        "localidad": "010",
        "fraccion": "17",
        "radio": "07",
        "tot_manzanas": 6,
        "barrio_codigo": 9,
        "barrio_nombre": "San Antonio",
        "circuito": "397b",
        "st_area(shape)": 63510.973631185,
        "st_length(shape)": 1103.37914853201
      }
    },
    {
      "type": "Feature",
      "id": 253,
      "geometry": {
        "type": "Polygon",
        "coordinates": [
          [
            [-58.746798964079, -34.5669977462042],
            [-58.7468646698034, -34.5669758865536],
            [-58.7477240421642, -34.5663447353458],
            [-58.7484126469752, -34.5658380179373],
            [-58.7485456749895, -34.5656861489198],
            [-58.7486117843014, -34.5656372513245],
            [-58.7492189522596, -34.566202323628],
            [-58.7491748343314, -34.5662379263519],
            [-58.7498409864888, -34.5668666959934],
            [-58.7505231525399, -34.56751816025],
            [-58.7502421698185, -34.567727104723],
            [-58.7500301344608, -34.5678692446866],
            [-58.7495095758868, -34.5682604226958],
            [-58.7488375018913, -34.5687537948543],
            [-58.7487177271233, -34.5687480601471],
            [-58.7486088461357, -34.5687424370143],
            [-58.7477327747904, -34.5693959569329],
            [-58.7468732362215, -34.5700361195347],
            [-58.7462176103962, -34.5705206319604],
            [-58.7456169941228, -34.5709696513344],
            [-58.7455411569947, -34.571033902997],
            [-58.7448645558696, -34.5715047528879],
            [-58.7442892273409, -34.5719475023353],
            [-58.7435069194954, -34.5725208331585],
            [-58.7434383820705, -34.5720063480539],
            [-58.7433256325966, -34.571171421588],
            [-58.7433105104363, -34.5710901435527],
            [-58.7434924497307, -34.5709477976693],
            [-58.7440433037155, -34.570547852137],
            [-58.7445942201792, -34.5701433978267],
            [-58.7446437218947, -34.5701123590494],
            [-58.745266397649, -34.5696455437821],
            [-58.7459166420166, -34.5691564742438],
            [-58.7458575997796, -34.569097278538],
            [-58.7449760704187, -34.5682995205611],
            [-58.7458519479441, -34.5676595390016],
            [-58.7467168487803, -34.5670239441773],
            [-58.746798964079, -34.5669977462042]
          ]
        ]
      },
      "properties": {
        "objectid": 253,
        "clave": "067601603",
        "provincia": "06",
        "partido": "760",
        "localidad": "010",
        "fraccion": "16",
        "radio": "03",
        "tot_manzanas": 14,
        "barrio_codigo": 3,
        "barrio_nombre": "La Gloria",
        "circuito": "397c",
        "st_area(shape)": 163789.04136653,
        "st_length(shape)": 2190.82270296327
      }
    },
    {
      "type": "Feature",
      "id": 14,
      "geometry": {
        "type": "Polygon",
        "coordinates": [
          [
            [-58.7620078127834, -34.5645840493241],
            [-58.7626514760075, -34.5641195708773],
            [-58.7632528844102, -34.5636502314532],
            [-58.7638698293548, -34.5631922746945],
            [-58.7645305440119, -34.5627212371326],
            [-58.7651324877028, -34.5632771648714],
            [-58.7656860143799, -34.5637920383061],
            [-58.7662449284779, -34.5643114705844],
            [-58.7671926647711, -34.5651987186393],
            [-58.7671960219003, -34.5652018902257],
            [-58.7666006611429, -34.5656573037752],
            [-58.7659673221019, -34.5661421892269],
            [-58.7653475953836, -34.5666100152823],
            [-58.7653362631035, -34.56661842944],
            [-58.7653321263065, -34.5666149299294],
            [-58.7643501079389, -34.565711963029],
            [-58.7637857495725, -34.5651924670725],
            [-58.763163341808, -34.5656503677356],
            [-58.7628731278164, -34.5653815217647],
            [-58.7625989913999, -34.5651308664531],
            [-58.7620078127834, -34.5645840493241]
          ]
        ]
      },
      "properties": {
        "objectid": 14,
        "clave": "067603509",
        "provincia": "06",
        "partido": "760",
        "localidad": "010",
        "fraccion": "35",
        "radio": "09",
        "tot_manzanas": 14,
        "barrio_codigo": 1,
        "barrio_nombre": "Santa Brigida",
        "circuito": "397b",
        "st_area(shape)": 98655.74961567,
        "st_length(shape)": 1358.82801748694
      }
    },
    {
      "type": "Feature",
      "id": 231,
      "geometry": {
        "type": "Polygon",
        "coordinates": [
          [
            [-58.6795897584207, -34.5584000584439],
            [-58.6802799005247, -34.5578824326771],
            [-58.6810184895482, -34.5573360780082],
            [-58.6810902012257, -34.557271190326],
            [-58.6819860719575, -34.5566234318003],
            [-58.6826084301827, -34.556171980423],
            [-58.6832747590225, -34.5568034882966],
            [-58.68398656755, -34.557397044253],
            [-58.6846581593222, -34.5579792634907],
            [-58.6853342891398, -34.5586310213009],
            [-58.6852461503297, -34.5586931674763],
            [-58.684556213121, -34.5591872269749],
            [-58.683751010851, -34.5597923782923],
            [-58.6836974035913, -34.5598347258538],
            [-58.6830195754457, -34.5603276702591],
            [-58.6822700795646, -34.5608739179832],
            [-58.6809386349462, -34.5596336865437],
            [-58.6795897584207, -34.5584000584439]
          ]
        ]
      },
      "properties": {
        "objectid": 231,
        "clave": "067602206",
        "provincia": "06",
        "partido": "760",
        "localidad": "010",
        "fraccion": "22",
        "radio": "06",
        "tot_manzanas": 9,
        "barrio_codigo": 41,
        "barrio_nombre": "Bella Vista Norte",
        "circuito": "401a",
        "st_area(shape)": 138192.942373985,
        "st_length(shape)": 1485.95547672742
      }
    },
    {
      "type": "Feature",
      "id": 66,
      "geometry": {
        "type": "Polygon",
        "coordinates": [
          [
            [-58.7248109197287, -34.5737291802153],
            [-58.7254585215786, -34.5732836743069],
            [-58.7257032171138, -34.573106907937],
            [-58.726579289525, -34.5724670695562],
            [-58.7274162350209, -34.5718577723512],
            [-58.7282462789782, -34.5712020561918],
            [-58.7290564837362, -34.5706506294263],
            [-58.7294417642603, -34.570371513169],
            [-58.729408323157, -34.570503381247],
            [-58.7304623050759, -34.5715070072077],
            [-58.7305429225953, -34.5715799551611],
            [-58.7314077602641, -34.572363826178],
            [-58.7323028315008, -34.5732252280608],
            [-58.7312361300687, -34.5740073297405],
            [-58.7304427525567, -34.5745849670973],
            [-58.7303766256681, -34.5746338543912],
            [-58.7303229701885, -34.5745792141736],
            [-58.7294580865698, -34.5737679984477],
            [-58.7293935368252, -34.5737132444132],
            [-58.7285504606895, -34.5729022484815],
            [-58.7277461118702, -34.5734842608428],
            [-58.727685500694, -34.5735286973412],
            [-58.7268204579817, -34.5741596449253],
            [-58.7259554720692, -34.5747860808222],
            [-58.7248109197287, -34.5737291802153]
          ]
        ]
      },
      "properties": {
        "objectid": 66,
        "clave": "067601504",
        "provincia": "06",
        "partido": "760",
        "localidad": "010",
        "fraccion": "15",
        "radio": "04",
        "tot_manzanas": 9,
        "barrio_codigo": 8,
        "barrio_nombre": "Mitre",
        "circuito": "397c",
        "st_area(shape)": 146719.87053071,
        "st_length(shape)": 1947.74889058866
      }
    },
    {
      "type": "Feature",
      "id": 109,
      "geometry": {
        "type": "Polygon",
        "coordinates": [
          [
            [-58.7272630463503, -34.5472584593051],
            [-58.728105673055, -34.5466498025006],
            [-58.7281937679974, -34.5465876242637],
            [-58.7291279967534, -34.5459313187415],
            [-58.7300108478035, -34.5452950470121],
            [-58.7301265114398, -34.5452106207188],
            [-58.7313459616037, -34.5463274752953],
            [-58.731684405671, -34.5466374578836],
            [-58.7326191537943, -34.5474944520911],
            [-58.7316571249175, -34.5481361510699],
            [-58.7314958165577, -34.5482258345128],
            [-58.7314588232407, -34.548167197236],
            [-58.7314238686274, -34.548062882523],
            [-58.7311542447963, -34.5481675177384],
            [-58.7308938984811, -34.5482278914256],
            [-58.7306382327868, -34.5483848211948],
            [-58.7304877973665, -34.5485000926769],
            [-58.7304057494306, -34.5486478881406],
            [-58.7303070007411, -34.5488831077704],
            [-58.7302900344059, -34.5491467976866],
            [-58.729761113982, -34.5495424046881],
            [-58.7291758756616, -34.5490145188167],
            [-58.7285040648956, -34.5483890872323],
            [-58.7282140243317, -34.5481201627732],
            [-58.7280272331596, -34.5479503320345],
            [-58.7278653227361, -34.5478064286018],
            [-58.7272630463503, -34.5472584593051]
          ]
        ]
      },
      "properties": {
        "objectid": 109,
        "clave": "067601102",
        "provincia": "06",
        "partido": "760",
        "localidad": "010",
        "fraccion": "11",
        "radio": "02",
        "tot_manzanas": 11,
        "barrio_codigo": 16,
        "barrio_nombre": "La Manuelita",
        "circuito": "397a",
        "st_area(shape)": 113074.534464985,
        "st_length(shape)": 1421.94000871974
      }
    },
    {
      "type": "Feature",
      "id": 155,
      "geometry": {
        "type": "Polygon",
        "coordinates": [
          [
            [-58.7128598328876, -34.5684613424275],
            [-58.7134609295258, -34.5679962223003],
            [-58.7138635050374, -34.5677079979388],
            [-58.7144621845115, -34.567257403386],
            [-58.7146934640231, -34.5671003171073],
            [-58.7155787049945, -34.566452365862],
            [-58.7157405167608, -34.5663325823524],
            [-58.7159148639797, -34.5662035202322],
            [-58.7165816573687, -34.5657102757392],
            [-58.7175593397771, -34.5666129032326],
            [-58.7186230245179, -34.5675930420898],
            [-58.7195953726252, -34.5684910915835],
            [-58.7205409198487, -34.5693618105973],
            [-58.7205784983521, -34.5693982591885],
            [-58.7215237211273, -34.5702915014661],
            [-58.7215504756029, -34.5703233295476],
            [-58.7224739279574, -34.5712163365332],
            [-58.7224409670286, -34.5712340188496],
            [-58.7217742299288, -34.5717227885906],
            [-58.7214537338701, -34.571954990175],
            [-58.7199285094693, -34.573059997566],
            [-58.7193224969366, -34.5734953083639],
            [-58.7187384763359, -34.5739173264405],
            [-58.7186722742082, -34.5739707124585],
            [-58.7168404405222, -34.5722704232507],
            [-58.7167815557092, -34.5722022017116],
            [-58.7167332891656, -34.572152119106],
            [-58.7158470521524, -34.5713225565664],
            [-58.7157385478173, -34.5712216841617],
            [-58.714890917041, -34.5704336629505],
            [-58.7146802957789, -34.5702374152679],
            [-58.7138488928664, -34.5694627339881],
            [-58.7128598328876, -34.5684613424275]
          ]
        ]
      },
      "properties": {
        "objectid": 155,
        "clave": "067602803",
        "provincia": "06",
        "partido": "760",
        "localidad": "010",
        "fraccion": "28",
        "radio": "03",
        "tot_manzanas": 14,
        "barrio_codigo": 40,
        "barrio_nombre": "Muniz Oeste",
        "circuito": "400",
        "st_area(shape)": 378611.18339195,
        "st_length(shape)": 2549.43390468248
      }
    },
    {
      "type": "Feature",
      "id": 13,
      "geometry": {
        "type": "Polygon",
        "coordinates": [
          [
            [-58.7366042890867, -34.551175798079],
            [-58.7368083402195, -34.5510275860935],
            [-58.7374036726682, -34.5505951634059],
            [-58.7382519135375, -34.5499729738757],
            [-58.7389285442546, -34.5506154311316],
            [-58.7395838069442, -34.5512306229348],
            [-58.740222877276, -34.5518366304648],
            [-58.7407223888978, -34.5523059894703],
            [-58.7407844946894, -34.5523838406731],
            [-58.7410715121905, -34.5526340831038],
            [-58.7413397101935, -34.5529058061207],
            [-58.7418802850326, -34.5533898444179],
            [-58.7407301608422, -34.5543206302878],
            [-58.7394581799056, -34.5551847125377],
            [-58.7389163044131, -34.5546624519363],
            [-58.7386686198756, -34.5544374526998],
            [-58.7383904147999, -34.5542036899075],
            [-58.7391544835794, -34.5535843637794],
            [-58.7385381574014, -34.5529965059359],
            [-58.7379420424537, -34.5524575514509],
            [-58.7376251339024, -34.5521613292166],
            [-58.7372270483803, -34.5517699551547],
            [-58.7366042890867, -34.551175798079]
          ]
        ]
      },
      "properties": {
        "objectid": 13,
        "clave": "067602701",
        "provincia": "06",
        "partido": "760",
        "localidad": "010",
        "fraccion": "27",
        "radio": "01",
        "tot_manzanas": 12,
        "barrio_codigo": 14,
        "barrio_nombre": "Colegio Maximo",
        "circuito": "397a",
        "st_area(shape)": 117213.51990161,
        "st_length(shape)": 1605.31368315657
      }
    },
    {
      "type": "Feature",
      "id": 268,
      "geometry": {
        "type": "Polygon",
        "coordinates": [
          [
            [-58.7020985066053, -34.5469214186064],
            [-58.7022673296331, -34.5469232132276],
            [-58.7029890627322, -34.5463945708341],
            [-58.7036655265954, -34.5470282041202],
            [-58.7037084649619, -34.5470692215787],
            [-58.7043904565866, -34.5476984036648],
            [-58.7044381431568, -34.5477845396413],
            [-58.703628292212, -34.5483753505278],
            [-58.7028928915224, -34.5476779951613],
            [-58.7020985066053, -34.5469214186064]
          ]
        ]
      },
      "properties": {
        "objectid": 268,
        "clave": "067602107",
        "provincia": "06",
        "partido": "760",
        "localidad": "010",
        "fraccion": "21",
        "radio": "07",
        "tot_manzanas": 2,
        "barrio_codigo": 31,
        "barrio_nombre": "Muniz Norte",
        "circuito": "400",
        "st_area(shape)": 20606.16462509,
        "st_length(shape)": 621.101245008525
      }
    },
    {
      "type": "Feature",
      "id": 133,
      "geometry": {
        "type": "Polygon",
        "coordinates": [
          [
            [-58.6983323591149, -34.568405887119],
            [-58.6996218280239, -34.5674686956802],
            [-58.6998202434087, -34.5673220843421],
            [-58.7009278198959, -34.5665181446199],
            [-58.7010160259405, -34.5664514810425],
            [-58.7016991780758, -34.5659629998943],
            [-58.7020958536987, -34.565678782786],
            [-58.7024814913311, -34.5654034606552],
            [-58.7029002288409, -34.5651014471646],
            [-58.7031922126612, -34.5648927298012],
            [-58.7032695909992, -34.5648214426716],
            [-58.7043646672952, -34.5658531249485],
            [-58.7050791246123, -34.5665262036054],
            [-58.7056157815971, -34.5670323717019],
            [-58.7059900099119, -34.5673853348231],
            [-58.7069155497818, -34.5682582630731],
            [-58.7061167573693, -34.568826670389],
            [-58.7053234004266, -34.5693951290516],
            [-58.7048698255079, -34.5697221308175],
            [-58.70454099743, -34.569959192722],
            [-58.7059391937673, -34.571303439869],
            [-58.7064057494481, -34.5717519824358],
            [-58.707145108569, -34.5724340058604],
            [-58.7071987472147, -34.5724886559196],
            [-58.7071381261751, -34.5725330819911],
            [-58.7059916243918, -34.5733862394371],
            [-58.7046356403825, -34.5743949002555],
            [-58.7030605439973, -34.5729072815407],
            [-58.7009630517004, -34.5709081544849],
            [-58.7008913934895, -34.5709614736013],
            [-58.6993204809853, -34.5721255261267],
            [-58.6980197589142, -34.5730806209245],
            [-58.6979591327002, -34.5731250423122],
            [-58.6964543540179, -34.5742356803326],
            [-58.6955738199092, -34.5734015269872],
            [-58.6970839717866, -34.5722954638237],
            [-58.6970195855607, -34.5722316810211],
            [-58.6962086864212, -34.5714748905577],
            [-58.6952637708362, -34.5706205588454],
            [-58.6966625647659, -34.5696229341344],
            [-58.6968444374077, -34.569489671608],
            [-58.6983323591149, -34.568405887119]
          ]
        ]
      },
      "properties": {
        "objectid": 133,
        "clave": "067601207",
        "provincia": "06",
        "partido": "760",
        "localidad": "010",
        "fraccion": "12",
        "radio": "07",
        "tot_manzanas": 26,
        "barrio_codigo": 42,
        "barrio_nombre": "Bella Vista Oeste",
        "circuito": "402",
        "st_area(shape)": 583343.77495519,
        "st_length(shape)": 4086.12523639458
      }
    },
    {
      "type": "Feature",
      "id": 195,
      "geometry": {
        "type": "Polygon",
        "coordinates": [
          [
            [-58.7269571553225, -34.5351368839343],
            [-58.7282380918021, -34.534206494715],
            [-58.7301115982309, -34.5328456393948],
            [-58.7302085402709, -34.532902776895],
            [-58.7303330057782, -34.532928942688],
            [-58.7309794957851, -34.5335106884563],
            [-58.7311835378678, -34.5337020962047],
            [-58.7315701849414, -34.5340621545909],
            [-58.7321553683661, -34.5346180685108],
            [-58.7314724447496, -34.5351202506315],
            [-58.7311034466626, -34.5353913345005],
            [-58.7306174543596, -34.5357137204171],
            [-58.7300561120531, -34.5361433510965],
            [-58.7290382939061, -34.536875894931],
            [-58.7284533739717, -34.5363237268835],
            [-58.7283377223572, -34.5364081528582],
            [-58.7277630318883, -34.5358793714338],
            [-58.727150780957, -34.5353141409287],
            [-58.7271024600642, -34.5352685686082],
            [-58.7269571553225, -34.5351368839343]
          ]
        ]
      },
      "properties": {
        "objectid": 195,
        "clave": "067601002",
        "provincia": "06",
        "partido": "760",
        "localidad": "010",
        "fraccion": "10",
        "radio": "02",
        "tot_manzanas": 11,
        "barrio_codigo": 27,
        "barrio_nombre": "San Jorge",
        "circuito": "397",
        "st_area(shape)": 105868.06462353,
        "st_length(shape)": 1325.04625905834
      }
    },
    {
      "type": "Feature",
      "id": 2,
      "geometry": {
        "type": "Polygon",
        "coordinates": [
          [
            [-58.7326191537943, -34.5474944520911],
            [-58.7326852574174, -34.5474455628687],
            [-58.7334014980496, -34.5469076668041],
            [-58.7342566046099, -34.5462193808979],
            [-58.7353457722804, -34.5454274391148],
            [-58.7362107904219, -34.5448163603505],
            [-58.7364694221496, -34.5446627861456],
            [-58.7366435088835, -34.5444338697154],
            [-58.7367176796956, -34.5442073633858],
            [-58.7367703686488, -34.5440254004921],
            [-58.7378973633632, -34.5440783781459],
            [-58.7378829051826, -34.5442090836195],
            [-58.7378119643062, -34.5444790819481],
            [-58.7376987610752, -34.5447618438768],
            [-58.7381605722291, -34.5451992754173],
            [-58.7385901370193, -34.5456041417127],
            [-58.7393367016116, -34.5463065908228],
            [-58.7384719647059, -34.5469421380024],
            [-58.7376126617871, -34.5475777359281],
            [-58.7365332544391, -34.54835977536],
            [-58.7364618435176, -34.5483995980338],
            [-58.7356687488543, -34.5489772769446],
            [-58.7344900960631, -34.5479515594611],
            [-58.7336850373265, -34.5485283090888],
            [-58.7331508682684, -34.5480267328739],
            [-58.7326191537943, -34.5474944520911]
          ]
        ]
      },
      "properties": {
        "objectid": 2,
        "clave": "067601106",
        "provincia": "06",
        "partido": "760",
        "localidad": "010",
        "fraccion": "11",
        "radio": "06",
        "tot_manzanas": 12,
        "barrio_codigo": 15,
        "barrio_nombre": "Parque San Miguel",
        "circuito": "397a",
        "st_area(shape)": 161945.42546608,
        "st_length(shape)": 1814.11912053379
      }
    },
    {
      "type": "Feature",
      "id": 199,
      "geometry": {
        "type": "Polygon",
        "coordinates": [
          [
            [-58.7120978780869, -34.5476898171785],
            [-58.7132217582537, -34.5468633966802],
            [-58.7132603652965, -34.546832255671],
            [-58.7143400317764, -34.5460459201133],
            [-58.7152599495471, -34.5453750717828],
            [-58.7153425372918, -34.5453173518028],
            [-58.7163201926421, -34.5462557218363],
            [-58.7172973743816, -34.547198828497],
            [-58.7163429667381, -34.547914799788],
            [-58.7159628327542, -34.548194732704],
            [-58.7152246173402, -34.5487368004547],
            [-58.7141007999097, -34.5495587329131],
            [-58.7131074275202, -34.5486288707447],
            [-58.7120978780869, -34.5476898171785]
          ]
        ]
      },
      "properties": {
        "objectid": 199,
        "clave": "067600803",
        "provincia": "06",
        "partido": "760",
        "localidad": "010",
        "fraccion": "08",
        "radio": "03",
        "tot_manzanas": 6,
        "barrio_codigo": 39,
        "barrio_nombre": "San Miguel Oeste",
        "circuito": "397",
        "st_area(shape)": 109544.96804094,
        "st_length(shape)": 1343.24623687611
      }
    },
    {
      "type": "Feature",
      "id": 246,
      "geometry": {
        "type": "Polygon",
        "coordinates": [
          [
            [-58.7219987255473, -34.578406644144],
            [-58.7222342257447, -34.5783409984264],
            [-58.7224322228977, -34.5785245577043],
            [-58.7226575685942, -34.5787392638765],
            [-58.7230405039098, -34.5784867526409],
            [-58.723073443153, -34.5784651129921],
            [-58.7236484561575, -34.578028816306],
            [-58.7239225478879, -34.577816456276],
            [-58.7243008693438, -34.5775224641265],
            [-58.7252335505372, -34.5783786116867],
            [-58.7261490756524, -34.5792211193561],
            [-58.7271627762682, -34.5801482396598],
            [-58.7267207316637, -34.5804911156584],
            [-58.7266467414191, -34.5805485069747],
            [-58.7260491526092, -34.5810332376507],
            [-58.7255103025776, -34.5814001654566],
            [-58.7254619160921, -34.5814327032683],
            [-58.7253095616897, -34.5815351538724],
            [-58.7243145760323, -34.580650206867],
            [-58.7233523078029, -34.5797456982971],
            [-58.7219987255473, -34.578406644144]
          ]
        ]
      },
      "properties": {
        "objectid": 246,
        "clave": "067602808",
        "provincia": "06",
        "partido": "760",
        "localidad": "010",
        "fraccion": "28",
        "radio": "08",
        "tot_manzanas": 5,
        "barrio_codigo": 8,
        "barrio_nombre": "Mitre",
        "circuito": "397c",
        "st_area(shape)": 91653.94821645,
        "st_length(shape)": 1367.33675160478
      }
    },
    {
      "type": "Feature",
      "id": 75,
      "geometry": {
        "type": "Polygon",
        "coordinates": [
          [
            [-58.7197178038124, -34.5324106379297],
            [-58.7208799287422, -34.5315575014402],
            [-58.721557301583, -34.5310643352249],
            [-58.7218258274308, -34.5313105157796],
            [-58.7226740129216, -34.5321125966026],
            [-58.7227276369232, -34.5321672398404],
            [-58.7233504486925, -34.5327506300473],
            [-58.7233880823794, -34.5327825715192],
            [-58.7236725427005, -34.5330559558235],
            [-58.7245530477794, -34.533077909377],
            [-58.7236454101829, -34.5337632484181],
            [-58.7232763925252, -34.5340343082491],
            [-58.722885455417, -34.5343141522954],
            [-58.7222356332781, -34.5347850794217],
            [-58.7221365187264, -34.5348561519626],
            [-58.7203906859983, -34.5361268276739],
            [-58.7196120990342, -34.5354020776393],
            [-58.7190376788679, -34.5348597380372],
            [-58.7188981068026, -34.53472757495],
            [-58.7178672186567, -34.5337658101306],
            [-58.7187979988015, -34.5330860322599],
            [-58.7197178038124, -34.5324106379297]
          ]
        ]
      },
      "properties": {
        "objectid": 75,
        "clave": "067600904",
        "provincia": "06",
        "partido": "760",
        "localidad": "010",
        "fraccion": "09",
        "radio": "04",
        "tot_manzanas": 7,
        "barrio_codigo": 30,
        "barrio_nombre": "San Miguel Norte",
        "circuito": "397",
        "st_area(shape)": 160113.392732045,
        "st_length(shape)": 1687.59813573972
      }
    },
    {
      "type": "Feature",
      "id": 128,
      "geometry": {
        "type": "Polygon",
        "coordinates": [
          [
            [-58.7426394653766, -34.5740442230202],
            [-58.7428524695979, -34.5740103625377],
            [-58.7436984980249, -34.5739109099796],
            [-58.7437671727442, -34.5744163825461],
            [-58.7438116608155, -34.5747187990189],
            [-58.7439195143719, -34.5755176186449],
            [-58.7439637323262, -34.5758380587151],
            [-58.7435607706195, -34.5754598437683],
            [-58.7422220115543, -34.5764375573195],
            [-58.7408832212467, -34.5774152544446],
            [-58.7411303629836, -34.5776476528771],
            [-58.7410810592889, -34.5776651716477],
            [-58.7409603880548, -34.5777180088658],
            [-58.7408504767478, -34.5777799706592],
            [-58.7407404293628, -34.5778509437253],
            [-58.7406743056782, -34.5778998366497],
            [-58.7403648673941, -34.5781850808844],
            [-58.7402885950663, -34.5781842936075],
            [-58.7401360504196, -34.578182718911],
            [-58.7395262132115, -34.5781538866477],
            [-58.7394171858724, -34.5781572673516],
            [-58.7393080893948, -34.5781651540824],
            [-58.7391987887523, -34.5781865591223],
            [-58.7390894200016, -34.5782124701985],
            [-58.7389908111131, -34.5782475060337],
            [-58.7389414385754, -34.5782695300558],
            [-58.7381729973935, -34.5775585221466],
            [-58.7388947130373, -34.5770341760642],
            [-58.739710121349, -34.5764386836969],
            [-58.7398312675327, -34.5763543047145],
            [-58.7406521115096, -34.5757588628618],
            [-58.7424699928936, -34.5744435851009],
            [-58.7426761058706, -34.5741437510622],
            [-58.7426394653766, -34.5740442230202]
          ]
        ]
      },
      "properties": {
        "objectid": 128,
        "clave": "067603003",
        "provincia": "06",
        "partido": "760",
        "localidad": "010",
        "fraccion": "30",
        "radio": "03",
        "tot_manzanas": 10,
        "barrio_codigo": 6,
        "barrio_nombre": "La Guarida",
        "circuito": "397c",
        "st_area(shape)": 95598.00097537,
        "st_length(shape)": 1637.57078890912
      }
    },
    {
      "type": "Feature",
      "id": 243,
      "geometry": {
        "type": "Polygon",
        "coordinates": [
          [
            [-58.7292955470845, -34.5536523068377],
            [-58.730276301527, -34.5529188829836],
            [-58.7310178995739, -34.5523874023575],
            [-58.7317192474616, -34.5518792806834],
            [-58.7317799761525, -34.5518258293391],
            [-58.7325953879173, -34.5512168602997],
            [-58.7326812979221, -34.5512988755172],
            [-58.7331693821639, -34.5517648635348],
            [-58.7337168363905, -34.5522716044006],
            [-58.7343057180459, -34.5528323480372],
            [-58.7341258218817, -34.5529761028138],
            [-58.7336320596407, -34.5533408042786],
            [-58.7335172031352, -34.5534195345934],
            [-58.7327364707083, -34.5539740579882],
            [-58.7320483697765, -34.5544634336878],
            [-58.7314867496286, -34.5539184652865],
            [-58.731448145833, -34.5539496121031],
            [-58.7310105762093, -34.5542598390376],
            [-58.7304396975756, -34.5546645738959],
            [-58.7298344695282, -34.5551091181475],
            [-58.7294816469638, -34.5553848703294],
            [-58.729426565162, -34.5554248586809],
            [-58.7292500282618, -34.5555584960962],
            [-58.7286219820214, -34.5560339190783],
            [-58.7285668993964, -34.5560739061179],
            [-58.7275554786563, -34.5568078239725],
            [-58.7270089363476, -34.5563009581561],
            [-58.726420146872, -34.5557759652145],
            [-58.7274446310295, -34.555007612661],
            [-58.7283311822943, -34.5543813864073],
            [-58.7292955470845, -34.5536523068377]
          ]
        ]
      },
      "properties": {
        "objectid": 243,
        "clave": "067601109",
        "provincia": "06",
        "partido": "760",
        "localidad": "010",
        "fraccion": "11",
        "radio": "09",
        "tot_manzanas": 16,
        "barrio_codigo": 17,
        "barrio_nombre": "Bello Horizonte",
        "circuito": "397a",
        "st_area(shape)": 140024.72253364,
        "st_length(shape)": 1990.31439462186
      }
    },
    {
      "type": "Feature",
      "id": 166,
      "geometry": {
        "type": "Polygon",
        "coordinates": [
          [
            [-58.7363472205151, -34.5733712294878],
            [-58.7373754612908, -34.5726468407892],
            [-58.7385602511522, -34.5717622322499],
            [-58.738635496615, -34.5718306125708],
            [-58.7391297355083, -34.5722954165697],
            [-58.73969384745, -34.5728240359501],
            [-58.7402472750363, -34.5733390219494],
            [-58.7406824901026, -34.5737446215413],
            [-58.7407956693985, -34.5738269124883],
            [-58.7409144325555, -34.5739002472525],
            [-58.7410442262113, -34.5739646820021],
            [-58.741179672709, -34.5740156543922],
            [-58.7413206350568, -34.5740621766768],
            [-58.7414672490752, -34.5740952365512],
            [-58.7416139979424, -34.5741192839549],
            [-58.7417608837903, -34.5741343189088],
            [-58.7419134211373, -34.5741358914145],
            [-58.742060646502, -34.5741283952915],
            [-58.742213522147, -34.5741074366915],
            [-58.7422626877469, -34.5740989296904],
            [-58.7426394653766, -34.5740442230202],
            [-58.7426761058706, -34.5741437510622],
            [-58.7424699928936, -34.5744435851009],
            [-58.7406521115096, -34.5757588628618],
            [-58.7398312675327, -34.5763543047145],
            [-58.739710121349, -34.5764386836969],
            [-58.7388947130373, -34.5770341760642],
            [-58.7381729973935, -34.5775585221466],
            [-58.7381300265163, -34.5775175162957],
            [-58.73656912594, -34.5759962082274],
            [-58.7348848643279, -34.5744868771235],
            [-58.7352320315314, -34.5742290787133],
            [-58.7355791283497, -34.5739757862916],
            [-58.7363472205151, -34.5733712294878]
          ]
        ]
      },
      "properties": {
        "objectid": 166,
        "clave": "067603002",
        "provincia": "06",
        "partido": "760",
        "localidad": "010",
        "fraccion": "30",
        "radio": "02",
        "tot_manzanas": 10,
        "barrio_codigo": 6,
        "barrio_nombre": "La Guarida",
        "circuito": "397c",
        "st_area(shape)": 213662.11644621,
        "st_length(shape)": 1967.93443361951
      }
    },
    {
      "type": "Feature",
      "id": 142,
      "geometry": {
        "type": "Polygon",
        "coordinates": [
          [
            [-58.7439195143719, -34.5755176186449],
            [-58.7442523747408, -34.5754849892759],
            [-58.7443398792551, -34.5754633553923],
            [-58.7444603418774, -34.5754240331361],
            [-58.744580872141, -34.5753802046111],
            [-58.7446907098107, -34.5753227463533],
            [-58.7448006139946, -34.5752607809329],
            [-58.744899758898, -34.5751896910739],
            [-58.7452246348683, -34.574963182599],
            [-58.7452852380527, -34.574918737218],
            [-58.7465194152931, -34.5740075186487],
            [-58.7478427464763, -34.5730882134163],
            [-58.749121931032, -34.5721203798728],
            [-58.7496894722125, -34.572620381227],
            [-58.7497593475396, -34.5726841929274],
            [-58.7484978508515, -34.5736041795501],
            [-58.7484537286131, -34.5736397818797],
            [-58.7490233575509, -34.5741684153619],
            [-58.7477841442683, -34.5751793155177],
            [-58.7464276845041, -34.5761313224311],
            [-58.7454174396655, -34.5768989307795],
            [-58.7442136501255, -34.5776974461959],
            [-58.7441006825525, -34.576876040197],
            [-58.7439931659306, -34.5760546901125],
            [-58.7439637323262, -34.5758380587151],
            [-58.7439195143719, -34.5755176186449]
          ]
        ]
      },
      "properties": {
        "objectid": 142,
        "clave": "067601607",
        "provincia": "06",
        "partido": "760",
        "localidad": "010",
        "fraccion": "16",
        "radio": "07",
        "tot_manzanas": 8,
        "barrio_codigo": 4,
        "barrio_nombre": "Los Paraisos",
        "circuito": "397c",
        "st_area(shape)": 105475.399064545,
        "st_length(shape)": 1773.29705378271
      }
    },
    {
      "type": "Feature",
      "id": 152,
      "geometry": {
        "type": "Polygon",
        "coordinates": [
          [
            [-58.7051264130275, -34.543086709297],
            [-58.7051981128158, -34.5430288816464],
            [-58.7062612575905, -34.5422559618345],
            [-58.7063525070203, -34.542342558712],
            [-58.7072868738826, -34.5432042467329],
            [-58.7080279285947, -34.5438881162744],
            [-58.7079617442186, -34.5439414980192],
            [-58.7069426479192, -34.5446833501008],
            [-58.7068766016355, -34.5447277190136],
            [-58.7061411345672, -34.5440348881238],
            [-58.7051264130275, -34.543086709297]
          ]
        ]
      },
      "properties": {
        "objectid": 152,
        "clave": "067602008",
        "provincia": "06",
        "partido": "760",
        "localidad": "010",
        "fraccion": "20",
        "radio": "08",
        "tot_manzanas": 2,
        "barrio_codigo": 30,
        "barrio_nombre": "San Miguel Norte",
        "circuito": "397",
        "st_area(shape)": 34048.23205015,
        "st_length(shape)": 765.972138189919
      }
    },
    {
      "type": "Feature",
      "id": 230,
      "geometry": {
        "type": "Polygon",
        "coordinates": [
          [
            [-58.7216973491422, -34.5251077402003],
            [-58.7217469007089, -34.5250722039393],
            [-58.7234154986504, -34.5238502719151],
            [-58.7234981279599, -34.523788039474],
            [-58.7235587043747, -34.5237436039525],
            [-58.7253093786486, -34.5224521101824],
            [-58.7253095524755, -34.522451994818],
            [-58.7253401077018, -34.5224803085978],
            [-58.7256660603696, -34.5227883799285],
            [-58.7259197128682, -34.5230193795399],
            [-58.7262541125545, -34.5233406542389],
            [-58.7264639029444, -34.5235300313197],
            [-58.7264624463918, -34.5235310644285],
            [-58.724641717763, -34.5248545924979],
            [-58.7228571291328, -34.5261834928654],
            [-58.7228034399549, -34.5261333558609],
            [-58.7222718596853, -34.5256410547409],
            [-58.7216973491422, -34.5251077402003]
          ]
        ]
      },
      "properties": {
        "objectid": 230,
        "clave": "067600105",
        "provincia": "06",
        "partido": "760",
        "localidad": "010",
        "fraccion": "01",
        "radio": "05",
        "tot_manzanas": 4,
        "barrio_codigo": 29,
        "barrio_nombre": "Maria Rosa Mistica",
        "circuito": "397",
        "st_area(shape)": 70481.71356819,
        "st_length(shape)": 1206.62216968101
      }
    },
    {
      "type": "Feature",
      "id": 301,
      "geometry": {
        "type": "Polygon",
        "coordinates": [
          [
            [-58.7119857639043, -34.5397656156823],
            [-58.7120904076404, -34.5396901030829],
            [-58.7132913148701, -34.5388059030436],
            [-58.7134069846117, -34.5387214917673],
            [-58.7136271260641, -34.5389266194818],
            [-58.7141424691106, -34.5394142797834],
            [-58.7149047765497, -34.5401343859503],
            [-58.7142768544805, -34.5405919800627],
            [-58.7134836880668, -34.541169514712],
            [-58.7120460877373, -34.542213464958],
            [-58.7112836482108, -34.5415023535337],
            [-58.7110581994574, -34.5412881519405],
            [-58.7105481006623, -34.5408140547573],
            [-58.710658262012, -34.5407340948523],
            [-58.7118756050919, -34.5398455768546],
            [-58.7119857639043, -34.5397656156823]
          ]
        ]
      },
      "properties": {
        "objectid": 301,
        "clave": "067602003",
        "provincia": "06",
        "partido": "760",
        "localidad": "010",
        "fraccion": "20",
        "radio": "03",
        "tot_manzanas": 4,
        "barrio_codigo": 30,
        "barrio_nombre": "San Miguel Norte",
        "circuito": "397",
        "st_area(shape)": 72751.197050315,
        "st_length(shape)": 1115.80281691849
      }
    },
    {
      "type": "Feature",
      "id": 7,
      "geometry": {
        "type": "Polygon",
        "coordinates": [
          [
            [-58.7282072355282, -34.5403322606623],
            [-58.7288957357616, -34.5398256491409],
            [-58.7289526498387, -34.5397772385413],
            [-58.729475716878, -34.5393323164852],
            [-58.7296838325138, -34.5391877484081],
            [-58.7304586433382, -34.5399152424635],
            [-58.7310860713268, -34.5404838980481],
            [-58.7311674175166, -34.5405569090585],
            [-58.73192905961, -34.5412813555549],
            [-58.7319398934558, -34.5412938682464],
            [-58.7320740406476, -34.5414180661012],
            [-58.7326959789507, -34.542003459002],
            [-58.7335025686977, -34.5427534006641],
            [-58.7328306812855, -34.543242182069],
            [-58.7325388476944, -34.5434509752805],
            [-58.7318558524442, -34.5439531572988],
            [-58.7309526909484, -34.5446062793678],
            [-58.7309306340514, -34.5446240775318],
            [-58.7301265114398, -34.5452106207188],
            [-58.728870852332, -34.544037700369],
            [-58.7285798359056, -34.5437658533673],
            [-58.727865494651, -34.5431049192738],
            [-58.727811860433, -34.5430502781589],
            [-58.7270921553669, -34.5423847768618],
            [-58.7263350278039, -34.5416738133526],
            [-58.7272010453997, -34.5410603363732],
            [-58.7276454150226, -34.5407455443085],
            [-58.7280801530678, -34.5404257449739],
            [-58.7282072355282, -34.5403322606623]
          ]
        ]
      },
      "properties": {
        "objectid": 7,
        "clave": "067602510",
        "provincia": "06",
        "partido": "760",
        "localidad": "010",
        "fraccion": "25",
        "radio": "10",
        "tot_manzanas": 17,
        "barrio_codigo": 25,
        "barrio_nombre": "Santa Anita",
        "circuito": "397",
        "st_area(shape)": 216471.8975956,
        "st_length(shape)": 1879.27695809754
      }
    },
    {
      "type": "Feature",
      "id": 222,
      "geometry": {
        "type": "Polygon",
        "coordinates": [
          [
            [-58.6600375521765, -34.5653234508783],
            [-58.6597048275807, -34.5650088296259],
            [-58.6594579542164, -34.564776271848],
            [-58.6591283201118, -34.564467526505],
            [-58.6585494771697, -34.5639253594784],
            [-58.6584943298875, -34.5638655575101],
            [-58.6589156353543, -34.5635589630897],
            [-58.6589504617871, -34.5635336182229],
            [-58.6593987124655, -34.5632039882251],
            [-58.659872311016, -34.5628557125771],
            [-58.6600425794175, -34.5627343055974],
            [-58.6607400778206, -34.5622237119971],
            [-58.6610842566201, -34.5619735008153],
            [-58.6611813179085, -34.5619040349337],
            [-58.6612730638874, -34.5619988511457],
            [-58.6621750636646, -34.5628230959768],
            [-58.6627547388773, -34.5633657563616],
            [-58.6630391679136, -34.5636347724459],
            [-58.6633289735815, -34.5639083544594],
            [-58.6619676350774, -34.5648894386947],
            [-58.6614275492385, -34.5652756074445],
            [-58.6606118551693, -34.5658615555029],
            [-58.6600375521765, -34.5653234508783]
          ]
        ]
      },
      "properties": {
        "objectid": 222,
        "clave": "067600609",
        "provincia": "06",
        "partido": "760",
        "localidad": "010",
        "fraccion": "06",
        "radio": "09",
        "tot_manzanas": 8,
        "barrio_codigo": 33,
        "barrio_nombre": "Barrufaldi",
        "circuito": "401a",
        "st_area(shape)": 97741.98304616,
        "st_length(shape)": 1251.2073942249
      }
    },
    {
      "type": "Feature",
      "id": 38,
      "geometry": {
        "type": "Polygon",
        "coordinates": [
          [
            [-58.7357100414829, -34.5849184955974],
            [-58.7357736906927, -34.5848753089641],
            [-58.7363868857276, -34.5844169463054],
            [-58.7368755759944, -34.5840516441239],
            [-58.7373555250705, -34.5836928718106],
            [-58.7374051057396, -34.5836573301431],
            [-58.7385011797395, -34.5828844784394],
            [-58.7387270803245, -34.5827200605815],
            [-58.7388935273463, -34.5828840268758],
            [-58.7397804579864, -34.5836908975423],
            [-58.739845022227, -34.5837456463122],
            [-58.7399041381633, -34.5838003387885],
            [-58.740201003962, -34.5840276568209],
            [-58.7407515843624, -34.5845220175937],
            [-58.7411134190964, -34.5849274794194],
            [-58.7411167935663, -34.5849306419753],
            [-58.7404645079023, -34.5854477376957],
            [-58.7397914157233, -34.5859594383693],
            [-58.7390235241458, -34.5865435439611],
            [-58.7380931294775, -34.5872333547211],
            [-58.7380927568456, -34.5872336356994],
            [-58.7380895708298, -34.587230337101],
            [-58.7367613003786, -34.5860093117293],
            [-58.7361712338232, -34.5854712172194],
            [-58.7358036477397, -34.5850898831183],
            [-58.7357100414829, -34.5849184955974]
          ]
        ]
      },
      "properties": {
        "objectid": 38,
        "clave": "067601407",
        "provincia": "06",
        "partido": "760",
        "localidad": "010",
        "fraccion": "14",
        "radio": "07",
        "tot_manzanas": 4,
        "barrio_codigo": 5,
        "barrio_nombre": "Trujui",
        "circuito": "397c",
        "st_area(shape)": 126986.204639895,
        "st_length(shape)": 1413.97424816972
      }
    },
    {
      "type": "Feature",
      "id": 193,
      "geometry": {
        "type": "Polygon",
        "coordinates": [
          [
            [-58.706224351308, -34.5525068785771],
            [-58.7071037624222, -34.5518734509561],
            [-58.7080127704685, -34.55121155745],
            [-58.7089052157872, -34.5505630013892],
            [-58.7092194048076, -34.5503229553053],
            [-58.7101179033197, -34.5496338933991],
            [-58.7107518530641, -34.5502039439691],
            [-58.7108389192056, -34.5502785358156],
            [-58.7113161923715, -34.5506966402281],
            [-58.7118530294902, -34.551207071092],
            [-58.7109042910588, -34.5519076402298],
            [-58.7097205856418, -34.552788982795],
            [-58.7100857872292, -34.5531263472769],
            [-58.7091711881929, -34.5537972105329],
            [-58.7089231787501, -34.5539838749987],
            [-58.7082896023229, -34.554445882735],
            [-58.707602289923, -34.5538031452659],
            [-58.7069312572998, -34.5531650832608],
            [-58.7063190986711, -34.5525952449719],
            [-58.706224351308, -34.5525068785771]
          ]
        ]
      },
      "properties": {
        "objectid": 193,
        "clave": "067602403",
        "provincia": "06",
        "partido": "760",
        "localidad": "010",
        "fraccion": "24",
        "radio": "03",
        "tot_manzanas": 12,
        "barrio_codigo": 40,
        "barrio_nombre": "Muniz Oeste",
        "circuito": "400",
        "st_area(shape)": 124290.477612805,
        "st_length(shape)": 1535.72169599797
      }
    },
    {
      "type": "Feature",
      "id": 254,
      "geometry": {
        "type": "Polygon",
        "coordinates": [
          [
            [-58.683751010851, -34.5597923782923],
            [-58.684556213121, -34.5591872269749],
            [-58.6852461503297, -34.5586931674763],
            [-58.6853342891398, -34.5586310213009],
            [-58.6859888542886, -34.5592690228362],
            [-58.6866383379638, -34.5598844312504],
            [-58.687266980086, -34.5594195674781],
            [-58.6880436649981, -34.5588539642223],
            [-58.6881151779189, -34.5588096646045],
            [-58.6885569417754, -34.5592332068595],
            [-58.6887700501312, -34.5594296274926],
            [-58.6894195559981, -34.5600450215846],
            [-58.6897631282368, -34.5603686941311],
            [-58.6900510956854, -34.5606172947155],
            [-58.6901641161099, -34.5607389405915],
            [-58.6902802010793, -34.5608530531969],
            [-58.6886698814995, -34.5617087359932],
            [-58.6868137635441, -34.5626487335439],
            [-58.6868120791181, -34.5626496321087],
            [-58.6867460529635, -34.562588345638],
            [-58.6863729080446, -34.562259036551],
            [-58.6857253962284, -34.5616544742582],
            [-58.6850779882541, -34.561043904821],
            [-58.6844114870495, -34.5604237060761],
            [-58.683751010851, -34.5597923782923]
          ]
        ]
      },
      "properties": {
        "objectid": 254,
        "clave": "067600704",
        "provincia": "06",
        "partido": "760",
        "localidad": "010",
        "fraccion": "07",
        "radio": "04",
        "tot_manzanas": 9,
        "barrio_codigo": 41,
        "barrio_nombre": "Bella Vista Norte",
        "circuito": "401a",
        "st_area(shape)": 136954.09866831,
        "st_length(shape)": 1659.13482624962
      }
    },
    {
      "type": "Feature",
      "id": 164,
      "geometry": {
        "type": "Polygon",
        "coordinates": [
          [
            [-58.7461291600986, -34.5477376100529],
            [-58.7466553717356, -34.5482432743011],
            [-58.7467413604713, -34.5483207728241],
            [-58.7473965981125, -34.5489404299555],
            [-58.7479766779751, -34.5494872030453],
            [-58.7480679803724, -34.5495737697706],
            [-58.7489584888278, -34.548968416109],
            [-58.7497794313248, -34.5483706396194],
            [-58.750570068886, -34.5477573924927],
            [-58.7514281267948, -34.5471478680907],
            [-58.7514283436432, -34.5471477179762],
            [-58.751431684275, -34.5471508853146],
            [-58.7519914003964, -34.5476545728625],
            [-58.752508237103, -34.5481349248554],
            [-58.7527667930157, -34.5483758130827],
            [-58.7532673102911, -34.5488395433167],
            [-58.7528404401098, -34.5491493959253],
            [-58.7524064557121, -34.5494674570096],
            [-58.7518821780191, -34.5498516871508],
            [-58.7515958131994, -34.5500605810122],
            [-58.7507961116182, -34.5506332582868],
            [-58.750626907206, -34.5507447257373],
            [-58.7499005828614, -34.5512916763232],
            [-58.7488573518164, -34.5520538758841],
            [-58.7476172956006, -34.5508742539304],
            [-58.7470000079916, -34.5503244715948],
            [-58.7463392490612, -34.5497092625435],
            [-58.7450717487381, -34.5485109380667],
            [-58.7461291600986, -34.5477376100529]
          ]
        ]
      },
      "properties": {
        "objectid": 164,
        "clave": "067602603",
        "provincia": "06",
        "partido": "760",
        "localidad": "010",
        "fraccion": "26",
        "radio": "03",
        "tot_manzanas": 14,
        "barrio_codigo": 12,
        "barrio_nombre": "Don Alfonso",
        "circuito": "397a",
        "st_area(shape)": 170801.973800295,
        "st_length(shape)": 2126.34167087992
      }
    },
    {
      "type": "Feature",
      "id": 78,
      "geometry": {
        "type": "Polygon",
        "coordinates": [
          [
            [-58.6749761030105, -34.5776684110103],
            [-58.6749518813435, -34.5774689186952],
            [-58.6745966205109, -34.5770763089577],
            [-58.6740530324372, -34.5764755644054],
            [-58.6738915713652, -34.5761667122861],
            [-58.6738096331994, -34.5758796392917],
            [-58.6735900434195, -34.5755457579791],
            [-58.6730362491934, -34.5755019545692],
            [-58.6727183271636, -34.5752679268469],
            [-58.6722713496601, -34.574928587403],
            [-58.6732115654375, -34.5741489952091],
            [-58.6735945146237, -34.5744677360537],
            [-58.6753026417272, -34.5734977913039],
            [-58.6754531977037, -34.5734020018565],
            [-58.67554136716, -34.5733459044231],
            [-58.6762726929616, -34.572880599308],
            [-58.6765966935464, -34.5727051046582],
            [-58.6775724473149, -34.5721765775346],
            [-58.6777400122085, -34.572078406914],
            [-58.6785886230346, -34.5718274678185],
            [-58.6791284827613, -34.5723274269896],
            [-58.6798030944563, -34.5729814761903],
            [-58.6803289164352, -34.5734776133506],
            [-58.6798732212837, -34.5740598125556],
            [-58.679595049397, -34.574415202339],
            [-58.6790742107202, -34.5745954213208],
            [-58.6767199311088, -34.5779087115914],
            [-58.676120993809, -34.5781009528893],
            [-58.6749761030105, -34.5776684110103]
          ]
        ]
      },
      "properties": {
        "objectid": 78,
        "clave": "067602305",
        "provincia": "06",
        "partido": "760",
        "localidad": "010",
        "fraccion": "23",
        "radio": "05",
        "tot_manzanas": 1,
        "barrio_codigo": 42,
        "barrio_nombre": "Bella Vista Oeste",
        "circuito": "401a",
        "st_area(shape)": 247716.503473325,
        "st_length(shape)": 2156.18202272651
      }
    },
    {
      "type": "Feature",
      "id": 217,
      "geometry": {
        "type": "Polygon",
        "coordinates": [
          [
            [-58.7105116618278, -34.5461826528072],
            [-58.7105263807305, -34.5461721585947],
            [-58.71156229066, -34.5453989043186],
            [-58.7116073987044, -34.5453700317704],
            [-58.7114462130873, -34.5452202204818],
            [-58.7138655649251, -34.5439245709838],
            [-58.7142254718285, -34.5442870472609],
            [-58.7143221094022, -34.5443782018655],
            [-58.7144402519874, -34.5444876102194],
            [-58.7153425372918, -34.5453173518028],
            [-58.7152599495471, -34.5453750717828],
            [-58.7143400317764, -34.5460459201133],
            [-58.7132603652965, -34.546832255671],
            [-58.7132217582537, -34.5468633966802],
            [-58.7120978780869, -34.5476898171785],
            [-58.7110777373862, -34.5467326162031],
            [-58.7105974856616, -34.5462631392695],
            [-58.7105116618278, -34.5461826528072]
          ]
        ]
      },
      "properties": {
        "objectid": 217,
        "clave": "067600801",
        "provincia": "06",
        "partido": "760",
        "localidad": "010",
        "fraccion": "08",
        "radio": "01",
        "tot_manzanas": 6,
        "barrio_codigo": 39,
        "barrio_nombre": "San Miguel Oeste",
        "circuito": "397",
        "st_area(shape)": 88831.06441203,
        "st_length(shape)": 1246.82972994265
      }
    },
    {
      "type": "Feature",
      "id": 159,
      "geometry": {
        "type": "Polygon",
        "coordinates": [
          [
            [-58.6676496680139, -34.5595569076646],
            [-58.6692011118629, -34.5584787343456],
            [-58.6703112679291, -34.5585455233544],
            [-58.6709309496497, -34.5576843668881],
            [-58.6719929337924, -34.5572808405066],
            [-58.6720939958143, -34.5563391529414],
            [-58.6722460814237, -34.556434257782],
            [-58.6728894471511, -34.5568222588282],
            [-58.6742387606447, -34.5558744078575],
            [-58.6746309031839, -34.5562397555394],
            [-58.6748711278858, -34.5564717954272],
            [-58.6753061468715, -34.5568641019593],
            [-58.6754724880728, -34.5570236454094],
            [-58.67544955913, -34.5570955056235],
            [-58.6743255629809, -34.5579235398895],
            [-58.673600692789, -34.5584376255399],
            [-58.6727047771996, -34.5591072725676],
            [-58.6725835920834, -34.5591915841856],
            [-58.6724237063234, -34.5593115283581],
            [-58.6715694466013, -34.5599331869009],
            [-58.671508744882, -34.5599821011663],
            [-58.6707923614596, -34.5604970902556],
            [-58.6696735476893, -34.5613096457478],
            [-58.6695853958034, -34.5613717802656],
            [-58.6689520826459, -34.5607744861441],
            [-58.6683241533954, -34.5601817534305],
            [-58.668098697873, -34.5599719805319],
            [-58.6676496680139, -34.5595569076646]
          ]
        ]
      },
      "properties": {
        "objectid": 159,
        "clave": "067600602",
        "provincia": "06",
        "partido": "760",
        "localidad": "010",
        "fraccion": "06",
        "radio": "02",
        "tot_manzanas": 16,
        "barrio_codigo": 32,
        "barrio_nombre": "Parque Mataldi",
        "circuito": "401a",
        "st_area(shape)": 160140.461179055,
        "st_length(shape)": 2029.52711544279
      }
    },
    {
      "type": "Feature",
      "id": 250,
      "geometry": {
        "type": "Polygon",
        "coordinates": [
          [
            [-58.7245664132198, -34.5368732694308],
            [-58.7269571553225, -34.5351368839343],
            [-58.7271024600642, -34.5352685686082],
            [-58.727150780957, -34.5353141409287],
            [-58.7277630318883, -34.5358793714338],
            [-58.7283377223572, -34.5364081528582],
            [-58.7284533739717, -34.5363237268835],
            [-58.7290382939061, -34.536875894931],
            [-58.7291677322521, -34.5369801509295],
            [-58.7295972632241, -34.53738573039],
            [-58.7299462813842, -34.5377138542944],
            [-58.7307134010729, -34.5384363885405],
            [-58.7300944898526, -34.538889086973],
            [-58.7296838325138, -34.5391877484081],
            [-58.729475716878, -34.5393323164852],
            [-58.7289526498387, -34.5397772385413],
            [-58.7288957357616, -34.5398256491409],
            [-58.7282072355282, -34.5403322606623],
            [-58.7272133936121, -34.5394032393555],
            [-58.7270419550401, -34.5392429801884],
            [-58.7259144802655, -34.5381766184424],
            [-58.7255332152729, -34.537821104565],
            [-58.7254795869802, -34.5377664624993],
            [-58.725329246465, -34.537625181433],
            [-58.7246579263077, -34.5370052396677],
            [-58.7245664132198, -34.5368732694308]
          ]
        ]
      },
      "properties": {
        "objectid": 250,
        "clave": "067602501",
        "provincia": "06",
        "partido": "760",
        "localidad": "010",
        "fraccion": "25",
        "radio": "01",
        "tot_manzanas": 13,
        "barrio_codigo": 27,
        "barrio_nombre": "San Jorge",
        "circuito": "397",
        "st_area(shape)": 154405.45629025,
        "st_length(shape)": 1630.18388705086
      }
    },
    {
      "type": "Feature",
      "id": 186,
      "geometry": {
        "type": "Polygon",
        "coordinates": [
          [
            [-58.7042438960736, -34.5378268850451],
            [-58.704855304854, -34.5373826881452],
            [-58.7049544367027, -34.537311630059],
            [-58.7061194661324, -34.5383966085534],
            [-58.7068765271875, -34.5390986810781],
            [-58.707622780744, -34.539796128643],
            [-58.7075073117086, -34.5398670159237],
            [-58.7064827471422, -34.5406133141351],
            [-58.7062624168173, -34.5407732261351],
            [-58.705489428573, -34.5400439390369],
            [-58.7055931005784, -34.5400315176045],
            [-58.7060888398136, -34.5396717185439],
            [-58.7054959353133, -34.5390987117878],
            [-58.7055257183137, -34.5389476272948],
            [-58.7042438960736, -34.5378268850451]
          ]
        ]
      },
      "properties": {
        "objectid": 186,
        "clave": "067600210",
        "provincia": "06",
        "partido": "760",
        "localidad": "010",
        "fraccion": "02",
        "radio": "10",
        "tot_manzanas": 3,
        "barrio_codigo": 30,
        "barrio_nombre": "San Miguel Norte",
        "circuito": "397",
        "st_area(shape)": 40238.96117459,
        "st_length(shape)": 1070.64244759068
      }
    },
    {
      "type": "Feature",
      "id": 47,
      "geometry": {
        "type": "Polygon",
        "coordinates": [
          [
            [-58.6809334116311, -34.5810650053422],
            [-58.6817809644189, -34.580473210751],
            [-58.6825682864272, -34.5816850269672],
            [-58.6834925744681, -34.5819854481375],
            [-58.6842219370132, -34.5822121359766],
            [-58.6842106145182, -34.5822390546986],
            [-58.684199007904, -34.5822839975596],
            [-58.6841928494499, -34.5823289991646],
            [-58.6841866910026, -34.5823739998677],
            [-58.6841914288923, -34.5824191189633],
            [-58.6841961667863, -34.5824642380587],
            [-58.68420635287, -34.582509415899],
            [-58.6842219871521, -34.5825546524833],
            [-58.6842430696417, -34.5825999478096],
            [-58.6842696713728, -34.5826407958403],
            [-58.6843017923497, -34.582677196572],
            [-58.6843338423326, -34.5827181033307],
            [-58.6843553510466, -34.5827363624287],
            [-58.6843714825882, -34.5827500567498],
            [-58.6844091217831, -34.5827820101461],
            [-58.6844522813177, -34.5828095162427],
            [-58.6845008891025, -34.5828370801562],
            [-58.6845495679161, -34.5828601389169],
            [-58.6846038369831, -34.5828742443162],
            [-58.684652586853, -34.5828927970013],
            [-58.6847069269621, -34.5829023963201],
            [-58.6847667862963, -34.5829075483003],
            [-58.6848211974259, -34.5829126415329],
            [-58.6848757505491, -34.5829087226697],
            [-58.6849303036681, -34.5829048037821],
            [-58.6849849266803, -34.5828963788221],
            [-58.6851487126513, -34.5834854249343],
            [-58.6853729058079, -34.5842780186489],
            [-58.6862035107243, -34.5849504201584],
            [-58.6850017573453, -34.5855594661259],
            [-58.6840471398079, -34.5842729432543],
            [-58.6837922423793, -34.5837986179755],
            [-58.6833843760593, -34.5834252075629],
            [-58.6830056806117, -34.5831209997737],
            [-58.6819731185843, -34.5823673202796],
            [-58.6816268195441, -34.5816986039135],
            [-58.6815578550106, -34.5814893355168],
            [-58.6812139464012, -34.5811836647267],
            [-58.6809334116311, -34.5810650053422]
          ]
        ]
      },
      "properties": {
        "objectid": 47,
        "clave": "067601309",
        "provincia": "06",
        "partido": "760",
        "localidad": "010",
        "fraccion": "13",
        "radio": "09",
        "tot_manzanas": 7,
        "barrio_codigo": 35,
        "barrio_nombre": "Obligado",
        "circuito": "402",
        "st_area(shape)": 71772.9556311,
        "st_length(shape)": 1572.19187308845
      }
    },
    {
      "type": "Feature",
      "id": 177,
      "geometry": {
        "type": "Polygon",
        "coordinates": [
          [
            [-58.7329990190568, -34.5354032814149],
            [-58.7336988800025, -34.5348938173935],
            [-58.7343888394426, -34.5343907400879],
            [-58.7351797991865, -34.5351186109152],
            [-58.7349833880811, -34.5352631242592],
            [-58.735761289666, -34.5359691420106],
            [-58.7364874923534, -34.5366495392133],
            [-58.7371742508563, -34.5372975750525],
            [-58.7372387667791, -34.5373618981505],
            [-58.7366142782406, -34.5378380803568],
            [-58.7365208468356, -34.5378230224363],
            [-58.7364184230948, -34.5378395771864],
            [-58.7363278105443, -34.5379196665827],
            [-58.7352977287236, -34.53868022897],
            [-58.7346085905264, -34.5380506993255],
            [-58.7338720406374, -34.5373585651399],
            [-58.7332070757894, -34.5367336860703],
            [-58.7331265292623, -34.536658842289],
            [-58.7323343000818, -34.5359163925248],
            [-58.7329990190568, -34.5354032814149]
          ]
        ]
      },
      "properties": {
        "objectid": 177,
        "clave": "067601005",
        "provincia": "06",
        "partido": "760",
        "localidad": "010",
        "fraccion": "10",
        "radio": "05",
        "tot_manzanas": 10,
        "barrio_codigo": 25,
        "barrio_nombre": "Santa Anita",
        "circuito": "397",
        "st_area(shape)": 98476.34656757,
        "st_length(shape)": 1343.02228953784
      }
    },
    {
      "type": "Feature",
      "id": 20,
      "geometry": {
        "type": "Polygon",
        "coordinates": [
          [
            [-58.7531707529174, -34.5531439055223],
            [-58.7544470327283, -34.5522524770184],
            [-58.7553916410955, -34.5515498420042],
            [-58.7563834097874, -34.5508345387058],
            [-58.7573715719841, -34.5517645103703],
            [-58.7582902393093, -34.5526256550141],
            [-58.7563899128447, -34.5540394915842],
            [-58.7550018273145, -34.5550709341606],
            [-58.7549081617241, -34.5551420887091],
            [-58.753585719139, -34.5561141598781],
            [-58.7521268384122, -34.5571778278719],
            [-58.7511917129515, -34.5563254829495],
            [-58.7506113622869, -34.555792242757],
            [-58.7501331554099, -34.5553501829121],
            [-58.7503754993638, -34.555172390329],
            [-58.7504691013564, -34.5551057455158],
            [-58.7506342492751, -34.554990257389],
            [-58.7513942178992, -34.554439183586],
            [-58.7516743280334, -34.5542581943505],
            [-58.752440555624, -34.5536792082157],
            [-58.7530094376096, -34.5532741170073],
            [-58.7531707529174, -34.5531439055223]
          ]
        ]
      },
      "properties": {
        "objectid": 20,
        "clave": "067601705",
        "provincia": "06",
        "partido": "760",
        "localidad": "010",
        "fraccion": "17",
        "radio": "05",
        "tot_manzanas": 8,
        "barrio_codigo": 7,
        "barrio_nombre": "Sarmiento",
        "circuito": "397b",
        "st_area(shape)": 204887.933288365,
        "st_length(shape)": 2058.24343245111
      }
    },
    {
      "type": "Feature",
      "id": 319,
      "geometry": {
        "type": "Polygon",
        "coordinates": [
          [
            [-58.7699228270557, -34.554932116539],
            [-58.7709430313079, -34.5541819849595],
            [-58.7719516386206, -34.5534247972239],
            [-58.7719518048126, -34.5534246826183],
            [-58.7719775007069, -34.5534484075044],
            [-58.7725459133162, -34.5539673309905],
            [-58.7731228028111, -34.5544911287692],
            [-58.7736558861565, -34.5549919142705],
            [-58.7736556998136, -34.5549920656324],
            [-58.772632718143, -34.5557605936062],
            [-58.771649632233, -34.5565262394547],
            [-58.7707821710916, -34.5571366980075],
            [-58.7699428416848, -34.5577372274011],
            [-58.7690946164833, -34.5583686521767],
            [-58.7690461939598, -34.5583276020603],
            [-58.7685355911255, -34.5578582453378],
            [-58.7676914814562, -34.5585016999206],
            [-58.7676226574635, -34.5584439373317],
            [-58.7671068148403, -34.5579610012119],
            [-58.7665264157073, -34.5574233282124],
            [-58.7666035345861, -34.5573655181153],
            [-58.7673801630881, -34.5567874710973],
            [-58.7682299059627, -34.556211300573],
            [-58.7690744268386, -34.5555634129131],
            [-58.7699228270557, -34.554932116539]
          ]
        ]
      },
      "properties": {
        "objectid": 319,
        "clave": "067601805",
        "provincia": "06",
        "partido": "760",
        "localidad": "010",
        "fraccion": "18",
        "radio": "05",
        "tot_manzanas": 17,
        "barrio_codigo": 1,
        "barrio_nombre": "Santa Brigida",
        "circuito": "397b",
        "st_area(shape)": 148662.293109855,
        "st_length(shape)": 1805.17291629523
      }
    },
    {
      "type": "Feature",
      "id": 182,
      "geometry": {
        "type": "Polygon",
        "coordinates": [
          [
            [-58.7115808373876, -34.5554361113926],
            [-58.7120160407006, -34.5551207193385],
            [-58.7121482836106, -34.5550229640957],
            [-58.7132058666276, -34.5542634490095],
            [-58.7141807644125, -34.5535661493256],
            [-58.7142773330652, -34.5534952066074],
            [-58.7153141043618, -34.5544036939814],
            [-58.7161019886726, -34.5550916522855],
            [-58.7162793683842, -34.5552467493851],
            [-58.7163006004868, -34.5552830273806],
            [-58.71546883182, -34.5558827003946],
            [-58.7151438161184, -34.5561181415357],
            [-58.7144718532389, -34.5565978047532],
            [-58.7144112477595, -34.5566422348943],
            [-58.7140751249383, -34.5568910766308],
            [-58.713375430986, -34.5574019893386],
            [-58.7133202709577, -34.5574464763131],
            [-58.7124388841387, -34.5580816587416],
            [-58.711595959333, -34.5586947072697],
            [-58.7115352813214, -34.5587436420011],
            [-58.7113956827382, -34.5586114702149],
            [-58.7114777645211, -34.5571746588306],
            [-58.7115808373876, -34.5554361113926]
          ]
        ]
      },
      "properties": {
        "objectid": 182,
        "clave": "067602407",
        "provincia": "06",
        "partido": "760",
        "localidad": "010",
        "fraccion": "24",
        "radio": "07",
        "tot_manzanas": 6,
        "barrio_codigo": 40,
        "barrio_nombre": "Muniz Oeste",
        "circuito": "400",
        "st_area(shape)": 126374.140811495,
        "st_length(shape)": 1554.29621981268
      }
    },
    {
      "type": "Feature",
      "id": 1,
      "geometry": {
        "type": "Polygon",
        "coordinates": [
          [
            [-58.7389414385754, -34.5782695300558],
            [-58.7389908111131, -34.5782475060337],
            [-58.7390894200016, -34.5782124701985],
            [-58.7391987887523, -34.5781865591223],
            [-58.7393080893948, -34.5781651540824],
            [-58.7394171858724, -34.5781572673516],
            [-58.7395262132115, -34.5781538866477],
            [-58.7401360504196, -34.578182718911],
            [-58.7402885950663, -34.5781842936075],
            [-58.7403648673941, -34.5781850808844],
            [-58.7406743056782, -34.5778998366497],
            [-58.7407404293628, -34.5778509437253],
            [-58.7408504767478, -34.5777799706592],
            [-58.7409603880548, -34.5777180088658],
            [-58.7410810592889, -34.5776651716477],
            [-58.7411303629836, -34.5776476528771],
            [-58.7408832212467, -34.5774152544446],
            [-58.7422220115543, -34.5764375573195],
            [-58.7435607706195, -34.5754598437683],
            [-58.7439637323262, -34.5758380587151],
            [-58.7439931659306, -34.5760546901125],
            [-58.7441006825525, -34.576876040197],
            [-58.7442136501255, -34.5776974461959],
            [-58.744247651808, -34.5779727134356],
            [-58.7442721809121, -34.5781532386078],
            [-58.7443309833525, -34.5785910063952],
            [-58.7444488835585, -34.5794611438564],
            [-58.7445313808117, -34.5801208846105],
            [-58.7447231380138, -34.5807763481806],
            [-58.7447497003849, -34.5808216889063],
            [-58.7448767310747, -34.5810708716964],
            [-58.7450913407579, -34.5812939130424],
            [-58.745469175831, -34.5816601820537],
            [-58.7454727642804, -34.5816631772336],
            [-58.7454727345212, -34.5816631994619],
            [-58.7448809349608, -34.5821285287262],
            [-58.7446973946517, -34.582262632025],
            [-58.7440791879755, -34.5827114087142],
            [-58.7440758044892, -34.5827082641735],
            [-58.7428315013416, -34.5815545843776],
            [-58.7417029256811, -34.5805108885861],
            [-58.741124276876, -34.5809420831886],
            [-58.739839980917, -34.5797480382979],
            [-58.7385557204984, -34.5785539804516],
            [-58.7389414385754, -34.5782695300558]
          ]
        ]
      },
      "properties": {
        "objectid": 1,
        "clave": "067603004",
        "provincia": "06",
        "partido": "760",
        "localidad": "010",
        "fraccion": "30",
        "radio": "04",
        "tot_manzanas": 14,
        "barrio_codigo": 5,
        "barrio_nombre": "Trujui",
        "circuito": "397c",
        "st_area(shape)": 226908.72218478,
        "st_length(shape)": 2291.79328941114
      }
    },
    {
      "type": "Feature",
      "id": 76,
      "geometry": {
        "type": "Polygon",
        "coordinates": [
          [
            [-58.7062461641676, -34.5344319335613],
            [-58.7063454307062, -34.5343518619865],
            [-58.7070007812126, -34.5338810780885],
            [-58.7076340656793, -34.5334280844136],
            [-58.7077112014152, -34.5333703117113],
            [-58.7086418472605, -34.5327041313096],
            [-58.7087135366482, -34.5326463003543],
            [-58.7087890011984, -34.5326966737119],
            [-58.7089501944983, -34.5328380904746],
            [-58.7098843456493, -34.5337087703648],
            [-58.7104695180809, -34.5342557727538],
            [-58.7106682066102, -34.5344381440089],
            [-58.711054697055, -34.5348027724502],
            [-58.7101185312433, -34.5354734195242],
            [-58.7100469098239, -34.5355267451298],
            [-58.7089010265056, -34.5363754408712],
            [-58.7086807121122, -34.5365353567971],
            [-58.7085925454476, -34.5366020270892],
            [-58.7074328132618, -34.5355261415883],
            [-58.7063106688416, -34.5344866991654],
            [-58.7062461641676, -34.5344319335613]
          ]
        ]
      },
      "properties": {
        "objectid": 76,
        "clave": "067600207",
        "provincia": "06",
        "partido": "760",
        "localidad": "010",
        "fraccion": "02",
        "radio": "07",
        "tot_manzanas": 5,
        "barrio_codigo": 30,
        "barrio_nombre": "San Miguel Norte",
        "circuito": "397",
        "st_area(shape)": 97278.2322504,
        "st_length(shape)": 1247.46973733729
      }
    },
    {
      "type": "Feature",
      "id": 106,
      "geometry": {
        "type": "Polygon",
        "coordinates": [
          [
            [-58.729623506525, -34.5879617019522],
            [-58.7299486780914, -34.5877217191667],
            [-58.7301637239875, -34.5875633835192],
            [-58.7304799651218, -34.5873242608777],
            [-58.7306597736647, -34.5871883000633],
            [-58.7312044918724, -34.5868028338823],
            [-58.7317235517569, -34.5863987692378],
            [-58.7319095741977, -34.5865703900268],
            [-58.7325924304695, -34.5872041976579],
            [-58.7331525252745, -34.5877168066807],
            [-58.7337266312678, -34.5882459255676],
            [-58.7343150459595, -34.5887725519148],
            [-58.7345768652866, -34.5890023060789],
            [-58.7346549203474, -34.5890707585112],
            [-58.7350833354354, -34.5894652663731],
            [-58.7352286946026, -34.5896052364278],
            [-58.7349143655018, -34.5898461488415],
            [-58.734911875141, -34.589847938372],
            [-58.7349112445195, -34.5898484122616],
            [-58.7330853338393, -34.5911975734269],
            [-58.7330819482774, -34.5911944276633],
            [-58.7324689829309, -34.5906068695396],
            [-58.7315424285874, -34.5906585860511],
            [-58.7326455824199, -34.5898976223118],
            [-58.7318614075405, -34.5900159121698],
            [-58.7308426118779, -34.5891045187998],
            [-58.729623506525, -34.5879617019522]
          ]
        ]
      },
      "properties": {
        "objectid": 106,
        "clave": "067603103",
        "provincia": "06",
        "partido": "760",
        "localidad": "010",
        "fraccion": "31",
        "radio": "03",
        "tot_manzanas": 15,
        "barrio_codigo": 36,
        "barrio_nombre": "San Ambrosio",
        "circuito": "402",
        "st_area(shape)": 125533.836599715,
        "st_length(shape)": 1686.79685615581
      }
    },
    {
      "type": "Feature",
      "id": 18,
      "geometry": {
        "type": "Polygon",
        "coordinates": [
          [
            [-58.7163201926421, -34.5462557218363],
            [-58.7164294447806, -34.5461850827317],
            [-58.7177790993842, -34.5451942402464],
            [-58.7191893159145, -34.5441589482407],
            [-58.7193160871676, -34.5440611273596],
            [-58.7202469721533, -34.5433813418361],
            [-58.7212715212422, -34.5426304203217],
            [-58.7213196362393, -34.5426895133124],
            [-58.7217117947322, -34.5430451532842],
            [-58.722275740089, -34.5435648365889],
            [-58.7212511190924, -34.5443202724948],
            [-58.7205570212398, -34.544831287748],
            [-58.7201934597487, -34.5450978874264],
            [-58.7187697918744, -34.5461313569126],
            [-58.718557540936, -34.5462885608893],
            [-58.7172973743816, -34.547198828497],
            [-58.7163201926421, -34.5462557218363]
          ]
        ]
      },
      "properties": {
        "objectid": 18,
        "clave": "067602506",
        "provincia": "06",
        "partido": "760",
        "localidad": "010",
        "fraccion": "25",
        "radio": "06",
        "tot_manzanas": 4,
        "barrio_codigo": 39,
        "barrio_nombre": "San Miguel Oeste",
        "circuito": "397",
        "st_area(shape)": 84230.96570249,
        "st_length(shape)": 1493.12743995233
      }
    },
    {
      "type": "Feature",
      "id": 110,
      "geometry": {
        "type": "Polygon",
        "coordinates": [
          [
            [-58.7648079895318, -34.5586949141823],
            [-58.7656837496783, -34.5580457714861],
            [-58.7665264157073, -34.5574233282124],
            [-58.7671068148403, -34.5579610012119],
            [-58.7676226574635, -34.5584439373317],
            [-58.7676914814562, -34.5585016999206],
            [-58.7685355911255, -34.5578582453378],
            [-58.7690461939598, -34.5583276020603],
            [-58.7690946164833, -34.5583686521767],
            [-58.769680353019, -34.5589153806769],
            [-58.7688266014812, -34.5595512535854],
            [-58.7680500228434, -34.5601248039187],
            [-58.7679784157015, -34.5601781627467],
            [-58.7671082310218, -34.5608183651236],
            [-58.7658358763069, -34.5617609616027],
            [-58.7652500129361, -34.5612232273989],
            [-58.7646747844302, -34.560703625514],
            [-58.7640996963857, -34.5601750086444],
            [-58.7645469061162, -34.5598431358961],
            [-58.7646978876487, -34.5597354895233],
            [-58.7650175629689, -34.5595006055696],
            [-58.7653884525165, -34.5592280890016],
            [-58.7648079895318, -34.5586949141823]
          ]
        ]
      },
      "properties": {
        "objectid": 110,
        "clave": "067601804",
        "provincia": "06",
        "partido": "760",
        "localidad": "010",
        "fraccion": "18",
        "radio": "04",
        "tot_manzanas": 13,
        "barrio_codigo": 1,
        "barrio_nombre": "Santa Brigida",
        "circuito": "397b",
        "st_area(shape)": 120805.75795697,
        "st_length(shape)": 1583.67494177585
      }
    },
    {
      "type": "Feature",
      "id": 178,
      "geometry": {
        "type": "Polygon",
        "coordinates": [
          [
            [-58.7403338702456, -34.545604927886],
            [-58.741198260756, -34.54494219431],
            [-58.742057373856, -34.5443155820192],
            [-58.7422997017359, -34.5441378048328],
            [-58.7430245847201, -34.5448303114319],
            [-58.743062231409, -34.544862247061],
            [-58.74363694545, -34.5453999715071],
            [-58.7440396991319, -34.5457826919427],
            [-58.7442061532356, -34.5459421435152],
            [-58.7442415943028, -34.5459749908231],
            [-58.7448454216309, -34.5465346087005],
            [-58.7455383465246, -34.5471817042919],
            [-58.7461291600986, -34.5477376100529],
            [-58.7450717487381, -34.5485109380667],
            [-58.7442676153537, -34.5491020806483],
            [-58.7441904892753, -34.5491598765402],
            [-58.7441421511132, -34.5491143106871],
            [-58.7434273018594, -34.5484759962751],
            [-58.7428523653493, -34.5479517891681],
            [-58.7420516881535, -34.5472269517233],
            [-58.7416755553223, -34.5468850618726],
            [-58.7410930324966, -34.5463186851325],
            [-58.7403338702456, -34.545604927886]
          ]
        ]
      },
      "properties": {
        "objectid": 178,
        "clave": "067602604",
        "provincia": "06",
        "partido": "760",
        "localidad": "010",
        "fraccion": "26",
        "radio": "04",
        "tot_manzanas": 8,
        "barrio_codigo": 12,
        "barrio_nombre": "Don Alfonso",
        "circuito": "397a",
        "st_area(shape)": 128480.698665045,
        "st_length(shape)": 1543.08765494869
      }
    },
    {
      "type": "Feature",
      "id": 145,
      "geometry": {
        "type": "Polygon",
        "coordinates": [
          [
            [-58.6933416812556, -34.5447278314058],
            [-58.6933967725716, -34.5446878594994],
            [-58.693650514785, -34.5444832604111],
            [-58.6942402451532, -34.5440388873537],
            [-58.6951552026743, -34.5433456039013],
            [-58.6959985075394, -34.5427056310216],
            [-58.6960480100769, -34.5426746118575],
            [-58.696841308943, -34.5420971936821],
            [-58.6969074284868, -34.5420483241658],
            [-58.6975623795706, -34.5426592278566],
            [-58.6980456066678, -34.5431060508748],
            [-58.6971971480698, -34.5437279565632],
            [-58.6962879998134, -34.5443987823916],
            [-58.6953457415136, -34.5450962883996],
            [-58.6945082740322, -34.5457092785028],
            [-58.6944310484883, -34.5457715483774],
            [-58.6943664729568, -34.5457212826545],
            [-58.693883532984, -34.5452564210421],
            [-58.6934059736751, -34.5447961219651],
            [-58.6933416812556, -34.5447278314058]
          ]
        ]
      },
      "properties": {
        "objectid": 145,
        "clave": "067600306",
        "provincia": "06",
        "partido": "760",
        "localidad": "010",
        "fraccion": "03",
        "radio": "06",
        "tot_manzanas": 8,
        "barrio_codigo": 31,
        "barrio_nombre": "Muniz Norte",
        "circuito": "400",
        "st_area(shape)": 69266.96477529,
        "st_length(shape)": 1196.99209570158
      }
    },
    {
      "type": "Feature",
      "id": 129,
      "geometry": {
        "type": "Polygon",
        "coordinates": [
          [
            [-58.7343057180459, -34.5528323480372],
            [-58.7348919473487, -34.5524037835373],
            [-58.7351909223248, -34.5521872831458],
            [-58.7346423436005, -34.5516527235324],
            [-58.7360080198831, -34.5506235735195],
            [-58.7366042890867, -34.551175798079],
            [-58.7372270483803, -34.5517699551547],
            [-58.7376251339024, -34.5521613292166],
            [-58.7379420424537, -34.5524575514509],
            [-58.7385381574014, -34.5529965059359],
            [-58.7391544835794, -34.5535843637794],
            [-58.7383904147999, -34.5542036899075],
            [-58.7386686198756, -34.5544374526998],
            [-58.7389163044131, -34.5546624519363],
            [-58.7394581799056, -34.5551847125377],
            [-58.7383184872454, -34.5560263576467],
            [-58.7380816304866, -34.5561996767061],
            [-58.7371188967759, -34.5564242799754],
            [-58.7362966286449, -34.5570676939954],
            [-58.7353195116948, -34.5577719170827],
            [-58.7344163864614, -34.5584368946208],
            [-58.7337345271724, -34.5589196259795],
            [-58.7327985049193, -34.5596046947387],
            [-58.731992564703, -34.5601998221172],
            [-58.7314034635901, -34.5597629710978],
            [-58.7305416304184, -34.5591185469672],
            [-58.7304662659185, -34.5590591741829],
            [-58.7285484155326, -34.5576466005248],
            [-58.7284782947136, -34.5576008016865],
            [-58.7280318484755, -34.5572265900927],
            [-58.7279888242325, -34.5571900870086],
            [-58.7275554786563, -34.5568078239725],
            [-58.7285668993964, -34.5560739061179],
            [-58.7286219820214, -34.5560339190783],
            [-58.7292500282618, -34.5555584960962],
            [-58.729426565162, -34.5554248586809],
            [-58.7294816469638, -34.5553848703294],
            [-58.7298344695282, -34.5551091181475],
            [-58.7304396975756, -34.5546645738959],
            [-58.7310105762093, -34.5542598390376],
            [-58.731448145833, -34.5539496121031],
            [-58.7314867496286, -34.5539184652865],
            [-58.7320483697765, -34.5544634336878],
            [-58.7327364707083, -34.5539740579882],
            [-58.7335172031352, -34.5534195345934],
            [-58.7336320596407, -34.5533408042786],
            [-58.7341258218817, -34.5529761028138],
            [-58.7343057180459, -34.5528323480372]
          ]
        ]
      },
      "properties": {
        "objectid": 129,
        "clave": "067602704",
        "provincia": "06",
        "partido": "760",
        "localidad": "010",
        "fraccion": "27",
        "radio": "04",
        "tot_manzanas": 16,
        "barrio_codigo": 14,
        "barrio_nombre": "Colegio Maximo",
        "circuito": "397a",
        "st_area(shape)": 524177.88490432,
        "st_length(shape)": 3321.20646652533
      }
    },
    {
      "type": "Feature",
      "id": 26,
      "geometry": {
        "type": "Polygon",
        "coordinates": [
          [
            [-58.754099795087, -34.5713584991937],
            [-58.7541548761801, -34.57131849978],
            [-58.7548875359537, -34.5707806479519],
            [-58.7555484954244, -34.5703006496369],
            [-58.7560966935016, -34.5708064978322],
            [-58.7566502787209, -34.5713169053338],
            [-58.7559837352732, -34.571805866314],
            [-58.7552620356639, -34.5723393295448],
            [-58.7552068872259, -34.5723838356163],
            [-58.7537800039426, -34.5734373953351],
            [-58.7531740251983, -34.5738818903294],
            [-58.7520169981054, -34.5747398847414],
            [-58.751964691178, -34.574771953306],
            [-58.7514306668175, -34.5742336284002],
            [-58.7514967803257, -34.5741847294077],
            [-58.7526121586599, -34.5734157724381],
            [-58.75203823207, -34.572874183156],
            [-58.7526676715137, -34.5723984720635],
            [-58.754099795087, -34.5713584991937]
          ]
        ]
      },
      "properties": {
        "objectid": 26,
        "clave": "067603302",
        "provincia": "06",
        "partido": "760",
        "localidad": "010",
        "fraccion": "33",
        "radio": "02",
        "tot_manzanas": 9,
        "barrio_codigo": 2,
        "barrio_nombre": "La Estrella",
        "circuito": "397b",
        "st_area(shape)": 76631.751916045,
        "st_length(shape)": 1456.62228006642
      }
    },
    {
      "type": "Feature",
      "id": 27,
      "geometry": {
        "type": "Polygon",
        "coordinates": [
          [
            [-58.7442136501255, -34.5776974461959],
            [-58.7454174396655, -34.5768989307795],
            [-58.7454401307291, -34.5769393921268],
            [-58.7456604137666, -34.5775095177675],
            [-58.7456754037783, -34.5775998086989],
            [-58.7457060608726, -34.5777353281804],
            [-58.7458815460157, -34.5783861161311],
            [-58.7462306948673, -34.5790837555997],
            [-58.7462789156853, -34.5791383331032],
            [-58.7466466477519, -34.5796874373921],
            [-58.746684243503, -34.5797238782449],
            [-58.7467324649797, -34.579778455578],
            [-58.7472820305615, -34.580310593814],
            [-58.7472857347176, -34.580313504499],
            [-58.7472382360633, -34.5803484082385],
            [-58.7465296970376, -34.5808720061163],
            [-58.7457877221559, -34.5814255655023],
            [-58.7454727642804, -34.5816631772336],
            [-58.745469175831, -34.5816601820537],
            [-58.7450913407579, -34.5812939130424],
            [-58.7448767310747, -34.5810708716964],
            [-58.7447497003849, -34.5808216889063],
            [-58.7447231380138, -34.5807763481806],
            [-58.7445313808117, -34.5801208846105],
            [-58.7444488835585, -34.5794611438564],
            [-58.7443309833525, -34.5785910063952],
            [-58.7442721809121, -34.5781532386078],
            [-58.744247651808, -34.5779727134356],
            [-58.7442136501255, -34.5776974461959]
          ]
        ]
      },
      "properties": {
        "objectid": 27,
        "clave": "067603307",
        "provincia": "06",
        "partido": "760",
        "localidad": "010",
        "fraccion": "33",
        "radio": "07",
        "tot_manzanas": 7,
        "barrio_codigo": 4,
        "barrio_nombre": "Los Paraisos",
        "circuito": "397c",
        "st_area(shape)": 77007.41724366,
        "st_length(shape)": 1254.43668718872
      }
    },
    {
      "type": "Feature",
      "id": 143,
      "geometry": {
        "type": "Polygon",
        "coordinates": [
          [
            [-58.7385602511522, -34.5717622322499],
            [-58.7386208553875, -34.5717177910838],
            [-58.7394744515539, -34.5710924854125],
            [-58.7403508378632, -34.570446703425],
            [-58.7413040562579, -34.5697399499862],
            [-58.7424830446735, -34.5688732695537],
            [-58.7426705623729, -34.5687219694878],
            [-58.7427236119484, -34.5688171597604],
            [-58.7428936775552, -34.5694633888591],
            [-58.7429914143777, -34.5698474765789],
            [-58.743145954027, -34.5704394641087],
            [-58.7432952526967, -34.57101787691],
            [-58.7433105104363, -34.5710901435527],
            [-58.7433256325966, -34.571171421588],
            [-58.7434383820705, -34.5720063480539],
            [-58.7435069194954, -34.5725208331585],
            [-58.7436984980249, -34.5739109099796],
            [-58.7428524695979, -34.5740103625377],
            [-58.7426394653766, -34.5740442230202],
            [-58.7422626877469, -34.5740989296904],
            [-58.742213522147, -34.5741074366915],
            [-58.742060646502, -34.5741283952915],
            [-58.7419134211373, -34.5741358914145],
            [-58.7417608837903, -34.5741343189088],
            [-58.7416139979424, -34.5741192839549],
            [-58.7414672490752, -34.5740952365512],
            [-58.7413206350568, -34.5740621766768],
            [-58.741179672709, -34.5740156543922],
            [-58.7410442262113, -34.5739646820021],
            [-58.7409144325555, -34.5739002472525],
            [-58.7407956693985, -34.5738269124883],
            [-58.7406824901026, -34.5737446215413],
            [-58.7402472750363, -34.5733390219494],
            [-58.73969384745, -34.5728240359501],
            [-58.7391297355083, -34.5722954165697],
            [-58.738635496615, -34.5718306125708],
            [-58.7385602511522, -34.5717622322499]
          ]
        ]
      },
      "properties": {
        "objectid": 143,
        "clave": "067603001",
        "provincia": "06",
        "partido": "760",
        "localidad": "010",
        "fraccion": "30",
        "radio": "01",
        "tot_manzanas": 15,
        "barrio_codigo": 6,
        "barrio_nombre": "La Guarida",
        "circuito": "397c",
        "st_area(shape)": 163721.356518115,
        "st_length(shape)": 1674.3499891755
      }
    },
    {
      "type": "Feature",
      "id": 203,
      "geometry": {
        "type": "Polygon",
        "coordinates": [
          [
            [-58.7169147050119, -34.552184275782],
            [-58.7174901929297, -34.5517716128274],
            [-58.7175927098995, -34.5516958751255],
            [-58.7180171448761, -34.5513828013957],
            [-58.7191238684295, -34.5505642951219],
            [-58.719702136414, -34.5501494097359],
            [-58.7201648564166, -34.5498117420051],
            [-58.720948955691, -34.5505410531142],
            [-58.7217489948436, -34.5512975681428],
            [-58.7216058074627, -34.5513997262892],
            [-58.7215616861073, -34.551435319029],
            [-58.7207019445401, -34.5520706285476],
            [-58.7202722261305, -34.5524042985266],
            [-58.7196785411471, -34.5528257398297],
            [-58.7195616538978, -34.5529112120623],
            [-58.7184930359906, -34.5536926166675],
            [-58.7180597334622, -34.5532841541385],
            [-58.7175149058971, -34.552770552875],
            [-58.7173431091814, -34.5526027429114],
            [-58.7169147050119, -34.552184275782]
          ]
        ]
      },
      "properties": {
        "objectid": 203,
        "clave": "067600806",
        "provincia": "06",
        "partido": "760",
        "localidad": "010",
        "fraccion": "08",
        "radio": "06",
        "tot_manzanas": 5,
        "barrio_codigo": 39,
        "barrio_nombre": "San Miguel Oeste",
        "circuito": "397",
        "st_area(shape)": 88309.50917386,
        "st_length(shape)": 1239.06912129621
      }
    },
    {
      "type": "Feature",
      "id": 58,
      "geometry": {
        "type": "Polygon",
        "coordinates": [
          [
            [-58.736175824434, -34.563365721862],
            [-58.7372442553527, -34.5625862252778],
            [-58.7380376758716, -34.5619950215413],
            [-58.7381094393231, -34.5619326675525],
            [-58.7387434712765, -34.5625160963054],
            [-58.7393613749561, -34.5630858346959],
            [-58.7394150962428, -34.5631359648494],
            [-58.7395064040449, -34.5632225370206],
            [-58.7405324525717, -34.5641840717959],
            [-58.7413758340055, -34.564976962103],
            [-58.7414403162552, -34.5650362160382],
            [-58.7423270890957, -34.5658430669145],
            [-58.7423861943944, -34.5658977581044],
            [-58.7424559217712, -34.5659705861011],
            [-58.7432779570668, -34.5667362015284],
            [-58.7441376633374, -34.5675337479557],
            [-58.7442021506127, -34.5675929996029],
            [-58.7442612583704, -34.567647689923],
            [-58.7449760704187, -34.5682995205611],
            [-58.7458575997796, -34.569097278538],
            [-58.7459166420166, -34.5691564742438],
            [-58.745266397649, -34.5696455437821],
            [-58.7446437218947, -34.5701123590494],
            [-58.7445942201792, -34.5701433978267],
            [-58.7440433037155, -34.570547852137],
            [-58.7434924497307, -34.5709477976693],
            [-58.7433105104363, -34.5710901435527],
            [-58.7432952526967, -34.57101787691],
            [-58.743145954027, -34.5704394641087],
            [-58.7429914143777, -34.5698474765789],
            [-58.7428936775552, -34.5694633888591],
            [-58.7427236119484, -34.5688171597604],
            [-58.7426705623729, -34.5687219694878],
            [-58.7426120666004, -34.5686267230861],
            [-58.7422738338026, -34.568294239217],
            [-58.7417519559086, -34.5678562038998],
            [-58.7416927139133, -34.5678105246941],
            [-58.7407830520198, -34.5670755418078],
            [-58.7397656849309, -34.5662583178876],
            [-58.7387915070613, -34.5654685720633],
            [-58.7387215100929, -34.565413766612],
            [-58.7375642616895, -34.5644824078996],
            [-58.737488887341, -34.5644230392874],
            [-58.736802662997, -34.5638556311732],
            [-58.7366372690294, -34.5637183255161],
            [-58.736175824434, -34.563365721862]
          ]
        ]
      },
      "properties": {
        "objectid": 58,
        "clave": "067601602",
        "provincia": "06",
        "partido": "760",
        "localidad": "010",
        "fraccion": "16",
        "radio": "02",
        "tot_manzanas": 13,
        "barrio_codigo": 7,
        "barrio_nombre": "Sarmiento",
        "circuito": "397c",
        "st_area(shape)": 234631.108414505,
        "st_length(shape)": 2746.92165921012
      }
    },
    {
      "type": "Feature",
      "id": 228,
      "geometry": {
        "type": "Polygon",
        "coordinates": [
          [
            [-58.7517706187642, -34.5518237155086],
            [-58.7530681478532, -34.5509603582592],
            [-58.7540222003838, -34.5502611363675],
            [-58.755002523789, -34.549544022801],
            [-58.7550026790361, -34.5495439126138],
            [-58.7550564048057, -34.5495933005193],
            [-58.7556995037361, -34.5501908325147],
            [-58.7563834097874, -34.5508345387058],
            [-58.7553916410955, -34.5515498420042],
            [-58.7544470327283, -34.5522524770184],
            [-58.7531707529174, -34.5531439055223],
            [-58.7524811966645, -34.5524700216329],
            [-58.7523730568291, -34.5523625166513],
            [-58.7517706187642, -34.5518237155086]
          ]
        ]
      },
      "properties": {
        "objectid": 228,
        "clave": "067601706",
        "provincia": "06",
        "partido": "760",
        "localidad": "010",
        "fraccion": "17",
        "radio": "06",
        "tot_manzanas": 6,
        "barrio_codigo": 9,
        "barrio_nombre": "San Antonio",
        "circuito": "397b",
        "st_area(shape)": 74639.607544595,
        "st_length(shape)": 1166.85157630527
      }
    },
    {
      "type": "Feature",
      "id": 8,
      "geometry": {
        "type": "Polygon",
        "coordinates": [
          [
            [-58.7109637304833, -34.5329314721738],
            [-58.7117731697772, -34.5323541241168],
            [-58.7121478680388, -34.5320696386951],
            [-58.7131670394878, -34.5313097126949],
            [-58.7132439615283, -34.5312654547226],
            [-58.7135822072971, -34.5315799906048],
            [-58.7143765573514, -34.5323364933518],
            [-58.7144195630539, -34.532373000962],
            [-58.7144842102209, -34.5324187491963],
            [-58.7150961441065, -34.5329975594755],
            [-58.7151444570287, -34.5330431363897],
            [-58.714158506108, -34.5337673736511],
            [-58.714037536536, -34.5338427162729],
            [-58.7139770170211, -34.5338826405988],
            [-58.7129084676648, -34.5346645865761],
            [-58.7128533921527, -34.5347045677092],
            [-58.7127762586026, -34.5347623437001],
            [-58.7118565115762, -34.5354286705093],
            [-58.7117794460915, -34.5354819397141],
            [-58.711054697055, -34.5348027724502],
            [-58.7106682066102, -34.5344381440089],
            [-58.7104695180809, -34.5342557727538],
            [-58.7098843456493, -34.5337087703648],
            [-58.7109637304833, -34.5329314721738]
          ]
        ]
      },
      "properties": {
        "objectid": 8,
        "clave": "067601905",
        "provincia": "06",
        "partido": "760",
        "localidad": "010",
        "fraccion": "19",
        "radio": "05",
        "tot_manzanas": 8,
        "barrio_codigo": 30,
        "barrio_nombre": "San Miguel Norte",
        "circuito": "397",
        "st_area(shape)": 107844.42920046,
        "st_length(shape)": 1347.59650319205
      }
    },
    {
      "type": "Feature",
      "id": 294,
      "geometry": {
        "type": "Polygon",
        "coordinates": [
          [
            [-58.7027356608431, -34.5448235014229],
            [-58.7039916147514, -34.5439129394814],
            [-58.7050279763224, -34.5448703707989],
            [-58.70575820564, -34.54554963224],
            [-58.7056921580489, -34.5455940004763],
            [-58.7044468075363, -34.5465227194779],
            [-58.7037604281877, -34.5458258885293],
            [-58.7027356608431, -34.5448235014229]
          ]
        ]
      },
      "properties": {
        "objectid": 294,
        "clave": "067602101",
        "provincia": "06",
        "partido": "760",
        "localidad": "010",
        "fraccion": "21",
        "radio": "01",
        "tot_manzanas": 2,
        "barrio_codigo": 31,
        "barrio_nombre": "Muniz Norte",
        "circuito": "400",
        "st_area(shape)": 38352.094700155,
        "st_length(shape)": 803.915111856758
      }
    },
    {
      "type": "Feature",
      "id": 71,
      "geometry": {
        "type": "Polygon",
        "coordinates": [
          [
            [-58.7219519429885, -34.593626274023],
            [-58.7226379242357, -34.5931252426169],
            [-58.7232502324859, -34.5937013320462],
            [-58.7238345162378, -34.5942642845084],
            [-58.7244286980083, -34.5948299696744],
            [-58.7244858971088, -34.5948711281092],
            [-58.7235780293135, -34.5955737109079],
            [-58.7226629223271, -34.5962536750237],
            [-58.7212743559559, -34.5972271462611],
            [-58.7199091552076, -34.5982559186655],
            [-58.7192836256584, -34.5976919739573],
            [-58.71866547638, -34.5971311465978],
            [-58.7180044332818, -34.5965247982321],
            [-58.7180980385214, -34.5964626863698],
            [-58.7193713887703, -34.5955251224685],
            [-58.7200108122995, -34.5950541107808],
            [-58.7207384486758, -34.5945164192091],
            [-58.7208045280905, -34.5944720438591],
            [-58.7216644504816, -34.5938365825559],
            [-58.7219519429885, -34.593626274023]
          ]
        ]
      },
      "properties": {
        "objectid": 71,
        "clave": "067603205",
        "provincia": "06",
        "partido": "760",
        "localidad": "010",
        "fraccion": "32",
        "radio": "05",
        "tot_manzanas": 12,
        "barrio_codigo": 37,
        "barrio_nombre": "Lomas de Marilo",
        "circuito": "402",
        "st_area(shape)": 146647.18452295,
        "st_length(shape)": 1648.98458871014
      }
    },
    {
      "type": "Feature",
      "id": 267,
      "geometry": {
        "type": "Polygon",
        "coordinates": [
          [
            [-58.6993394036748, -34.5488660457726],
            [-58.7002761571629, -34.548172956774],
            [-58.7003588278043, -34.5481107420641],
            [-58.7011797304613, -34.547511056097],
            [-58.7019786278368, -34.5469246509675],
            [-58.7020985066053, -34.5469214186064],
            [-58.7028928915224, -34.5476779951613],
            [-58.703628292212, -34.5483753505278],
            [-58.702757755173, -34.5490150871277],
            [-58.7018487312518, -34.5496769413324],
            [-58.700901010844, -34.5503744323297],
            [-58.7008152737792, -34.5502833832748],
            [-58.7001069699776, -34.5495953125272],
            [-58.7000479053006, -34.5495406016079],
            [-58.6993394036748, -34.5488660457726]
          ]
        ]
      },
      "properties": {
        "objectid": 267,
        "clave": "067602108",
        "provincia": "06",
        "partido": "760",
        "localidad": "010",
        "fraccion": "21",
        "radio": "08",
        "tot_manzanas": 5,
        "barrio_codigo": 31,
        "barrio_nombre": "Muniz Norte",
        "circuito": "400",
        "st_area(shape)": 73485.08312529,
        "st_length(shape)": 1103.96103858995
      }
    },
    {
      "type": "Feature",
      "id": 229,
      "geometry": {
        "type": "Polygon",
        "coordinates": [
          [
            [-58.7132439615283, -34.5312654547226],
            [-58.7132989652153, -34.5312299794615],
            [-58.7142682810514, -34.5305236008707],
            [-58.7143397569354, -34.5304792848449],
            [-58.7143782172784, -34.5304571554773],
            [-58.7162145269425, -34.5291243690266],
            [-58.7167798344922, -34.5296539815219],
            [-58.7173402690936, -34.5301794480281],
            [-58.7179623694331, -34.530756234543],
            [-58.7161008350772, -34.5321157714072],
            [-58.7162350906633, -34.5322388680385],
            [-58.7151444570287, -34.5330431363897],
            [-58.7150961441065, -34.5329975594755],
            [-58.7144842102209, -34.5324187491963],
            [-58.7144195630539, -34.532373000962],
            [-58.7143765573514, -34.5323364933518],
            [-58.7135822072971, -34.5315799906048],
            [-58.7132439615283, -34.5312654547226]
          ]
        ]
      },
      "properties": {
        "objectid": 229,
        "clave": "067601906",
        "provincia": "06",
        "partido": "760",
        "localidad": "010",
        "fraccion": "19",
        "radio": "06",
        "tot_manzanas": 5,
        "barrio_codigo": 30,
        "barrio_nombre": "San Miguel Norte",
        "circuito": "397",
        "st_area(shape)": 90365.56546213,
        "st_length(shape)": 1247.6562394923
      }
    },
    {
      "type": "Feature",
      "id": 68,
      "geometry": {
        "type": "Polygon",
        "coordinates": [
          [
            [-58.7295959984773, -34.5675220245644],
            [-58.7303190688588, -34.5670279163195],
            [-58.7309505760882, -34.5665729824095],
            [-58.7316339403191, -34.5661109908741],
            [-58.732473967729, -34.5668689824539],
            [-58.733234655913, -34.5676148697132],
            [-58.7337591682238, -34.5672389017832],
            [-58.7348859838662, -34.5682990080149],
            [-58.7337511214991, -34.5691255105107],
            [-58.7336905166615, -34.5691699501625],
            [-58.7346213033903, -34.5700158111609],
            [-58.7335919144845, -34.5707495763115],
            [-58.7326659466778, -34.5699074505246],
            [-58.7315434445696, -34.5688411909802],
            [-58.7312404151097, -34.569063382441],
            [-58.7304207373301, -34.5683181682586],
            [-58.7295959984773, -34.5675220245644]
          ]
        ]
      },
      "properties": {
        "objectid": 68,
        "clave": "067601502",
        "provincia": "06",
        "partido": "760",
        "localidad": "010",
        "fraccion": "15",
        "radio": "02",
        "tot_manzanas": 9,
        "barrio_codigo": 8,
        "barrio_nombre": "Mitre",
        "circuito": "397c",
        "st_area(shape)": 113608.32086137,
        "st_length(shape)": 1632.90827930888
      }
    },
    {
      "type": "Feature",
      "id": 304,
      "geometry": {
        "type": "Polygon",
        "coordinates": [
          [
            [-58.702565377572, -34.5421085797113],
            [-58.703419227249, -34.541486694021],
            [-58.7043943309326, -34.5407714442537],
            [-58.705151119913, -34.5414915526923],
            [-58.7052040243719, -34.5415405172329],
            [-58.7052819528483, -34.5414839264336],
            [-58.705367901831, -34.5414216266295],
            [-58.7054237455642, -34.5414719093968],
            [-58.7062612575905, -34.5422559618345],
            [-58.7051981128158, -34.5430288816464],
            [-58.7051264130275, -34.543086709297],
            [-58.7050656731653, -34.5431401472053],
            [-58.7039916147514, -34.5439129394814],
            [-58.7030896004892, -34.5430741044971],
            [-58.7033705438979, -34.542869774639],
            [-58.702565377572, -34.5421085797113]
          ]
        ]
      },
      "properties": {
        "objectid": 304,
        "clave": "067602007",
        "provincia": "06",
        "partido": "760",
        "localidad": "010",
        "fraccion": "20",
        "radio": "07",
        "tot_manzanas": 4,
        "barrio_codigo": 30,
        "barrio_nombre": "San Miguel Norte",
        "circuito": "397",
        "st_area(shape)": 59782.56369959,
        "st_length(shape)": 1030.01546950959
      }
    },
    {
      "type": "Feature",
      "id": 146,
      "geometry": {
        "type": "Polygon",
        "coordinates": [
          [
            [-58.7628107776611, -34.5611309262866],
            [-58.7640996963857, -34.5601750086444],
            [-58.7646747844302, -34.560703625514],
            [-58.7652500129361, -34.5612232273989],
            [-58.7658358763069, -34.5617609616027],
            [-58.764602022258, -34.5626768919235],
            [-58.7645305440119, -34.5627212371326],
            [-58.7638698293548, -34.5631922746945],
            [-58.7632528844102, -34.5636502314532],
            [-58.7626514760075, -34.5641195708773],
            [-58.7620078127834, -34.5645840493241],
            [-58.7613796857064, -34.5650599103108],
            [-58.7607463048112, -34.5655221940234],
            [-58.7594793882161, -34.5664557624894],
            [-58.7589903803524, -34.5660001065154],
            [-58.758936577213, -34.5659544908759],
            [-58.7582621910682, -34.5653299489349],
            [-58.7577704070584, -34.5648745050719],
            [-58.758432459331, -34.5643853566714],
            [-58.7589474894741, -34.5648334879793],
            [-58.7595368724257, -34.5644065049894],
            [-58.7598971500208, -34.5647383905947],
            [-58.7605251491028, -34.5642715497087],
            [-58.7611532080122, -34.5638001992213],
            [-58.7602879925669, -34.562998208905],
            [-58.7609214231831, -34.5625314208428],
            [-58.7614722730074, -34.5621223807338],
            [-58.761549331832, -34.5620690802168],
            [-58.7616154976218, -34.5620156691374],
            [-58.7622131408041, -34.5615732988082],
            [-58.7628107776611, -34.5611309262866]
          ]
        ]
      },
      "properties": {
        "objectid": 146,
        "clave": "067603507",
        "provincia": "06",
        "partido": "760",
        "localidad": "010",
        "fraccion": "35",
        "radio": "07",
        "tot_manzanas": 8,
        "barrio_codigo": 1,
        "barrio_nombre": "Santa Brigida",
        "circuito": "397b",
        "st_area(shape)": 161066.147822435,
        "st_length(shape)": 2270.62566503548
      }
    },
    {
      "type": "Feature",
      "id": 80,
      "geometry": {
        "type": "Polygon",
        "coordinates": [
          [
            [-58.7591864044007, -34.5599278755073],
            [-58.7598450223353, -34.5594423080354],
            [-58.7605004155715, -34.5589622241497],
            [-58.7611373413745, -34.5585153613055],
            [-58.7611317167111, -34.5585350911672],
            [-58.7611302770231, -34.5585553268067],
            [-58.7611330650103, -34.5585754665404],
            [-58.7611399980696, -34.558594909215],
            [-58.7611508679739, -34.558613075838],
            [-58.7611653537034, -34.5586294259318],
            [-58.7611830212451, -34.5586434710535],
            [-58.7611407997759, -34.5591264652215],
            [-58.7611553362062, -34.5592482972179],
            [-58.7611867379686, -34.5594066933072],
            [-58.7611871537782, -34.5594080423756],
            [-58.7611992235359, -34.5594472132479],
            [-58.7612117102042, -34.5594877331984],
            [-58.7612779678027, -34.5596306756016],
            [-58.7613227524896, -34.5597142024006],
            [-58.7613974052407, -34.5598231246739],
            [-58.7614134118272, -34.5598458214143],
            [-58.7616015141362, -34.5600189907565],
            [-58.7628107776611, -34.5611309262866],
            [-58.7622131408041, -34.5615732988082],
            [-58.7616154976218, -34.5620156691374],
            [-58.761549331832, -34.5620690802168],
            [-58.7614722730074, -34.5621223807338],
            [-58.7609214231831, -34.5625314208428],
            [-58.7602879925669, -34.562998208905],
            [-58.7602665386407, -34.5629754566993],
            [-58.7594281727015, -34.5622007742396],
            [-58.7584017913323, -34.5612484062103],
            [-58.7583966568802, -34.5608607637998],
            [-58.7583961656845, -34.5605272518523],
            [-58.7591864044007, -34.5599278755073]
          ]
        ]
      },
      "properties": {
        "objectid": 80,
        "clave": "067603505",
        "provincia": "06",
        "partido": "760",
        "localidad": "010",
        "fraccion": "35",
        "radio": "05",
        "tot_manzanas": 12,
        "barrio_codigo": 1,
        "barrio_nombre": "Santa Brigida",
        "circuito": "397b",
        "st_area(shape)": 102014.006631715,
        "st_length(shape)": 1333.11382756781
      }
    },
    {
      "type": "Feature",
      "id": 52,
      "geometry": {
        "type": "Polygon",
        "coordinates": [
          [
            [-58.7357991429874, -34.5691602621158],
            [-58.7367522463351, -34.568462556873],
            [-58.7376061249501, -34.5678404349699],
            [-58.7376776895639, -34.5677915998323],
            [-58.7385702289304, -34.5671338160171],
            [-58.7397656849309, -34.5662583178876],
            [-58.7407830520198, -34.5670755418078],
            [-58.7394885219054, -34.5680176293367],
            [-58.738524551144, -34.5687152431081],
            [-58.7376706699986, -34.5693373722055],
            [-58.7367727203259, -34.5699905860205],
            [-58.7367177002145, -34.5700260712971],
            [-58.7366639751953, -34.5699759399386],
            [-58.7357991429874, -34.5691602621158]
          ]
        ]
      },
      "properties": {
        "objectid": 52,
        "clave": "067601509",
        "provincia": "06",
        "partido": "760",
        "localidad": "010",
        "fraccion": "15",
        "radio": "09",
        "tot_manzanas": 4,
        "barrio_codigo": 8,
        "barrio_nombre": "Mitre",
        "circuito": "397c",
        "st_area(shape)": 63297.867100265,
        "st_length(shape)": 1240.3581899246
      }
    },
    {
      "type": "Feature",
      "id": 258,
      "geometry": {
        "type": "Polygon",
        "coordinates": [
          [
            [-58.6783759075419, -34.5522057897549],
            [-58.6775988976075, -34.5514394529613],
            [-58.6768099517969, -34.5507042358162],
            [-58.6766951332879, -34.5505950836364],
            [-58.6768937879741, -34.5504514295097],
            [-58.6773628285278, -34.5501103856315],
            [-58.6780323834805, -34.5496196783623],
            [-58.6782148313456, -34.5494833747036],
            [-58.6784477371045, -34.5493093730045],
            [-58.6793430068542, -34.5486718094086],
            [-58.6797371465865, -34.5483905796808],
            [-58.679799158776, -34.5484725479416],
            [-58.6806209135069, -34.5492755912109],
            [-58.6813282798618, -34.5499307244178],
            [-58.6814517793793, -34.5500501091237],
            [-58.682049799188, -34.5506636174586],
            [-58.6821034075419, -34.5507182780466],
            [-58.6813869542982, -34.5512468524485],
            [-58.6806099438595, -34.5518153285031],
            [-58.6791274770991, -34.5529034662701],
            [-58.6783759075419, -34.5522057897549]
          ]
        ]
      },
      "properties": {
        "objectid": 258,
        "clave": "067600504",
        "provincia": "06",
        "partido": "760",
        "localidad": "010",
        "fraccion": "05",
        "radio": "04",
        "tot_manzanas": 6,
        "barrio_codigo": 41,
        "barrio_nombre": "Bella Vista Norte",
        "circuito": "401a",
        "st_area(shape)": 124889.00560458,
        "st_length(shape)": 1413.96963107899
      }
    },
    {
      "type": "Feature",
      "id": 162,
      "geometry": {
        "type": "Polygon",
        "coordinates": [
          [
            [-58.7162350906633, -34.5322388680385],
            [-58.7166753557668, -34.5326491119611],
            [-58.7181128687674, -34.5315960883757],
            [-58.718531378168, -34.531294015493],
            [-58.7189715119407, -34.5317132636064],
            [-58.7191111471866, -34.5318409195166],
            [-58.7191917174129, -34.5319138743626],
            [-58.7197178038124, -34.5324106379297],
            [-58.7187979988015, -34.5330860322599],
            [-58.7178672186567, -34.5337658101306],
            [-58.7168264849011, -34.5345120280888],
            [-58.7167714113079, -34.5345520110344],
            [-58.7160786072657, -34.5339182764755],
            [-58.7158908671886, -34.5337315221685],
            [-58.7158748087367, -34.5337133258749],
            [-58.7151444570287, -34.5330431363897],
            [-58.7162350906633, -34.5322388680385]
          ]
        ]
      },
      "properties": {
        "objectid": 162,
        "clave": "067601909",
        "provincia": "06",
        "partido": "760",
        "localidad": "010",
        "fraccion": "19",
        "radio": "09",
        "tot_manzanas": 4,
        "barrio_codigo": 30,
        "barrio_nombre": "San Miguel Norte",
        "circuito": "397",
        "st_area(shape)": 67664.737700255,
        "st_length(shape)": 1171.70898219839
      }
    },
    {
      "type": "Feature",
      "id": 132,
      "geometry": {
        "type": "Polygon",
        "coordinates": [
          [
            [-58.7658358763069, -34.5617609616027],
            [-58.7671082310218, -34.5608183651236],
            [-58.7676994168302, -34.5613651580094],
            [-58.7682100356789, -34.5618345183238],
            [-58.768263774987, -34.5618846361544],
            [-58.7686453989992, -34.5622355143801],
            [-58.7688280737332, -34.5624086179944],
            [-58.769005436063, -34.5625726531274],
            [-58.7697728225928, -34.5632662024763],
            [-58.7697752271374, -34.563268285448],
            [-58.7697494089154, -34.5632882232144],
            [-58.7691227394953, -34.563741918803],
            [-58.7685108403201, -34.5641939158726],
            [-58.7678431934624, -34.5646999287813],
            [-58.767214266353, -34.5651879337525],
            [-58.7671960219003, -34.5652018902257],
            [-58.7671926647711, -34.5651987186393],
            [-58.7662449284779, -34.5643114705844],
            [-58.7656860143799, -34.5637920383061],
            [-58.7651324877028, -34.5632771648714],
            [-58.7645305440119, -34.5627212371326],
            [-58.764602022258, -34.5626768919235],
            [-58.7658358763069, -34.5617609616027]
          ]
        ]
      },
      "properties": {
        "objectid": 132,
        "clave": "067603508",
        "provincia": "06",
        "partido": "760",
        "localidad": "010",
        "fraccion": "35",
        "radio": "08",
        "tot_manzanas": 11,
        "barrio_codigo": 1,
        "barrio_nombre": "Santa Brigida",
        "circuito": "397b",
        "st_area(shape)": 116141.261599725,
        "st_length(shape)": 1370.68596526753
      }
    },
    {
      "type": "Feature",
      "id": 322,
      "geometry": {
        "type": "Polygon",
        "coordinates": [
          [
            [-58.7627485580419, -34.5539283344825],
            [-58.7635967825929, -34.5532969543112],
            [-58.7644943465943, -34.5541172764799],
            [-58.764892125218, -34.5544773444305],
            [-58.7650842781653, -34.5546600193136],
            [-58.7655958997543, -34.5551424641929],
            [-58.7656388732557, -34.5551834605621],
            [-58.7662193179697, -34.5557166313214],
            [-58.7667836296465, -34.5562361157681],
            [-58.7668050837103, -34.5562588668537],
            [-58.7673801630881, -34.5567874710973],
            [-58.7666035345861, -34.5573655181153],
            [-58.7665264157073, -34.5574233282124],
            [-58.7656837496783, -34.5580457714861],
            [-58.7648079895318, -34.5586949141823],
            [-58.764446876427, -34.558360373527],
            [-58.7642276005852, -34.558157230522],
            [-58.7641939612455, -34.5581286111797],
            [-58.7638168395223, -34.5577811729148],
            [-58.7636363923054, -34.5576149276929],
            [-58.7630613994209, -34.5570818009855],
            [-58.7625179037477, -34.5565648415582],
            [-58.7619221263929, -34.5560291670081],
            [-58.7610300827737, -34.5552043744747],
            [-58.7619058996613, -34.5545507521639],
            [-58.7627485580419, -34.5539283344825]
          ]
        ]
      },
      "properties": {
        "objectid": 322,
        "clave": "067601803",
        "provincia": "06",
        "partido": "760",
        "localidad": "010",
        "fraccion": "18",
        "radio": "03",
        "tot_manzanas": 18,
        "barrio_codigo": 1,
        "barrio_nombre": "Santa Brigida",
        "circuito": "397b",
        "st_area(shape)": 164876.87124367,
        "st_length(shape)": 1673.83890772203
      }
    },
    {
      "type": "Feature",
      "id": 84,
      "geometry": {
        "type": "Polygon",
        "coordinates": [
          [
            [-58.7172973743816, -34.547198828497],
            [-58.718557540936, -34.5462885608893],
            [-58.7187697918744, -34.5461313569126],
            [-58.7201934597487, -34.5450978874264],
            [-58.7205570212398, -34.544831287748],
            [-58.7212511190924, -34.5443202724948],
            [-58.722275740089, -34.5435648365889],
            [-58.7228879470516, -34.5441345975379],
            [-58.7230544255111, -34.5442895718005],
            [-58.7232799813188, -34.5444992449531],
            [-58.7223491763668, -34.5451745485255],
            [-58.7222248061662, -34.5452525215759],
            [-58.7211868721732, -34.5460276923721],
            [-58.7221825700498, -34.5469868663891],
            [-58.7207677824809, -34.5479869000541],
            [-58.7193431315469, -34.5490504824238],
            [-58.7183135975471, -34.5481262929491],
            [-58.7172973743816, -34.547198828497]
          ]
        ]
      },
      "properties": {
        "objectid": 84,
        "clave": "067602507",
        "provincia": "06",
        "partido": "760",
        "localidad": "010",
        "fraccion": "25",
        "radio": "07",
        "tot_manzanas": 6,
        "barrio_codigo": 39,
        "barrio_nombre": "San Miguel Oeste",
        "circuito": "397",
        "st_area(shape)": 132450.20000626,
        "st_length(shape)": 1770.17072205759
      }
    },
    {
      "type": "Feature",
      "id": 170,
      "geometry": {
        "type": "Polygon",
        "coordinates": [
          [
            [-58.7448454216309, -34.5465346087005],
            [-58.7456767543553, -34.5459437402826],
            [-58.746425712246, -34.5453970898222],
            [-58.746486360437, -34.5453481369816],
            [-58.7465523868802, -34.5453037461917],
            [-58.7473509527251, -34.5447170364421],
            [-58.7474500584392, -34.5446459442302],
            [-58.7481720711637, -34.5441137779545],
            [-58.7481722406764, -34.5441136607112],
            [-58.7481863986275, -34.544126760414],
            [-58.7489318678933, -34.5448069883719],
            [-58.7491006345666, -34.5449609830318],
            [-58.7500846424077, -34.5458763409823],
            [-58.7507802925813, -34.546533213279],
            [-58.7514283436432, -34.5471477179762],
            [-58.7514281267948, -34.5471478680907],
            [-58.750570068886, -34.5477573924927],
            [-58.7497794313248, -34.5483706396194],
            [-58.7489584888278, -34.548968416109],
            [-58.7480679803724, -34.5495737697706],
            [-58.7479766779751, -34.5494872030453],
            [-58.7473965981125, -34.5489404299555],
            [-58.7467413604713, -34.5483207728241],
            [-58.7466553717356, -34.5482432743011],
            [-58.7461291600986, -34.5477376100529],
            [-58.7455383465246, -34.5471817042919],
            [-58.7448454216309, -34.5465346087005]
          ]
        ]
      },
      "properties": {
        "objectid": 170,
        "clave": "067602602",
        "provincia": "06",
        "partido": "760",
        "localidad": "010",
        "fraccion": "26",
        "radio": "02",
        "tot_manzanas": 18,
        "barrio_codigo": 12,
        "barrio_nombre": "Don Alfonso",
        "circuito": "397a",
        "st_area(shape)": 183935.56683626,
        "st_length(shape)": 1715.07495570874
      }
    },
    {
      "type": "Feature",
      "id": 192,
      "geometry": {
        "type": "Polygon",
        "coordinates": [
          [
            [-58.6842924891567, -34.5872132752277],
            [-58.6845650957277, -34.5870585575071],
            [-58.6848820306204, -34.5868320729491],
            [-58.6855460907201, -34.586369310533],
            [-58.6859797655539, -34.5860698967903],
            [-58.6868760067377, -34.5854045702278],
            [-58.6871577982133, -34.5866147243905],
            [-58.6877560240512, -34.5871761094255],
            [-58.686939267967, -34.5877863726186],
            [-58.6862893815016, -34.5882430297237],
            [-58.6864831725987, -34.5885469786156],
            [-58.6864941467476, -34.5888154576379],
            [-58.6862505556635, -34.588877252674],
            [-58.6858741139126, -34.5888809399345],
            [-58.6855841859432, -34.5887877947551],
            [-58.6854179704886, -34.589021286895],
            [-58.6854170306301, -34.589022901019],
            [-58.6853169076017, -34.5889916141388],
            [-58.6850240950227, -34.5888828989197],
            [-58.684504311339, -34.588705827946],
            [-58.684237330055, -34.5885775035523],
            [-58.6840360370704, -34.5884501276966],
            [-58.6836421041603, -34.5881954692537],
            [-58.6833116052313, -34.5879635512308],
            [-58.6831034435606, -34.5877925794109],
            [-58.6830702612801, -34.5877609801795],
            [-58.6837715817582, -34.5874381981256],
            [-58.6842924891567, -34.5872132752277]
          ]
        ]
      },
      "properties": {
        "objectid": 192,
        "clave": "067602904",
        "provincia": "06",
        "partido": "760",
        "localidad": "010",
        "fraccion": "29",
        "radio": "04",
        "tot_manzanas": 6,
        "barrio_codigo": 35,
        "barrio_nombre": "Obligado",
        "circuito": "402",
        "st_area(shape)": 79092.33087779,
        "st_length(shape)": 1281.71225466217
      }
    },
    {
      "type": "Feature",
      "id": 276,
      "geometry": {
        "type": "Polygon",
        "coordinates": [
          [
            [-58.7012742053634, -34.5866754832373],
            [-58.7018576732587, -34.5862323557136],
            [-58.7024759812688, -34.5858033199016],
            [-58.7038877129356, -34.5847336290398],
            [-58.7039830164732, -34.5848073902293],
            [-58.704364479944, -34.5851026297924],
            [-58.7067855402594, -34.5869763655236],
            [-58.7089430281419, -34.5886460038261],
            [-58.7093549707334, -34.5889621213972],
            [-58.712274718301, -34.5911691086991],
            [-58.7125895663549, -34.5914739260519],
            [-58.7129949067376, -34.5918663469205],
            [-58.7134747179154, -34.5923308593947],
            [-58.7133644894838, -34.5924108197236],
            [-58.7116995007518, -34.593584916059],
            [-58.7122959386448, -34.5941513339888],
            [-58.7129209412321, -34.5947566070406],
            [-58.7135482956025, -34.5953285576465],
            [-58.7118382545565, -34.596596597293],
            [-58.7124571276382, -34.5971918055401],
            [-58.7129409099624, -34.5976322433238],
            [-58.7132575928907, -34.5979203544503],
            [-58.713334069816, -34.5979358676113],
            [-58.7131338072391, -34.5984191017939],
            [-58.7131923877198, -34.5995130378857],
            [-58.7131924072819, -34.5995133950312],
            [-58.7132209274371, -34.6000313071576],
            [-58.7115634207798, -34.6011939363229],
            [-58.711552855316, -34.601203354832],
            [-58.711103982925, -34.6016034894928],
            [-58.7109337262077, -34.6017554952781],
            [-58.7109268764875, -34.6017616107453],
            [-58.7101064389584, -34.6026732959803],
            [-58.7100735706935, -34.6026449512954],
            [-58.7095916783875, -34.6022905752084],
            [-58.7094142955227, -34.6021395867761],
            [-58.7090736755862, -34.6017854096092],
            [-58.7087659157544, -34.6014567786361],
            [-58.7085752278911, -34.6012864690314],
            [-58.7083267291662, -34.6011300157202],
            [-58.7076779549261, -34.6008405397669],
            [-58.7072103002183, -34.6005887529661],
            [-58.7068392390939, -34.6003560506416],
            [-58.7058260987714, -34.5997405704838],
            [-58.7053460905771, -34.599449294891],
            [-58.7049107077587, -34.599174588545],
            [-58.7035596736499, -34.5982755607337],
            [-58.7033423097036, -34.5981079989943],
            [-58.7031930903599, -34.5979668986516],
            [-58.7030140398497, -34.5978081902149],
            [-58.7028465755504, -34.5977163828916],
            [-58.702666024076, -34.5976429176754],
            [-58.7023690166123, -34.5975504262055],
            [-58.7018942956276, -34.5974737316344],
            [-58.701155781821, -34.5973943255008],
            [-58.7006279509804, -34.5973165621673],
            [-58.700271545291, -34.5972275089698],
            [-58.698144735591, -34.5965919314766],
            [-58.6977272444507, -34.5964348406298],
            [-58.6974137910506, -34.596284826145],
            [-58.6970641223932, -34.596102075219],
            [-58.6960476997651, -34.5956728278582],
            [-58.6956283518815, -34.5954748351963],
            [-58.6952074538689, -34.5951844901367],
            [-58.6944800091482, -34.5946758887537],
            [-58.6932564290057, -34.5937831272003],
            [-58.6929657689898, -34.5935829162731],
            [-58.6927128274961, -34.593405457112],
            [-58.6922936800802, -34.593132132265],
            [-58.6915668309138, -34.5925877487881],
            [-58.6910273681549, -34.5921819337705],
            [-58.691027566305, -34.5921817393998],
            [-58.6914601331675, -34.5918425104609],
            [-58.6918588760605, -34.5917389501019],
            [-58.692215059907, -34.5917035555111],
            [-58.6927149290587, -34.5915765682015],
            [-58.6930367834012, -34.5914623778494],
            [-58.6931727138894, -34.5913435986594],
            [-58.6934231398147, -34.5911949520887],
            [-58.6939568442887, -34.5907502084678],
            [-58.6952584852297, -34.5898087666954],
            [-58.6961771818675, -34.5905797345073],
            [-58.696254512134, -34.5906446295092],
            [-58.697874117898, -34.5894522338611],
            [-58.6980764246537, -34.589303286649],
            [-58.6984027660203, -34.5890263764202],
            [-58.6996052285864, -34.5881043332828],
            [-58.7013615934384, -34.5867098457063],
            [-58.7012742053634, -34.5866754832373]
          ]
        ]
      },
      "properties": {
        "objectid": 276,
        "clave": "067602909",
        "provincia": "06",
        "partido": "760",
        "localidad": "010",
        "fraccion": "29",
        "radio": "09",
        "tot_manzanas": 38,
        "barrio_codigo": 42,
        "barrio_nombre": "Bella Vista Oeste",
        "circuito": "402",
        "st_area(shape)": 2032610.70560367,
        "st_length(shape)": 6476.03763558633
      }
    },
    {
      "type": "Feature",
      "id": 237,
      "geometry": {
        "type": "Polygon",
        "coordinates": [
          [
            [-58.7343888394426, -34.5343907400879],
            [-58.7349958096363, -34.5339460940923],
            [-58.7356241615552, -34.5334946194295],
            [-58.7362325225915, -34.5330227275348],
            [-58.7362327024705, -34.5330225725574],
            [-58.7362820520231, -34.5330689406694],
            [-58.7365321245273, -34.5333023855281],
            [-58.7370582215338, -34.5337969727517],
            [-58.7373800292358, -34.5340991231915],
            [-58.7378381181926, -34.5345274154196],
            [-58.7381042470782, -34.5347672542653],
            [-58.7385636637534, -34.5351881626618],
            [-58.7393447970592, -34.535916541771],
            [-58.7399499963312, -34.5364942468052],
            [-58.7402108697013, -34.5367441484178],
            [-58.7408771009274, -34.5373621642694],
            [-58.7408769280973, -34.537362285074],
            [-58.7400230756845, -34.5379895135091],
            [-58.7391915122387, -34.5385983696821],
            [-58.7383919541761, -34.5391945420726],
            [-58.7381782648786, -34.5393360407641],
            [-58.7373695011244, -34.538571617448],
            [-58.7366142782406, -34.5378380803568],
            [-58.7372387667791, -34.5373618981505],
            [-58.7371742508563, -34.5372975750525],
            [-58.7364874923534, -34.5366495392133],
            [-58.735761289666, -34.5359691420106],
            [-58.7349833880811, -34.5352631242592],
            [-58.7351797991865, -34.5351186109152],
            [-58.7343888394426, -34.5343907400879]
          ]
        ]
      },
      "properties": {
        "objectid": 237,
        "clave": "067601006",
        "provincia": "06",
        "partido": "760",
        "localidad": "010",
        "fraccion": "10",
        "radio": "06",
        "tot_manzanas": 13,
        "barrio_codigo": 25,
        "barrio_nombre": "Santa Anita",
        "circuito": "397",
        "st_area(shape)": 175598.764869785,
        "st_length(shape)": 1943.32356143
      }
    },
    {
      "type": "Feature",
      "id": 101,
      "geometry": {
        "type": "Polygon",
        "coordinates": [
          [
            [-58.7085925454476, -34.5366020270892],
            [-58.7086807121122, -34.5365353567971],
            [-58.7089010265056, -34.5363754408712],
            [-58.7100469098239, -34.5355267451298],
            [-58.7101185312433, -34.5354734195242],
            [-58.711054697055, -34.5348027724502],
            [-58.7117794460915, -34.5354819397141],
            [-58.7125310156116, -34.5361884275472],
            [-58.7115228764934, -34.5369349427536],
            [-58.7101015250556, -34.5379880565132],
            [-58.709811579035, -34.5377190899971],
            [-58.7093336238958, -34.5372813822408],
            [-58.7089146671433, -34.536902885516],
            [-58.7085925454476, -34.5366020270892]
          ]
        ]
      },
      "properties": {
        "objectid": 101,
        "clave": "067600208",
        "provincia": "06",
        "partido": "760",
        "localidad": "010",
        "fraccion": "02",
        "radio": "08",
        "tot_manzanas": 4,
        "barrio_codigo": 30,
        "barrio_nombre": "San Miguel Norte",
        "circuito": "397",
        "st_area(shape)": 62056.621825255,
        "st_length(shape)": 1012.93529473366
      }
    },
    {
      "type": "Feature",
      "id": 69,
      "geometry": {
        "type": "Polygon",
        "coordinates": [
          [
            [-58.7348859838662, -34.5682990080149],
            [-58.7358340004833, -34.5675876924032],
            [-58.7367260549232, -34.5669588060564],
            [-58.7376733356789, -34.5662772573815],
            [-58.7386427317415, -34.5655797058934],
            [-58.7387915070613, -34.5654685720633],
            [-58.7397656849309, -34.5662583178876],
            [-58.7385702289304, -34.5671338160171],
            [-58.7376776895639, -34.5677915998323],
            [-58.7376061249501, -34.5678404349699],
            [-58.7367522463351, -34.568462556873],
            [-58.7357991429874, -34.5691602621158],
            [-58.7348859838662, -34.5682990080149]
          ]
        ]
      },
      "properties": {
        "objectid": 69,
        "clave": "067601508",
        "provincia": "06",
        "partido": "760",
        "localidad": "010",
        "fraccion": "15",
        "radio": "08",
        "tot_manzanas": 4,
        "barrio_codigo": 8,
        "barrio_nombre": "Mitre",
        "circuito": "397c",
        "st_area(shape)": 60961.350680975,
        "st_length(shape)": 1214.89748941654
      }
    },
    {
      "type": "Feature",
      "id": 262,
      "geometry": {
        "type": "Polygon",
        "coordinates": [
          [
            [-58.6794068669524, -34.5607303047141],
            [-58.6802003104283, -34.5601620158872],
            [-58.6808670454025, -34.5596824878815],
            [-58.6809386349462, -34.5596336865437],
            [-58.6822700795646, -34.5608739179832],
            [-58.682935815556, -34.5614940289413],
            [-58.6836069383369, -34.5621187012346],
            [-58.682747140835, -34.5627493914377],
            [-58.6821023922058, -34.5632156462758],
            [-58.6808192951085, -34.5620164968744],
            [-58.6807491266168, -34.5619751771993],
            [-58.6806897095396, -34.5619429873169],
            [-58.6800831899593, -34.5613685727734],
            [-58.6794068669524, -34.5607303047141]
          ]
        ]
      },
      "properties": {
        "objectid": 262,
        "clave": "067602207",
        "provincia": "06",
        "partido": "760",
        "localidad": "010",
        "fraccion": "22",
        "radio": "07",
        "tot_manzanas": 6,
        "barrio_codigo": 41,
        "barrio_nombre": "Bella Vista Norte",
        "circuito": "401a",
        "st_area(shape)": 68507.21945029,
        "st_length(shape)": 1109.72208440559
      }
    },
    {
      "type": "Feature",
      "id": 323,
      "geometry": {
        "type": "Polygon",
        "coordinates": [
          [
            [-58.680583603484, -34.583314810518],
            [-58.6808930815207, -34.5831305049577],
            [-58.681822031382, -34.5844596866627],
            [-58.6821039863062, -34.584320707588],
            [-58.682543995954, -34.584025888413],
            [-58.6826128768819, -34.5839763307774],
            [-58.6830008180298, -34.5836904958686],
            [-58.6832717066215, -34.5835023227527],
            [-58.6833843760593, -34.5834252075629],
            [-58.6837922423793, -34.5837986179755],
            [-58.6840471398079, -34.5842729432543],
            [-58.6850017573453, -34.5855594661259],
            [-58.6842154322844, -34.5859656495041],
            [-58.683923885283, -34.5859451118771],
            [-58.6839546981011, -34.5863183474904],
            [-58.6842924891567, -34.5872132752277],
            [-58.6837715817582, -34.5874381981256],
            [-58.6830702612801, -34.5877609801795],
            [-58.6827634206566, -34.587468772626],
            [-58.6825247340856, -34.5872444045871],
            [-58.6823857177472, -34.5870998127634],
            [-58.6823181408247, -34.586996534494],
            [-58.6822826540109, -34.5869037087716],
            [-58.6822627807453, -34.5867925981225],
            [-58.6822697936652, -34.5866611943748],
            [-58.6822894265727, -34.5865135456009],
            [-58.6822965484697, -34.5864277671289],
            [-58.682298129589, -34.5863276206433],
            [-58.6822767959231, -34.5862176876173],
            [-58.6821974563722, -34.5860313319507],
            [-58.6821216054299, -34.5858717130761],
            [-58.6818659908796, -34.5853502468354],
            [-58.6814846334002, -34.5846636128762],
            [-58.681162593445, -34.584151413567],
            [-58.6808428998651, -34.5836855957014],
            [-58.680583603484, -34.583314810518]
          ]
        ]
      },
      "properties": {
        "objectid": 323,
        "clave": "067601311",
        "provincia": "06",
        "partido": "760",
        "localidad": "010",
        "fraccion": "13",
        "radio": "11",
        "tot_manzanas": 8,
        "barrio_codigo": 35,
        "barrio_nombre": "Obligado",
        "circuito": "402",
        "st_area(shape)": 88885.19399513,
        "st_length(shape)": 1610.47863283459
      }
    },
    {
      "type": "Feature",
      "id": 320,
      "geometry": {
        "type": "Polygon",
        "coordinates": [
          [
            [-58.7132209274371, -34.6000313071576],
            [-58.7131924072819, -34.5995133950312],
            [-58.7131923877198, -34.5995130378857],
            [-58.7131338072391, -34.5984191017939],
            [-58.713334069816, -34.5979358676113],
            [-58.7132575928907, -34.5979203544503],
            [-58.7129409099624, -34.5976322433238],
            [-58.7124571276382, -34.5971918055401],
            [-58.7118382545565, -34.596596597293],
            [-58.7135482956025, -34.5953285576465],
            [-58.7129209412321, -34.5947566070406],
            [-58.7122959386448, -34.5941513339888],
            [-58.7116995007518, -34.593584916059],
            [-58.7133644894838, -34.5924108197236],
            [-58.7134747179154, -34.5923308593947],
            [-58.714688739161, -34.593474859533],
            [-58.7147918473495, -34.5935727096221],
            [-58.7148445068397, -34.5936229744353],
            [-58.7149089576807, -34.5936844943437],
            [-58.7158706616682, -34.5945824608549],
            [-58.7159244586126, -34.5946280951632],
            [-58.7159889456931, -34.5946873614847],
            [-58.7170584078031, -34.5956675744649],
            [-58.7179291142761, -34.5964609114244],
            [-58.7180044332818, -34.5965247982321],
            [-58.7178997218112, -34.5966003137506],
            [-58.7162405943256, -34.597813224551],
            [-58.7149449604821, -34.598777559853],
            [-58.7145536848295, -34.5990632483201],
            [-58.7143638774207, -34.5992018337295],
            [-58.7135938284857, -34.5997640695313],
            [-58.7135938009192, -34.599764089972],
            [-58.7133667813704, -34.5999289626044],
            [-58.7133653614708, -34.5999299941109],
            [-58.7132209274371, -34.6000313071576]
          ]
        ]
      },
      "properties": {
        "objectid": 320,
        "clave": "067602910",
        "provincia": "06",
        "partido": "760",
        "localidad": "010",
        "fraccion": "29",
        "radio": "10",
        "tot_manzanas": 10,
        "barrio_codigo": 38,
        "barrio_nombre": "Parque La Luz",
        "circuito": "402",
        "st_area(shape)": 227626.773492165,
        "st_length(shape)": 2331.98941293569
      }
    },
    {
      "type": "Feature",
      "id": 115,
      "geometry": {
        "type": "Polygon",
        "coordinates": [
          [
            [-58.7396297715765, -34.5420416255486],
            [-58.740538351391, -34.5413839869189],
            [-58.7406044455719, -34.5413350931532],
            [-58.7406743562684, -34.5413944034877],
            [-58.7415068281242, -34.542173659055],
            [-58.7420815129009, -34.5427113904222],
            [-58.7422640232394, -34.542889038392],
            [-58.7430321239227, -34.5436045244727],
            [-58.7422997017359, -34.5441378048328],
            [-58.742057373856, -34.5443155820192],
            [-58.741198260756, -34.54494219431],
            [-58.7403338702456, -34.545604927886],
            [-58.7394688992302, -34.5462088048327],
            [-58.7393367016116, -34.5463065908228],
            [-58.7385901370193, -34.5456041417127],
            [-58.7381605722291, -34.5451992754173],
            [-58.7376987610752, -34.5447618438768],
            [-58.7378119643062, -34.5444790819481],
            [-58.7378829051826, -34.5442090836195],
            [-58.7378973633632, -34.5440783781459],
            [-58.7378783756084, -34.5436821738128],
            [-58.7378482078498, -34.5434752493646],
            [-58.7378123190955, -34.5433715711601],
            [-58.7388091914658, -34.5426415778836],
            [-58.7389028560214, -34.5425704355394],
            [-58.7396297715765, -34.5420416255486]
          ]
        ]
      },
      "properties": {
        "objectid": 115,
        "clave": "067601009",
        "provincia": "06",
        "partido": "760",
        "localidad": "010",
        "fraccion": "10",
        "radio": "09",
        "tot_manzanas": 13,
        "barrio_codigo": 15,
        "barrio_nombre": "Parque San Miguel",
        "circuito": "397a",
        "st_area(shape)": 145236.010006655,
        "st_length(shape)": 1516.15273330462
      }
    },
    {
      "type": "Feature",
      "id": 114,
      "geometry": {
        "type": "Polygon",
        "coordinates": [
          [
            [-58.7082896023229, -34.554445882735],
            [-58.7089231787501, -34.5539838749987],
            [-58.7091711881929, -34.5537972105329],
            [-58.7100857872292, -34.5531263472769],
            [-58.7097205856418, -34.552788982795],
            [-58.7109042910588, -34.5519076402298],
            [-58.7118530294902, -34.551207071092],
            [-58.7128408322413, -34.5521458973515],
            [-58.7129159695987, -34.5522187980925],
            [-58.7119959564388, -34.5528896268223],
            [-58.7118471694744, -34.5530007279186],
            [-58.7107840054422, -34.5537691861571],
            [-58.7098422432443, -34.5544352606554],
            [-58.7093078177668, -34.5548262121265],
            [-58.7089553472338, -34.5550748677928],
            [-58.7089285327199, -34.5550475431882],
            [-58.7082896023229, -34.554445882735]
          ]
        ]
      },
      "properties": {
        "objectid": 114,
        "clave": "067602405",
        "provincia": "06",
        "partido": "760",
        "localidad": "010",
        "fraccion": "24",
        "radio": "05",
        "tot_manzanas": 4,
        "barrio_codigo": 40,
        "barrio_nombre": "Muniz Oeste",
        "circuito": "400",
        "st_area(shape)": 59479.38508137,
        "st_length(shape)": 1257.47516893954
      }
    },
    {
      "type": "Feature",
      "id": 60,
      "geometry": {
        "type": "Polygon",
        "coordinates": [
          [
            [-58.7563834097874, -34.5508345387058],
            [-58.7572574740895, -34.5502066736903],
            [-58.7580982864966, -34.5495898735488],
            [-58.7590844490379, -34.5504974778855],
            [-58.7600031877612, -34.5513541037012],
            [-58.7609273916491, -34.5522107772666],
            [-58.7618053538795, -34.5530820990902],
            [-58.7627485580419, -34.5539283344825],
            [-58.7619058996613, -34.5545507521639],
            [-58.7610300827737, -34.5552043744747],
            [-58.7591573760834, -34.5565914934589],
            [-58.7591197848633, -34.5565550564209],
            [-58.7582705332941, -34.5557847622953],
            [-58.7582274962237, -34.5557482695919],
            [-58.7573194201767, -34.554905259793],
            [-58.7563899128447, -34.5540394915842],
            [-58.7582902393093, -34.5526256550141],
            [-58.7573715719841, -34.5517645103703],
            [-58.7563834097874, -34.5508345387058]
          ]
        ]
      },
      "properties": {
        "objectid": 60,
        "clave": "067601703",
        "provincia": "06",
        "partido": "760",
        "localidad": "010",
        "fraccion": "17",
        "radio": "03",
        "tot_manzanas": 10,
        "barrio_codigo": 7,
        "barrio_nombre": "Sarmiento",
        "circuito": "397b",
        "st_area(shape)": 224537.734218535,
        "st_length(shape)": 2175.40559431084
      }
    },
    {
      "type": "Feature",
      "id": 97,
      "geometry": {
        "type": "Polygon",
        "coordinates": [
          [
            [-58.714080001991, -34.5235445347954],
            [-58.7141288789855, -34.5235091730143],
            [-58.715097687657, -34.5227924561874],
            [-58.7160802852888, -34.5220773077372],
            [-58.7169686256802, -34.5214198294793],
            [-58.7176294554132, -34.5209416835093],
            [-58.7180018134751, -34.5206708271301],
            [-58.7186463039156, -34.5212569680597],
            [-58.7187627139013, -34.5211710319674],
            [-58.7193531163834, -34.5217277416204],
            [-58.7199815195691, -34.5222955172066],
            [-58.7205820750022, -34.5228856863397],
            [-58.7204760487857, -34.5229627750826],
            [-58.7198997066345, -34.5233856934267],
            [-58.7184667168146, -34.5244145319534],
            [-58.7165164974695, -34.525875057631],
            [-58.7158735214469, -34.5252546225415],
            [-58.7153279547157, -34.5247293048956],
            [-58.714714522274, -34.5241646260929],
            [-58.714080001991, -34.5235445347954]
          ]
        ]
      },
      "properties": {
        "objectid": 97,
        "clave": "067600102",
        "provincia": "06",
        "partido": "760",
        "localidad": "010",
        "fraccion": "01",
        "radio": "02",
        "tot_manzanas": 11,
        "barrio_codigo": 29,
        "barrio_nombre": "Maria Rosa Mistica",
        "circuito": "397",
        "st_area(shape)": 168597.53845536,
        "st_length(shape)": 1677.86164938072
      }
    },
    {
      "type": "Feature",
      "id": 245,
      "geometry": {
        "type": "Polygon",
        "coordinates": [
          [
            [-58.7314138242956, -34.5502100797005],
            [-58.7323325738513, -34.5495105443773],
            [-58.7331972455837, -34.5488840539409],
            [-58.7336850373265, -34.5485283090888],
            [-58.7342325328706, -34.5490300211686],
            [-58.7348414732214, -34.54958013396],
            [-58.7354503103966, -34.550137591569],
            [-58.7360080198831, -34.5506235735195],
            [-58.7346423436005, -34.5516527235324],
            [-58.7351909223248, -34.5521872831458],
            [-58.7348919473487, -34.5524037835373],
            [-58.7343057180459, -34.5528323480372],
            [-58.7337168363905, -34.5522716044006],
            [-58.7331693821639, -34.5517648635348],
            [-58.7326812979221, -34.5512988755172],
            [-58.7325953879173, -34.5512168602997],
            [-58.7320420140784, -34.5507108543153],
            [-58.7314138242956, -34.5502100797005]
          ]
        ]
      },
      "properties": {
        "objectid": 245,
        "clave": "067601108",
        "provincia": "06",
        "partido": "760",
        "localidad": "010",
        "fraccion": "11",
        "radio": "08",
        "tot_manzanas": 11,
        "barrio_codigo": 16,
        "barrio_nombre": "La Manuelita",
        "circuito": "397a",
        "st_area(shape)": 96016.598699805,
        "st_length(shape)": 1345.04528195477
      }
    },
    {
      "type": "Feature",
      "id": 238,
      "geometry": {
        "type": "Polygon",
        "coordinates": [
          [
            [-58.7430321239227, -34.5436045244727],
            [-58.7439320791738, -34.5430133103085],
            [-58.7447616220933, -34.5423897948321],
            [-58.7455937880993, -34.5417240656984],
            [-58.7456224483177, -34.5417510957888],
            [-58.7463625148751, -34.5424469757202],
            [-58.7469748043588, -34.5430156180627],
            [-58.7474985845089, -34.543490338498],
            [-58.7481722406764, -34.5441136607112],
            [-58.7481720711637, -34.5441137779545],
            [-58.7474500584392, -34.5446459442302],
            [-58.7473509527251, -34.5447170364421],
            [-58.7465523868802, -34.5453037461917],
            [-58.746486360437, -34.5453481369816],
            [-58.746425712246, -34.5453970898222],
            [-58.7456767543553, -34.5459437402826],
            [-58.7448454216309, -34.5465346087005],
            [-58.7442415943028, -34.5459749908231],
            [-58.7442061532356, -34.5459421435152],
            [-58.7440396991319, -34.5457826919427],
            [-58.74363694545, -34.5453999715071],
            [-58.743062231409, -34.544862247061],
            [-58.7430245847201, -34.5448303114319],
            [-58.7422997017359, -34.5441378048328],
            [-58.7430321239227, -34.5436045244727]
          ]
        ]
      },
      "properties": {
        "objectid": 238,
        "clave": "067602601",
        "provincia": "06",
        "partido": "760",
        "localidad": "010",
        "fraccion": "26",
        "radio": "01",
        "tot_manzanas": 14,
        "barrio_codigo": 15,
        "barrio_nombre": "Parque San Miguel",
        "circuito": "397a",
        "st_area(shape)": 142911.61188464,
        "st_length(shape)": 1520.45416538088
      }
    },
    {
      "type": "Feature",
      "id": 112,
      "geometry": {
        "type": "Polygon",
        "coordinates": [
          [
            [-58.7523637824917, -34.5650221680026],
            [-58.7533220831045, -34.5643288916089],
            [-58.7539889166955, -34.5638174127697],
            [-58.754663232811, -34.5632979770723],
            [-58.755448914634, -34.5627236230239],
            [-58.7558678558305, -34.5631096338169],
            [-58.7561797149276, -34.5634025932082],
            [-58.7570287537913, -34.5641909269024],
            [-58.7577704070584, -34.5648745050719],
            [-58.7582621910682, -34.5653299489349],
            [-58.758936577213, -34.5659544908759],
            [-58.757515501534, -34.5669946365069],
            [-58.757471386619, -34.5670302422929],
            [-58.7573831566762, -34.5671014538139],
            [-58.7569191283386, -34.567442098325],
            [-58.7565293627565, -34.5677282237062],
            [-58.7558793243941, -34.5682083391446],
            [-58.7558309690145, -34.5681627776836],
            [-58.7540467024857, -34.5665176045997],
            [-58.7539660686747, -34.5664446726762],
            [-58.7530842192309, -34.5656649956475],
            [-58.7523637824917, -34.5650221680026]
          ]
        ]
      },
      "properties": {
        "objectid": 112,
        "clave": "067603503",
        "provincia": "06",
        "partido": "760",
        "localidad": "010",
        "fraccion": "35",
        "radio": "03",
        "tot_manzanas": 7,
        "barrio_codigo": 2,
        "barrio_nombre": "La Estrella",
        "circuito": "397b",
        "st_area(shape)": 180758.66267528,
        "st_length(shape)": 1716.22975978675
      }
    },
    {
      "type": "Feature",
      "id": 108,
      "geometry": {
        "type": "Polygon",
        "coordinates": [
          [
            [-58.6935038722985, -34.5663924576512],
            [-58.6950302277434, -34.5653014887063],
            [-58.6957175316984, -34.5659442948339],
            [-58.6963940935847, -34.5665779696836],
            [-58.6973230291918, -34.5674486883875],
            [-58.6973766581718, -34.5675033425907],
            [-58.6974356641854, -34.5675625609743],
            [-58.6983323591149, -34.568405887119],
            [-58.6968444374077, -34.569489671608],
            [-58.6966625647659, -34.5696229341344],
            [-58.6952637708362, -34.5706205588454],
            [-58.6937804012083, -34.5717148271433],
            [-58.6937197033377, -34.5717637524659],
            [-58.6925072853996, -34.5726431171223],
            [-58.6922923607751, -34.5727985528726],
            [-58.6914923257067, -34.5720463547866],
            [-58.6913150997924, -34.5718822101992],
            [-58.6909178482911, -34.5715038844596],
            [-58.6903594379725, -34.570979612032],
            [-58.6892964048827, -34.569976703596],
            [-58.6889902910775, -34.569693993449],
            [-58.6890729917181, -34.5696317863702],
            [-58.6904423057734, -34.568618167366],
            [-58.6919632616237, -34.5675075638341],
            [-58.6935038722985, -34.5663924576512]
          ]
        ]
      },
      "properties": {
        "objectid": 108,
        "clave": "067602308",
        "provincia": "06",
        "partido": "760",
        "localidad": "010",
        "fraccion": "23",
        "radio": "08",
        "tot_manzanas": 14,
        "barrio_codigo": 42,
        "barrio_nombre": "Bella Vista Oeste",
        "circuito": "401a",
        "st_area(shape)": 339499.868031485,
        "st_length(shape)": 2393.90480122081
      }
    },
    {
      "type": "Feature",
      "id": 59,
      "geometry": {
        "type": "Polygon",
        "coordinates": [
          [
            [-58.7190641657027, -34.5638911262763],
            [-58.7196946620156, -34.563435474076],
            [-58.7200213128495, -34.5631986439946],
            [-58.7202951509759, -34.563000101961],
            [-58.7203337631076, -34.5629689589019],
            [-58.7217839181214, -34.561818296234],
            [-58.7223361272755, -34.5622922245786],
            [-58.7228237212414, -34.5627867538859],
            [-58.723297205209, -34.5632318225606],
            [-58.7240599430205, -34.5639487707173],
            [-58.7257637688075, -34.5655676179281],
            [-58.7258658215722, -34.5656633268943],
            [-58.7266984542278, -34.5664381765827],
            [-58.7277909411338, -34.5674195179088],
            [-58.7257534931394, -34.5688737739033],
            [-58.7249403286428, -34.5694541566119],
            [-58.724480132675, -34.5697826079094],
            [-58.7240217310497, -34.5701097736953],
            [-58.7237409067031, -34.5703101994071],
            [-58.7226880216845, -34.5693302175062],
            [-58.7229872999434, -34.5691145134924],
            [-58.7233105350719, -34.5688815412443],
            [-58.7224883909867, -34.568133819604],
            [-58.722418678556, -34.5680609805565],
            [-58.7223811676551, -34.5680200263945],
            [-58.7214467180746, -34.5671359171594],
            [-58.7205016699117, -34.566233662432],
            [-58.7194545280392, -34.5652401927414],
            [-58.719955878704, -34.5648758918467],
            [-58.7200222107478, -34.5648134917512],
            [-58.7200007675677, -34.5647907327048],
            [-58.7190641657027, -34.5638911262763]
          ]
        ]
      },
      "properties": {
        "objectid": 59,
        "clave": "067602801",
        "provincia": "06",
        "partido": "760",
        "localidad": "010",
        "fraccion": "28",
        "radio": "01",
        "tot_manzanas": 24,
        "barrio_codigo": 22,
        "barrio_nombre": "El Faro",
        "circuito": "400",
        "st_area(shape)": 341141.281087195,
        "st_length(shape)": 2625.20968473304
      }
    },
    {
      "type": "Feature",
      "id": 289,
      "geometry": {
        "type": "Polygon",
        "coordinates": [
          [
            [-58.7521268384122, -34.5571778278719],
            [-58.753585719139, -34.5561141598781],
            [-58.7549081617241, -34.5551420887091],
            [-58.7550018273145, -34.5550709341606],
            [-58.7563899128447, -34.5540394915842],
            [-58.7573194201767, -34.554905259793],
            [-58.7582274962237, -34.5557482695919],
            [-58.7582705332941, -34.5557847622953],
            [-58.7591197848633, -34.5565550564209],
            [-58.7591573760834, -34.5565914934589],
            [-58.7584523716069, -34.5571116276592],
            [-58.7577804406643, -34.5576050530199],
            [-58.757202034918, -34.5580363306624],
            [-58.7564474486126, -34.558592002087],
            [-58.7563703217484, -34.5586498055801],
            [-58.7551635568364, -34.5595371651467],
            [-58.7548831741592, -34.5597433310698],
            [-58.7539590872031, -34.5588775999602],
            [-58.753061984009, -34.5580301650358],
            [-58.7521268384122, -34.5571778278719]
          ]
        ]
      },
      "properties": {
        "objectid": 289,
        "clave": "067601704",
        "provincia": "06",
        "partido": "760",
        "localidad": "010",
        "fraccion": "17",
        "radio": "04",
        "tot_manzanas": 9,
        "barrio_codigo": 7,
        "barrio_nombre": "Sarmiento",
        "circuito": "397b",
        "st_area(shape)": 199031.828941435,
        "st_length(shape)": 1810.63594052579
      }
    },
    {
      "type": "Feature",
      "id": 65,
      "geometry": {
        "type": "Polygon",
        "coordinates": [
          [
            [-58.6944719328046, -34.5818789009284],
            [-58.6950933478243, -34.5814260918387],
            [-58.6952516095901, -34.5813358929276],
            [-58.696522339194, -34.5824089235344],
            [-58.6974859755879, -34.5832910614146],
            [-58.6976136419178, -34.5834079290364],
            [-58.6980816768012, -34.5838363687141],
            [-58.6989781875269, -34.5846026812224],
            [-58.6998353395964, -34.5853793788239],
            [-58.700507966735, -34.5859795550439],
            [-58.7007241065787, -34.5861758630191],
            [-58.7007736643093, -34.5862208737877],
            [-58.7008430639214, -34.5862839057959],
            [-58.7010586346898, -34.586479694254],
            [-58.7012742053634, -34.5866754832373],
            [-58.7013615934384, -34.5867098457063],
            [-58.6996052285864, -34.5881043332828],
            [-58.6984027660203, -34.5890263764202],
            [-58.6980764246537, -34.589303286649],
            [-58.697874117898, -34.5894522338611],
            [-58.696254512134, -34.5906446295092],
            [-58.6961771818675, -34.5905797345073],
            [-58.6952584852297, -34.5898087666954],
            [-58.6947394255482, -34.589318106667],
            [-58.6941787894712, -34.588807198445],
            [-58.6936748967331, -34.5883043205883],
            [-58.6932007743941, -34.5878609924241],
            [-58.6931310015988, -34.587792643125],
            [-58.6926423139505, -34.5873322220647],
            [-58.6920730342077, -34.5867988264179],
            [-58.6914805828959, -34.5862764439824],
            [-58.6909647353406, -34.5857779255996],
            [-58.6902688647533, -34.5850894266234],
            [-58.6901480782123, -34.5849237165583],
            [-58.690761953355, -34.5844995180468],
            [-58.6914018157494, -34.5840785397735],
            [-58.6914623817639, -34.584038628016],
            [-58.6918917323563, -34.5837318606734],
            [-58.6920465378636, -34.5836212519283],
            [-58.6922666253693, -34.5834677158228],
            [-58.6926275899189, -34.5832158999025],
            [-58.6928077599167, -34.5830785985832],
            [-58.6928356259586, -34.5830573626641],
            [-58.6932361248362, -34.582752152589],
            [-58.6935801150308, -34.5825077720873],
            [-58.6938507647643, -34.5823154929899],
            [-58.6943457717766, -34.5819675746382],
            [-58.6944719328046, -34.5818789009284]
          ]
        ]
      },
      "properties": {
        "objectid": 65,
        "clave": "067602907",
        "provincia": "06",
        "partido": "760",
        "localidad": "010",
        "fraccion": "29",
        "radio": "07",
        "tot_manzanas": 2,
        "barrio_codigo": 42,
        "barrio_nombre": "Bella Vista Oeste",
        "circuito": "402",
        "st_area(shape)": 528278.17851499,
        "st_length(shape)": 2922.00568412755
      }
    },
    {
      "type": "Feature",
      "id": 127,
      "geometry": {
        "type": "Polygon",
        "coordinates": [
          [
            [-58.7405425281917, -34.5580954319391],
            [-58.7406195972444, -34.5580421448231],
            [-58.741572464903, -34.5573489041101],
            [-58.7417543074519, -34.557211066061],
            [-58.7424055409351, -34.5567276941317],
            [-58.7431703683782, -34.5574654004064],
            [-58.7440263217011, -34.5582710384922],
            [-58.7440800439376, -34.5583211666357],
            [-58.7449395386207, -34.5591277181878],
            [-58.7448570244196, -34.5591809520557],
            [-58.7439977752813, -34.5598075796864],
            [-58.7430832977613, -34.5604832068753],
            [-58.7422296724621, -34.5610963580691],
            [-58.7421635632026, -34.5611452522397],
            [-58.7415136514072, -34.5605301301966],
            [-58.7414653762395, -34.560480057102],
            [-58.7408743032674, -34.5599376470682],
            [-58.7402511018095, -34.5593588478313],
            [-58.7396173542455, -34.5587574023061],
            [-58.7405425281917, -34.5580954319391]
          ]
        ]
      },
      "properties": {
        "objectid": 127,
        "clave": "067603403",
        "provincia": "06",
        "partido": "760",
        "localidad": "010",
        "fraccion": "34",
        "radio": "03",
        "tot_manzanas": 10,
        "barrio_codigo": 10,
        "barrio_nombre": "Constantini",
        "circuito": "397b",
        "st_area(shape)": 119715.76725909,
        "st_length(shape)": 1386.98460986883
      }
    },
    {
      "type": "Feature",
      "id": 124,
      "geometry": {
        "type": "Polygon",
        "coordinates": [
          [
            [-58.7292955470845, -34.5536523068377],
            [-58.7290915307348, -34.5534563885287],
            [-58.7287424522528, -34.5531282616312],
            [-58.728141101749, -34.5525541358755],
            [-58.7280605727892, -34.552476680429],
            [-58.7270239867618, -34.5515104256143],
            [-58.72607341141, -34.5506619042649],
            [-58.7270645533593, -34.5499199340012],
            [-58.7271418975348, -34.5498486308066],
            [-58.7271642997611, -34.5498083027119],
            [-58.7271866333406, -34.5497724807481],
            [-58.7271981432426, -34.5497320390856],
            [-58.7272039325009, -34.5497095651858],
            [-58.7281643274192, -34.5498165308717],
            [-58.7291758756616, -34.5490145188167],
            [-58.729761113982, -34.5495424046881],
            [-58.7296895608643, -34.5495912355684],
            [-58.7287863206031, -34.5502443393037],
            [-58.7287312419466, -34.5502843274416],
            [-58.7292824860745, -34.5508232747332],
            [-58.7298412224784, -34.5513499054835],
            [-58.7306112799907, -34.5507816164405],
            [-58.7314138242956, -34.5502100797005],
            [-58.7320420140784, -34.5507108543153],
            [-58.7325953879173, -34.5512168602997],
            [-58.7317799761525, -34.5518258293391],
            [-58.7317192474616, -34.5518792806834],
            [-58.7310178995739, -34.5523874023575],
            [-58.730276301527, -34.5529188829836],
            [-58.7292955470845, -34.5536523068377]
          ]
        ]
      },
      "properties": {
        "objectid": 124,
        "clave": "067601104",
        "provincia": "06",
        "partido": "760",
        "localidad": "010",
        "fraccion": "11",
        "radio": "04",
        "tot_manzanas": 9,
        "barrio_codigo": 17,
        "barrio_nombre": "Bello Horizonte",
        "circuito": "397a",
        "st_area(shape)": 130920.29858605,
        "st_length(shape)": 1926.6125209365
      }
    },
    {
      "type": "Feature",
      "id": 98,
      "geometry": {
        "type": "Polygon",
        "coordinates": [
          [
            [-58.7323667666796, -34.5831229438923],
            [-58.7336901588789, -34.582127077786],
            [-58.7350183484206, -34.5811403377155],
            [-58.7350735132648, -34.5810958411919],
            [-58.7361699148782, -34.5803004792089],
            [-58.7362559256963, -34.5803779861319],
            [-58.7367985519678, -34.5808883688125],
            [-58.7374431336669, -34.5815034612001],
            [-58.7373440430934, -34.5815700384961],
            [-58.7361006522033, -34.5824860534549],
            [-58.7355804078002, -34.5828857968638],
            [-58.7349901884874, -34.5833458747783],
            [-58.7336559178325, -34.5843151200679],
            [-58.7323473177466, -34.5852506787042],
            [-58.7312961332783, -34.5859974755326],
            [-58.7312448783045, -34.5859488151055],
            [-58.7308144701605, -34.5855577227585],
            [-58.7306305518862, -34.58537201584],
            [-58.7300166288635, -34.5848319330524],
            [-58.7310438859551, -34.5840872364074],
            [-58.7323667666796, -34.5831229438923]
          ]
        ]
      },
      "properties": {
        "objectid": 98,
        "clave": "067601405",
        "provincia": "06",
        "partido": "760",
        "localidad": "010",
        "fraccion": "14",
        "radio": "05",
        "tot_manzanas": 10,
        "barrio_codigo": 5,
        "barrio_nombre": "Trujui",
        "circuito": "397c",
        "st_area(shape)": 133853.793369505,
        "st_length(shape)": 1861.13380863247
      }
    },
    {
      "type": "Feature",
      "id": 200,
      "geometry": {
        "type": "Polygon",
        "coordinates": [
          [
            [-58.7108389192056, -34.5502785358156],
            [-58.711978145297, -34.5494507258344],
            [-58.7126612329587, -34.5489531661461],
            [-58.7131074275202, -34.5486288707447],
            [-58.7141007999097, -34.5495587329131],
            [-58.7150996405115, -34.550488643771],
            [-58.7155351296662, -34.5508974244883],
            [-58.7161144958265, -34.5514412492169],
            [-58.7160263177145, -34.5515079244892],
            [-58.7153597746911, -34.5519921563807],
            [-58.7153272356541, -34.551982800286],
            [-58.7152621576028, -34.551964088071],
            [-58.7151969421178, -34.5519543880594],
            [-58.7151316562797, -34.5519491941148],
            [-58.7150608549081, -34.5519484489243],
            [-58.7149954305107, -34.5519522671324],
            [-58.7149299368175, -34.5519605914179],
            [-58.7148643738179, -34.5519734217803],
            [-58.7148041877625, -34.5519908155549],
            [-58.7147439323819, -34.5520127154113],
            [-58.7147220087263, -34.552021498281],
            [-58.7145671578821, -34.5521731005023],
            [-58.7136637744923, -34.5528260888139],
            [-58.7136032407624, -34.5528660125224],
            [-58.7131414507116, -34.5524329966336],
            [-58.7129159695987, -34.5522187980925],
            [-58.7128408322413, -34.5521458973515],
            [-58.7118530294902, -34.551207071092],
            [-58.7113161923715, -34.5506966402281],
            [-58.7108389192056, -34.5502785358156]
          ]
        ]
      },
      "properties": {
        "objectid": 200,
        "clave": "067600804",
        "provincia": "06",
        "partido": "760",
        "localidad": "010",
        "fraccion": "08",
        "radio": "04",
        "tot_manzanas": 6,
        "barrio_codigo": 39,
        "barrio_nombre": "San Miguel Oeste",
        "circuito": "397",
        "st_area(shape)": 109538.023698015,
        "st_length(shape)": 1369.22961278336
      }
    },
    {
      "type": "Feature",
      "id": 44,
      "geometry": {
        "type": "Polygon",
        "coordinates": [
          [
            [-58.7671082310218, -34.5608183651236],
            [-58.7679784157015, -34.5601781627467],
            [-58.7680500228434, -34.5601248039187],
            [-58.7688266014812, -34.5595512535854],
            [-58.769680353019, -34.5589153806769],
            [-58.7702769246145, -34.5594667215265],
            [-58.7703532087449, -34.5595376150943],
            [-58.7708358398139, -34.5599861331322],
            [-58.771393512493, -34.5605190827698],
            [-58.7723111406962, -34.5613360970275],
            [-58.77231482508, -34.5613390229874],
            [-58.7723146995377, -34.561339113665],
            [-58.7714797488888, -34.561972725972],
            [-58.7706212942287, -34.562614929104],
            [-58.7697752271374, -34.563268285448],
            [-58.7697728225928, -34.5632662024763],
            [-58.769005436063, -34.5625726531274],
            [-58.7688280737332, -34.5624086179944],
            [-58.7686453989992, -34.5622355143801],
            [-58.768263774987, -34.5618846361544],
            [-58.7682100356789, -34.5618345183238],
            [-58.7676994168302, -34.5613651580094],
            [-58.7671082310218, -34.5608183651236]
          ]
        ]
      },
      "properties": {
        "objectid": 44,
        "clave": "067601808",
        "provincia": "06",
        "partido": "760",
        "localidad": "010",
        "fraccion": "18",
        "radio": "08",
        "tot_manzanas": 12,
        "barrio_codigo": 1,
        "barrio_nombre": "Santa Brigida",
        "circuito": "397b",
        "st_area(shape)": 114850.0220165,
        "st_length(shape)": 1360.68687039832
      }
    },
    {
      "type": "Feature",
      "id": 11,
      "geometry": {
        "type": "Polygon",
        "coordinates": [
          [
            [-58.7002358996463, -34.5451574610388],
            [-58.7010402961682, -34.5445666133534],
            [-58.7019314133562, -34.5454053482818],
            [-58.7029890627322, -34.5463945708341],
            [-58.7022673296331, -34.5469232132276],
            [-58.7020985066053, -34.5469214186064],
            [-58.7011216388653, -34.5459916367897],
            [-58.7002358996463, -34.5451574610388]
          ]
        ]
      },
      "properties": {
        "objectid": 11,
        "clave": "067602106",
        "provincia": "06",
        "partido": "760",
        "localidad": "010",
        "fraccion": "21",
        "radio": "06",
        "tot_manzanas": 2,
        "barrio_codigo": 31,
        "barrio_nombre": "Muniz Norte",
        "circuito": "400",
        "st_area(shape)": 26740.020150105,
        "st_length(shape)": 733.080293135735
      }
    },
    {
      "type": "Feature",
      "id": 235,
      "geometry": {
        "type": "Polygon",
        "coordinates": [
          [
            [-58.705538368356, -34.5297694296553],
            [-58.7061709257177, -34.5293162586307],
            [-58.7067562380234, -34.5288853155543],
            [-58.7075549411469, -34.5296454126117],
            [-58.7082957451446, -34.5303755596924],
            [-58.7088548732646, -34.5308991398046],
            [-58.7090602801578, -34.5310974019224],
            [-58.7097811664868, -34.5317356088001],
            [-58.7097856578674, -34.5318493686582],
            [-58.7109637304833, -34.5329314721738],
            [-58.7098843456493, -34.5337087703648],
            [-58.7089501944983, -34.5328380904746],
            [-58.7087890011984, -34.5326966737119],
            [-58.7087135366482, -34.5326463003543],
            [-58.7086435171747, -34.532595984534],
            [-58.70792231524, -34.5320430274125],
            [-58.7078630473989, -34.5320018386174],
            [-58.7078038492396, -34.53195614368],
            [-58.7071334448907, -34.5312721257484],
            [-58.7063472216507, -34.5305417682103],
            [-58.705538368356, -34.5297694296553]
          ]
        ]
      },
      "properties": {
        "objectid": 235,
        "clave": "067601904",
        "provincia": "06",
        "partido": "760",
        "localidad": "010",
        "fraccion": "19",
        "radio": "04",
        "tot_manzanas": 9,
        "barrio_codigo": 30,
        "barrio_nombre": "San Miguel Norte",
        "circuito": "397",
        "st_area(shape)": 84471.16937694,
        "st_length(shape)": 1467.97859316555
      }
    },
    {
      "type": "Feature",
      "id": 82,
      "geometry": {
        "type": "Polygon",
        "coordinates": [
          [
            [-58.7048082469869, -34.535498330821],
            [-58.7053977153522, -34.5350629117759],
            [-58.7061358678046, -34.5345209009756],
            [-58.7062461641676, -34.5344319335613],
            [-58.7063106688416, -34.5344866991654],
            [-58.7074328132618, -34.5355261415883],
            [-58.7085925454476, -34.5366020270892],
            [-58.7084823877573, -34.5366819852608],
            [-58.7071384213667, -34.5376592671515],
            [-58.7061194661324, -34.5383966085534],
            [-58.7049544367027, -34.537311630059],
            [-58.704855304854, -34.5373826881452],
            [-58.7042438960736, -34.5378268850451],
            [-58.7036931480729, -34.5382221475121],
            [-58.7036644542557, -34.5383164866094],
            [-58.7029183882123, -34.5376100035308],
            [-58.7024782379248, -34.5371952051632],
            [-58.7030790401392, -34.5367328770856],
            [-58.703784062055, -34.5362220770304],
            [-58.7048082469869, -34.535498330821]
          ]
        ]
      },
      "properties": {
        "objectid": 82,
        "clave": "067600206",
        "provincia": "06",
        "partido": "760",
        "localidad": "010",
        "fraccion": "02",
        "radio": "06",
        "tot_manzanas": 6,
        "barrio_codigo": 30,
        "barrio_nombre": "San Miguel Norte",
        "circuito": "397",
        "st_area(shape)": 123249.521650465,
        "st_length(shape)": 1578.27011899303
      }
    },
    {
      "type": "Feature",
      "id": 119,
      "geometry": {
        "type": "Polygon",
        "coordinates": [
          [
            [-58.7488304851163, -34.5761314189515],
            [-58.7488746760706, -34.576091310371],
            [-58.7501306244145, -34.575180278366],
            [-58.7506153605739, -34.5748292015692],
            [-58.7514306668175, -34.5742336284002],
            [-58.751964691178, -34.574771953306],
            [-58.7524235593918, -34.5752443007626],
            [-58.752482676829, -34.5752989872561],
            [-58.7532004702987, -34.5759419990043],
            [-58.7532039750432, -34.5759450562005],
            [-58.7526073695169, -34.5763876471874],
            [-58.7519892151877, -34.5768487632803],
            [-58.7513770341623, -34.5772956280052],
            [-58.750753171519, -34.5777519100667],
            [-58.7492573404951, -34.5788646360187],
            [-58.7492426155958, -34.5788754565673],
            [-58.7492396508146, -34.5788720027824],
            [-58.748763296771, -34.578246685893],
            [-58.7501423388915, -34.5771987293208],
            [-58.7494101845516, -34.5766885947882],
            [-58.7488304851163, -34.5761314189515]
          ]
        ]
      },
      "properties": {
        "objectid": 119,
        "clave": "067603304",
        "provincia": "06",
        "partido": "760",
        "localidad": "010",
        "fraccion": "33",
        "radio": "04",
        "tot_manzanas": 9,
        "barrio_codigo": 4,
        "barrio_nombre": "Los Paraisos",
        "circuito": "397c",
        "st_area(shape)": 92317.26452366,
        "st_length(shape)": 1479.94080696404
      }
    },
    {
      "type": "Feature",
      "id": 306,
      "geometry": {
        "type": "Polygon",
        "coordinates": [
          [
            [-58.7197962746207, -34.5294189120435],
            [-58.719873259394, -34.529370143615],
            [-58.721586150378, -34.5281081412796],
            [-58.7216357715885, -34.5280680989679],
            [-58.7216853249753, -34.5280325627881],
            [-58.7234640460804, -34.5267351673393],
            [-58.7240387164743, -34.5272594616324],
            [-58.7241463727365, -34.5273417099915],
            [-58.7246402740574, -34.5278065683871],
            [-58.7239353784254, -34.5283220001146],
            [-58.7228669921073, -34.5291040375912],
            [-58.7228008289541, -34.5291574279779],
            [-58.7227402481344, -34.529201862989],
            [-58.7216386883043, -34.5300150903951],
            [-58.7209614624363, -34.5304992459672],
            [-58.7204242836335, -34.5300158920198],
            [-58.7203705246218, -34.5299702600924],
            [-58.720322210505, -34.5299246852],
            [-58.7197962746207, -34.5294189120435]
          ]
        ]
      },
      "properties": {
        "objectid": 306,
        "clave": "067600108",
        "provincia": "06",
        "partido": "760",
        "localidad": "010",
        "fraccion": "01",
        "radio": "08",
        "tot_manzanas": 4,
        "barrio_codigo": 28,
        "barrio_nombre": "Belgrano",
        "circuito": "397",
        "st_area(shape)": 72584.10095026,
        "st_length(shape)": 1221.9237503181
      }
    },
    {
      "type": "Feature",
      "id": 286,
      "geometry": {
        "type": "Polygon",
        "coordinates": [
          [
            [-58.6759820304938, -34.5539302605325],
            [-58.6768438897008, -34.5533249096295],
            [-58.6769485815737, -34.5532494284305],
            [-58.6776884955238, -34.5527066518158],
            [-58.6783759075419, -34.5522057897549],
            [-58.6791274770991, -34.5529034662701],
            [-58.679937970746, -34.5536648699709],
            [-58.6805930263477, -34.55426685074],
            [-58.6806198311453, -34.5542941813566],
            [-58.6806841911881, -34.5543579723937],
            [-58.6812799162802, -34.5549232528651],
            [-58.6809879151118, -34.5551319185855],
            [-58.6797599033022, -34.5560075736521],
            [-58.679130538866, -34.5554091798804],
            [-58.6783325949265, -34.5559775193605],
            [-58.6786908327653, -34.5563604467802],
            [-58.6779656977185, -34.5568845233838],
            [-58.6768804298195, -34.555882279035],
            [-58.6761217079989, -34.5551169082165],
            [-58.6753358667905, -34.554384613247],
            [-58.6759820304938, -34.5539302605325]
          ]
        ]
      },
      "properties": {
        "objectid": 286,
        "clave": "067602203",
        "provincia": "06",
        "partido": "760",
        "localidad": "010",
        "fraccion": "22",
        "radio": "03",
        "tot_manzanas": 9,
        "barrio_codigo": 41,
        "barrio_nombre": "Bella Vista Norte",
        "circuito": "401a",
        "st_area(shape)": 137326.431152355,
        "st_length(shape)": 1650.49682248826
      }
    },
    {
      "type": "Feature",
      "id": 153,
      "geometry": {
        "type": "Polygon",
        "coordinates": [
          [
            [-58.6821034075419, -34.5507182780466],
            [-58.6836367534597, -34.5495816811913],
            [-58.6844546986485, -34.5503458903064],
            [-58.6850272317025, -34.5508831237179],
            [-58.6848989454747, -34.5509872862328],
            [-58.6836079445623, -34.5520279659128],
            [-58.683547326573, -34.5520723804638],
            [-58.6821131258328, -34.5532106494691],
            [-58.6815118905688, -34.5526498194016],
            [-58.6814367097798, -34.5525814059995],
            [-58.679937970746, -34.5536648699709],
            [-58.6791274770991, -34.5529034662701],
            [-58.6806099438595, -34.5518153285031],
            [-58.6813869542982, -34.5512468524485],
            [-58.6821034075419, -34.5507182780466]
          ]
        ]
      },
      "properties": {
        "objectid": 153,
        "clave": "067600505",
        "provincia": "06",
        "partido": "760",
        "localidad": "010",
        "fraccion": "05",
        "radio": "05",
        "tot_manzanas": 6,
        "barrio_codigo": 41,
        "barrio_nombre": "Bella Vista Norte",
        "circuito": "401a",
        "st_area(shape)": 95096.00707947,
        "st_length(shape)": 1507.52502309649
      }
    },
    {
      "type": "Feature",
      "id": 279,
      "geometry": {
        "type": "Polygon",
        "coordinates": [
          [
            [-58.7115228764934, -34.5369349427536],
            [-58.7125310156116, -34.5361884275472],
            [-58.7133524167495, -34.5369587416984],
            [-58.713417136098, -34.5369999853108],
            [-58.7134981220361, -34.5370459071283],
            [-58.7144646236556, -34.5379439344608],
            [-58.7143654988708, -34.5380150004262],
            [-58.7134897055261, -34.5386547615229],
            [-58.7134069846117, -34.5387214917673],
            [-58.7132913148701, -34.5388059030436],
            [-58.7120904076404, -34.5396901030829],
            [-58.7119857639043, -34.5397656156823],
            [-58.7109604118129, -34.5387993450305],
            [-58.7113404488522, -34.538523931906],
            [-58.7123815587243, -34.5377597389286],
            [-58.7115708424604, -34.5370030516487],
            [-58.7115228764934, -34.5369349427536]
          ]
        ]
      },
      "properties": {
        "objectid": 279,
        "clave": "067602001",
        "provincia": "06",
        "partido": "760",
        "localidad": "010",
        "fraccion": "20",
        "radio": "01",
        "tot_manzanas": 3,
        "barrio_codigo": 30,
        "barrio_nombre": "San Miguel Norte",
        "circuito": "397",
        "st_area(shape)": 58431.912250195,
        "st_length(shape)": 1130.30934041761
      }
    },
    {
      "type": "Feature",
      "id": 147,
      "geometry": {
        "type": "Polygon",
        "coordinates": [
          [
            [-58.7441116179609, -34.555495697712],
            [-58.7447064785794, -34.5550601448706],
            [-58.7447230212314, -34.5550467944003],
            [-58.7450533994285, -34.5548113285368],
            [-58.7454113454392, -34.55455360987],
            [-58.7460943444959, -34.5552135539126],
            [-58.7462504164383, -34.5553496136466],
            [-58.7470744956292, -34.5561414007935],
            [-58.7479082420309, -34.5569633694027],
            [-58.7472807829932, -34.5574638706574],
            [-58.7466485313904, -34.5579108346714],
            [-58.7458317935409, -34.5584788894248],
            [-58.7450220527173, -34.5590744842614],
            [-58.7449395386207, -34.5591277181878],
            [-58.7440800439376, -34.5583211666357],
            [-58.7440263217011, -34.5582710384922],
            [-58.7431703683782, -34.5574654004064],
            [-58.7424055409351, -34.5567276941317],
            [-58.7431917441401, -34.5561712712051],
            [-58.7433254335432, -34.5560608324062],
            [-58.7441116179609, -34.555495697712]
          ]
        ]
      },
      "properties": {
        "objectid": 147,
        "clave": "067603402",
        "provincia": "06",
        "partido": "760",
        "localidad": "010",
        "fraccion": "34",
        "radio": "02",
        "tot_manzanas": 17,
        "barrio_codigo": 10,
        "barrio_nombre": "Constantini",
        "circuito": "397b",
        "st_area(shape)": 129626.18868987,
        "st_length(shape)": 1435.64919141399
      }
    },
    {
      "type": "Feature",
      "id": 214,
      "geometry": {
        "type": "Polygon",
        "coordinates": [
          [
            [-58.7101015250556, -34.5379880565132],
            [-58.7115228764934, -34.5369349427536],
            [-58.7115708424604, -34.5370030516487],
            [-58.7123815587243, -34.5377597389286],
            [-58.7113404488522, -34.538523931906],
            [-58.7109604118129, -34.5387993450305],
            [-58.7119857639043, -34.5397656156823],
            [-58.7118756050919, -34.5398455768546],
            [-58.710658262012, -34.5407340948523],
            [-58.7105481006623, -34.5408140547573],
            [-58.7095117230983, -34.5398566693929],
            [-58.708915697815, -34.5393050408947],
            [-58.7086471859988, -34.5390588325351],
            [-58.7089170724902, -34.5388633853126],
            [-58.7101015250556, -34.5379880565132]
          ]
        ]
      },
      "properties": {
        "objectid": 214,
        "clave": "067602004",
        "provincia": "06",
        "partido": "760",
        "localidad": "010",
        "fraccion": "20",
        "radio": "04",
        "tot_manzanas": 3,
        "barrio_codigo": 30,
        "barrio_nombre": "San Miguel Norte",
        "circuito": "397",
        "st_area(shape)": 67322.100000285,
        "st_length(shape)": 1229.11838010294
      }
    },
    {
      "type": "Feature",
      "id": 202,
      "geometry": {
        "type": "Polygon",
        "coordinates": [
          [
            [-58.7093078177668, -34.5548262121265],
            [-58.7098422432443, -34.5544352606554],
            [-58.7107840054422, -34.5537691861571],
            [-58.7118471694744, -34.5530007279186],
            [-58.7119959564388, -34.5528896268223],
            [-58.7129159695987, -34.5522187980925],
            [-58.7131414507116, -34.5524329966336],
            [-58.7136032407624, -34.5528660125224],
            [-58.7142773330652, -34.5534952066074],
            [-58.7141807644125, -34.5535661493256],
            [-58.7132058666276, -34.5542634490095],
            [-58.7121482836106, -34.5550229640957],
            [-58.7120160407006, -34.5551207193385],
            [-58.7115808373876, -34.5554361113926],
            [-58.7106607786533, -34.5561069286935],
            [-58.7096525859767, -34.5568399020267],
            [-58.7095809455099, -34.55689322676],
            [-58.7094927564557, -34.5569598961078],
            [-58.708941764178, -34.5573641909734],
            [-58.7085505295766, -34.5576529967507],
            [-58.7079152422631, -34.5570889563086],
            [-58.7089411600312, -34.5563456426513],
            [-58.7089852196528, -34.5563145607783],
            [-58.7100511662076, -34.5555565746138],
            [-58.7095924417147, -34.5550906176127],
            [-58.7093078177668, -34.5548262121265]
          ]
        ]
      },
      "properties": {
        "objectid": 202,
        "clave": "067602406",
        "provincia": "06",
        "partido": "760",
        "localidad": "010",
        "fraccion": "24",
        "radio": "06",
        "tot_manzanas": 8,
        "barrio_codigo": 40,
        "barrio_nombre": "Muniz Oeste",
        "circuito": "400",
        "st_area(shape)": 104710.218477625,
        "st_length(shape)": 1779.08892200568
      }
    },
    {
      "type": "Feature",
      "id": 9,
      "geometry": {
        "type": "Polygon",
        "coordinates": [
          [
            [-58.7071987472147, -34.5724886559196],
            [-58.7079259146887, -34.5719735658049],
            [-58.7086036971591, -34.5714804827959],
            [-58.7089043681349, -34.571767593759],
            [-58.709446699338, -34.5722825999026],
            [-58.7094896531876, -34.5723236155159],
            [-58.7103111602011, -34.5731074712543],
            [-58.7112248972228, -34.5739774726909],
            [-58.7113689731167, -34.5741146512392],
            [-58.7114227547069, -34.574160287333],
            [-58.7121316336145, -34.5748302720897],
            [-58.713533497433, -34.576143020048],
            [-58.7144304481557, -34.5769862324346],
            [-58.7144626498317, -34.5770181194117],
            [-58.7144134106489, -34.5770311211999],
            [-58.7141236916104, -34.5772463623224],
            [-58.7167644512128, -34.5795986098118],
            [-58.7163250078102, -34.5800983467481],
            [-58.7149984794838, -34.581201946098],
            [-58.7145314520251, -34.581480244174],
            [-58.7134094306253, -34.5822223900951],
            [-58.7105639999981, -34.5842848282552],
            [-58.7105496303832, -34.5844506840944],
            [-58.7122256320132, -34.5860210360552],
            [-58.7122102618393, -34.5862544693413],
            [-58.7118056107512, -34.5868417555922],
            [-58.7116485205328, -34.587074460511],
            [-58.7093549707334, -34.5889621213972],
            [-58.7089430281419, -34.5886460038261],
            [-58.7067855402594, -34.5869763655236],
            [-58.704364479944, -34.5851026297924],
            [-58.7039830164732, -34.5848073902293],
            [-58.7038877129356, -34.5847336290398],
            [-58.7048951216486, -34.5840106745644],
            [-58.7065647730993, -34.5827531351841],
            [-58.7074222560558, -34.5821456019672],
            [-58.7083737937242, -34.5814543920911],
            [-58.7088566767046, -34.5811104545044],
            [-58.7094690023083, -34.5808733326222],
            [-58.7085712863181, -34.5800348850365],
            [-58.7080532701837, -34.5794587866023],
            [-58.707400895135, -34.578857813081],
            [-58.7071408945233, -34.5787271481934],
            [-58.7068771365397, -34.5784793080375],
            [-58.7063293346191, -34.5779642326862],
            [-58.7057868476368, -34.5774582249143],
            [-58.7053644658518, -34.5770635211067],
            [-58.7052551231915, -34.5769613425865],
            [-58.7050755221241, -34.5767934806582],
            [-58.7044709595697, -34.5762284271231],
            [-58.7034505335076, -34.5752746641123],
            [-58.7046356403825, -34.5743949002555],
            [-58.7059916243918, -34.5733862394371],
            [-58.7071381261751, -34.5725330819911],
            [-58.7071987472147, -34.5724886559196]
          ]
        ]
      },
      "properties": {
        "objectid": 9,
        "clave": "067601210",
        "provincia": "06",
        "partido": "760",
        "localidad": "010",
        "fraccion": "12",
        "radio": "10",
        "tot_manzanas": 99,
        "barrio_codigo": 42,
        "barrio_nombre": "Bella Vista Oeste",
        "circuito": "402",
        "st_area(shape)": 1099490.50673945,
        "st_length(shape)": 5487.23722031431
      }
    },
    {
      "type": "Feature",
      "id": 79,
      "geometry": {
        "type": "Polygon",
        "coordinates": [
          [
            [-58.7246402740574, -34.5278065683871],
            [-58.7251878727895, -34.5283215608957],
            [-58.7252469408645, -34.528376259881],
            [-58.7253296421015, -34.5283095201662],
            [-58.7260125434706, -34.5278073714326],
            [-58.7266403735796, -34.5273452072236],
            [-58.7268993598507, -34.5271450984152],
            [-58.7269617444554, -34.5271172942001],
            [-58.7275465426837, -34.5276737045092],
            [-58.7281301544358, -34.528212528329],
            [-58.7279593801523, -34.5283414487305],
            [-58.7271938528843, -34.5289058424588],
            [-58.726714601444, -34.5292659015867],
            [-58.726422870482, -34.5294701752243],
            [-58.7256574609786, -34.530025546475],
            [-58.7254977749227, -34.5301410584273],
            [-58.724572595842, -34.5308164412667],
            [-58.7233914330575, -34.529708933092],
            [-58.7228008289541, -34.5291574279779],
            [-58.7228669921073, -34.5291040375912],
            [-58.7239353784254, -34.5283220001146],
            [-58.7246402740574, -34.5278065683871]
          ]
        ]
      },
      "properties": {
        "objectid": 79,
        "clave": "067600109",
        "provincia": "06",
        "partido": "760",
        "localidad": "010",
        "fraccion": "01",
        "radio": "09",
        "tot_manzanas": 8,
        "barrio_codigo": 28,
        "barrio_nombre": "Belgrano",
        "circuito": "397",
        "st_area(shape)": 89894.20249875,
        "st_length(shape)": 1364.6418927675
      }
    },
    {
      "type": "Feature",
      "id": 85,
      "geometry": {
        "type": "Polygon",
        "coordinates": [
          [
            [-58.7167714113079, -34.5345520110344],
            [-58.7168264849011, -34.5345120280888],
            [-58.7178672186567, -34.5337658101306],
            [-58.7188981068026, -34.53472757495],
            [-58.7190376788679, -34.5348597380372],
            [-58.7196120990342, -34.5354020776393],
            [-58.7185381356549, -34.5361840163426],
            [-58.7182076913187, -34.536423917252],
            [-58.7174309956137, -34.536997144763],
            [-58.7173451162546, -34.5369151192949],
            [-58.7166845452767, -34.5363087678389],
            [-58.7160186770311, -34.5356933434528],
            [-58.7156642778222, -34.5353651237555],
            [-58.7157303812425, -34.5353162436264],
            [-58.7167714113079, -34.5345520110344]
          ]
        ]
      },
      "properties": {
        "objectid": 85,
        "clave": "067600905",
        "provincia": "06",
        "partido": "760",
        "localidad": "010",
        "fraccion": "09",
        "radio": "05",
        "tot_manzanas": 4,
        "barrio_codigo": 30,
        "barrio_nombre": "San Miguel Norte",
        "circuito": "397",
        "st_area(shape)": 65159.616875255,
        "st_length(shape)": 1021.56981637738
      }
    },
    {
      "type": "Feature",
      "id": 72,
      "geometry": {
        "type": "Polygon",
        "coordinates": [
          [
            [-58.7277909411338, -34.5674195179088],
            [-58.728721047769, -34.5667071357599],
            [-58.7295959984773, -34.5675220245644],
            [-58.7304207373301, -34.5683181682586],
            [-58.7312404151097, -34.569063382441],
            [-58.7308301723579, -34.5693613873582],
            [-58.7304268828589, -34.5696417008204],
            [-58.7294417642603, -34.570371513169],
            [-58.7290564837362, -34.5706506294263],
            [-58.7282462789782, -34.5712020561918],
            [-58.7274162350209, -34.5718577723512],
            [-58.726579289525, -34.5724670695562],
            [-58.7257032171138, -34.573106907937],
            [-58.7254585215786, -34.5732836743069],
            [-58.7248109197287, -34.5737291802153],
            [-58.7240428549078, -34.5730129444969],
            [-58.7237635724942, -34.5727486289674],
            [-58.7237048193336, -34.5726713984162],
            [-58.7236791069612, -34.572626113479],
            [-58.723363476591, -34.5720702160262],
            [-58.7226726596795, -34.5714031967166],
            [-58.7224739279574, -34.5712163365332],
            [-58.7230465335983, -34.5708257283614],
            [-58.7231181779645, -34.5707723959166],
            [-58.7237409067031, -34.5703101994071],
            [-58.7240217310497, -34.5701097736953],
            [-58.724480132675, -34.5697826079094],
            [-58.7249403286428, -34.5694541566119],
            [-58.7257534931394, -34.5688737739033],
            [-58.7277909411338, -34.5674195179088]
          ]
        ]
      },
      "properties": {
        "objectid": 72,
        "clave": "067602805",
        "provincia": "06",
        "partido": "760",
        "localidad": "010",
        "fraccion": "28",
        "radio": "05",
        "tot_manzanas": 8,
        "barrio_codigo": 19,
        "barrio_nombre": "Macabi",
        "circuito": "397c",
        "st_area(shape)": 269734.262287425,
        "st_length(shape)": 2249.29817410487
      }
    },
    {
      "type": "Feature",
      "id": 281,
      "geometry": {
        "type": "Polygon",
        "coordinates": [
          [
            [-58.7218739955637, -34.5758836302693],
            [-58.7210843464139, -34.5751452523933],
            [-58.7216904312838, -34.5747054269146],
            [-58.7223350575923, -34.5742389608249],
            [-58.7229300271915, -34.5738125331022],
            [-58.7229851244083, -34.5737725490386],
            [-58.7231944796247, -34.5736215071549],
            [-58.7239359295135, -34.5743052856636],
            [-58.723984270547, -34.574350858513],
            [-58.7248109197287, -34.5737291802153],
            [-58.7259554720692, -34.5747860808222],
            [-58.7268204579817, -34.5741596449253],
            [-58.7276853203797, -34.5749708797327],
            [-58.7277336627782, -34.5750164520354],
            [-58.7286521293707, -34.5758868268257],
            [-58.727869748246, -34.5764555468495],
            [-58.7277981704912, -34.5765043758779],
            [-58.7277391363523, -34.5764451716432],
            [-58.7268741909754, -34.575638444089],
            [-58.7260256010432, -34.576260544374],
            [-58.7251494848595, -34.57690037743],
            [-58.7243614852219, -34.5774780303428],
            [-58.7243008693438, -34.5775224641265],
            [-58.7242471472636, -34.5774723283206],
            [-58.7233769160329, -34.5766565065483],
            [-58.7222541704352, -34.575608187744],
            [-58.7218739955637, -34.5758836302693]
          ]
        ]
      },
      "properties": {
        "objectid": 281,
        "clave": "067602806",
        "provincia": "06",
        "partido": "760",
        "localidad": "010",
        "fraccion": "28",
        "radio": "06",
        "tot_manzanas": 11,
        "barrio_codigo": 8,
        "barrio_nombre": "Mitre",
        "circuito": "397c",
        "st_area(shape)": 143932.250761135,
        "st_length(shape)": 1973.01878730576
      }
    },
    {
      "type": "Feature",
      "id": 95,
      "geometry": {
        "type": "Polygon",
        "coordinates": [
          [
            [-58.7269617444554, -34.5271172942001],
            [-58.7270750293001, -34.5270522854251],
            [-58.72787935246, -34.5264630938204],
            [-58.7286558528973, -34.5258969986381],
            [-58.7288123669267, -34.5260467335381],
            [-58.7289409071237, -34.5261685085199],
            [-58.7292952554809, -34.5265060802735],
            [-58.7296375597248, -34.5268304098362],
            [-58.7298623326705, -34.5270384485331],
            [-58.7302917930577, -34.5274492997275],
            [-58.7304007800204, -34.527559183584],
            [-58.7308787682969, -34.5280103608408],
            [-58.7311494660112, -34.5282606080718],
            [-58.7311493126785, -34.5282607362764],
            [-58.7310855509494, -34.5283153829518],
            [-58.7302265263456, -34.5289419214455],
            [-58.7293123549329, -34.5296129476296],
            [-58.7291196631789, -34.5297506552821],
            [-58.7285469615948, -34.5301683382667],
            [-58.7277595739775, -34.5307370144877],
            [-58.7276627995944, -34.5306548826472],
            [-58.726422870482, -34.5294701752243],
            [-58.726714601444, -34.5292659015867],
            [-58.7271938528843, -34.5289058424588],
            [-58.7279593801523, -34.5283414487305],
            [-58.7281301544358, -34.528212528329],
            [-58.7275465426837, -34.5276737045092],
            [-58.7269617444554, -34.5271172942001]
          ]
        ]
      },
      "properties": {
        "objectid": 95,
        "clave": "067600110",
        "provincia": "06",
        "partido": "760",
        "localidad": "010",
        "fraccion": "01",
        "radio": "10",
        "tot_manzanas": 9,
        "barrio_codigo": 28,
        "barrio_nombre": "Belgrano",
        "circuito": "397",
        "st_area(shape)": 111021.84924195,
        "st_length(shape)": 1528.30774214542
      }
    },
    {
      "type": "Feature",
      "id": 259,
      "geometry": {
        "type": "Polygon",
        "coordinates": [
          [
            [-58.6742387606447, -34.5558744078575],
            [-58.6738151266146, -34.5554715464303],
            [-58.6736220141256, -34.5553048342858],
            [-58.6730431471718, -34.5547754952125],
            [-58.6728817649561, -34.5546316942376],
            [-58.6722220113199, -34.5540101350826],
            [-58.672113684018, -34.5539117655676],
            [-58.6734992814385, -34.5529279159142],
            [-58.6743409030684, -34.5523088207081],
            [-58.6744652704791, -34.5524122153817],
            [-58.6752479866896, -34.5531273885039],
            [-58.6752380610368, -34.553270178391],
            [-58.6759820304938, -34.5539302605325],
            [-58.6753358667905, -34.554384613247],
            [-58.6761217079989, -34.5551169082165],
            [-58.6753908133825, -34.5556611336712],
            [-58.6746309031839, -34.5562397555394],
            [-58.6742387606447, -34.5558744078575]
          ]
        ]
      },
      "properties": {
        "objectid": 259,
        "clave": "067602202",
        "provincia": "06",
        "partido": "760",
        "localidad": "010",
        "fraccion": "22",
        "radio": "02",
        "tot_manzanas": 8,
        "barrio_codigo": 41,
        "barrio_nombre": "Bella Vista Norte",
        "circuito": "401a",
        "st_area(shape)": 82893.996432865,
        "st_length(shape)": 1228.401361344
      }
    },
    {
      "type": "Feature",
      "id": 232,
      "geometry": {
        "type": "Polygon",
        "coordinates": [
          [
            [-58.6895164609537, -34.5626359461145],
            [-58.6940652820944, -34.5593609008107],
            [-58.6941113515567, -34.5594010420027],
            [-58.6953118893868, -34.5605227709301],
            [-58.695972063079, -34.5611754584754],
            [-58.6966272246727, -34.5617626769531],
            [-58.6966755433979, -34.5618082611152],
            [-58.6967614981585, -34.5618857948573],
            [-58.6973575271781, -34.5624419877081],
            [-58.6974999280902, -34.5625759114774],
            [-58.6980555109551, -34.5630984162289],
            [-58.6972951195494, -34.5636491484121],
            [-58.6966007854791, -34.5641555128753],
            [-58.6965401651839, -34.5641999328495],
            [-58.6958238227279, -34.5647195781722],
            [-58.6950963671288, -34.5652526207918],
            [-58.6950302277434, -34.5653014887063],
            [-58.6935038722985, -34.5663924576512],
            [-58.6921512299444, -34.5650943467908],
            [-58.6908207373069, -34.5637962036597],
            [-58.6895553999845, -34.5626733002447],
            [-58.6895164609537, -34.5626359461145]
          ]
        ]
      },
      "properties": {
        "objectid": 232,
        "clave": "067602301",
        "provincia": "06",
        "partido": "760",
        "localidad": "010",
        "fraccion": "23",
        "radio": "01",
        "tot_manzanas": 15,
        "barrio_codigo": 42,
        "barrio_nombre": "Bella Vista Oeste",
        "circuito": "401a",
        "st_area(shape)": 305971.19754584,
        "st_length(shape)": 2216.71349678211
      }
    },
    {
      "type": "Feature",
      "id": 77,
      "geometry": {
        "type": "Polygon",
        "coordinates": [
          [
            [-58.6854170306301, -34.589022901019],
            [-58.6854179704886, -34.589021286895],
            [-58.6855841859432, -34.5887877947551],
            [-58.6858741139126, -34.5888809399345],
            [-58.6862505556635, -34.588877252674],
            [-58.6864941467476, -34.5888154576379],
            [-58.6864831725987, -34.5885469786156],
            [-58.6862893815016, -34.5882430297237],
            [-58.686939267967, -34.5877863726186],
            [-58.6877560240512, -34.5871761094255],
            [-58.688299620251, -34.5876886932912],
            [-58.6888717480788, -34.5882430961889],
            [-58.689365177255, -34.5886997693839],
            [-58.6899268866875, -34.5892449851198],
            [-58.6896622703556, -34.5894662831153],
            [-58.6886056690986, -34.5903404997696],
            [-58.6886054953892, -34.5903406646541],
            [-58.6885353377633, -34.5902869998969],
            [-58.687797337852, -34.5897976430663],
            [-58.687452278631, -34.5896101887117],
            [-58.6870935538979, -34.5894503482301],
            [-58.6867343022282, -34.5893305908023],
            [-58.6864451025647, -34.5892530562148],
            [-58.6859455473054, -34.5891504153103],
            [-58.6855938382575, -34.5890781508913],
            [-58.6854170306301, -34.589022901019]
          ]
        ]
      },
      "properties": {
        "objectid": 77,
        "clave": "067602905",
        "provincia": "06",
        "partido": "760",
        "localidad": "010",
        "fraccion": "29",
        "radio": "05",
        "tot_manzanas": 4,
        "barrio_codigo": 35,
        "barrio_nombre": "Obligado",
        "circuito": "402",
        "st_area(shape)": 64597.10509871,
        "st_length(shape)": 1171.6531338963
      }
    },
    {
      "type": "Feature",
      "id": 302,
      "geometry": {
        "type": "Polygon",
        "coordinates": [
          [
            [-58.7128782942635, -34.5429929108022],
            [-58.714227450711, -34.5420336487807],
            [-58.7143213427729, -34.5419490073831],
            [-58.7157315447582, -34.5409137554204],
            [-58.7158803727937, -34.5407981426458],
            [-58.7166954409495, -34.540211809545],
            [-58.7168000811343, -34.5401362928315],
            [-58.7168860333968, -34.5402138125894],
            [-58.7174389693019, -34.5407379090532],
            [-58.7180456066845, -34.5413121413612],
            [-58.7181431648822, -34.5414061131293],
            [-58.7180003131649, -34.5414916342829],
            [-58.7164779814599, -34.5423815173966],
            [-58.7138655649251, -34.5439245709838],
            [-58.7137642097625, -34.5438224913026],
            [-58.7136676427722, -34.5437268301597],
            [-58.7135226193224, -34.5435946045005],
            [-58.7128782942635, -34.5429929108022]
          ]
        ]
      },
      "properties": {
        "objectid": 302,
        "clave": "067602014",
        "provincia": "06",
        "partido": "760",
        "localidad": "010",
        "fraccion": "20",
        "radio": "14",
        "tot_manzanas": 6,
        "barrio_codigo": 30,
        "barrio_nombre": "San Miguel Norte",
        "circuito": "397",
        "st_area(shape)": 77582.901118005,
        "st_length(shape)": 1286.49586164557
      }
    },
    {
      "type": "Feature",
      "id": 172,
      "geometry": {
        "type": "Polygon",
        "coordinates": [
          [
            [-58.7548831741592, -34.5597433310698],
            [-58.7551635568364, -34.5595371651467],
            [-58.7563703217484, -34.5586498055801],
            [-58.7564474486126, -34.558592002087],
            [-58.757202034918, -34.5580363306624],
            [-58.7576471828845, -34.5584809634449],
            [-58.7580591528776, -34.5588834559157],
            [-58.7586333545106, -34.5594057749955],
            [-58.7591864044007, -34.5599278755073],
            [-58.7583961656845, -34.5605272518523],
            [-58.7583966568802, -34.5608607637998],
            [-58.7584017913323, -34.5612484062103],
            [-58.7577737369816, -34.56171974281],
            [-58.7571449291913, -34.5621674217913],
            [-58.7565379886507, -34.562616436085],
            [-58.7558678558305, -34.5631096338169],
            [-58.755448914634, -34.5627236230239],
            [-58.754820209812, -34.562140334092],
            [-58.7541537841818, -34.5615444956714],
            [-58.7534179760429, -34.5608235422808],
            [-58.7548831741592, -34.5597433310698]
          ]
        ]
      },
      "properties": {
        "objectid": 172,
        "clave": "067603502",
        "provincia": "06",
        "partido": "760",
        "localidad": "010",
        "fraccion": "35",
        "radio": "02",
        "tot_manzanas": 10,
        "barrio_codigo": 1,
        "barrio_nombre": "Santa Brigida",
        "circuito": "397b",
        "st_area(shape)": 149704.570514415,
        "st_length(shape)": 1571.46556080213
      }
    },
    {
      "type": "Feature",
      "id": 30,
      "geometry": {
        "type": "Polygon",
        "coordinates": [
          [
            [-58.7635967825929, -34.5532969543112],
            [-58.7636774449839, -34.5532369122337],
            [-58.7639265498705, -34.5530514864481],
            [-58.7644449954624, -34.5526655670166],
            [-58.7652766566936, -34.5520475277385],
            [-58.766163981744, -34.551405961342],
            [-58.7670572655006, -34.5522638820388],
            [-58.7676029121559, -34.5527650908839],
            [-58.7681617003912, -34.5532890201841],
            [-58.7687700212852, -34.553855693972],
            [-58.7693314466479, -34.5543883329394],
            [-58.7699228270557, -34.554932116539],
            [-58.7690744268386, -34.5555634129131],
            [-58.7682299059627, -34.556211300573],
            [-58.7673801630881, -34.5567874710973],
            [-58.7668050837103, -34.5562588668537],
            [-58.7667836296465, -34.5562361157681],
            [-58.7662193179697, -34.5557166313214],
            [-58.7656388732557, -34.5551834605621],
            [-58.7655958997543, -34.5551424641929],
            [-58.7650842781653, -34.5546600193136],
            [-58.764892125218, -34.5544773444305],
            [-58.7644943465943, -34.5541172764799],
            [-58.7635967825929, -34.5532969543112]
          ]
        ]
      },
      "properties": {
        "objectid": 30,
        "clave": "067601802",
        "provincia": "06",
        "partido": "760",
        "localidad": "010",
        "fraccion": "18",
        "radio": "02",
        "tot_manzanas": 18,
        "barrio_codigo": 1,
        "barrio_nombre": "Santa Brigida",
        "circuito": "397b",
        "st_area(shape)": 163420.6454922,
        "st_length(shape)": 1668.71068132229
      }
    },
    {
      "type": "Feature",
      "id": 288,
      "geometry": {
        "type": "Polygon",
        "coordinates": [
          [
            [-58.7298623668016, -34.5625907582639],
            [-58.7309590470893, -34.5617638935646],
            [-58.7310322184486, -34.5617082402812],
            [-58.7312941513459, -34.561509013072],
            [-58.7325022346047, -34.5605901227105],
            [-58.7326973842422, -34.5607257021186],
            [-58.7333587195833, -34.5612299708515],
            [-58.734038954688, -34.5617301442527],
            [-58.7347160486628, -34.5622535799534],
            [-58.7347752828894, -34.5622992624166],
            [-58.7355064213473, -34.5628635767298],
            [-58.736175824434, -34.563365721862],
            [-58.7366372690294, -34.5637183255161],
            [-58.736802662997, -34.5638556311732],
            [-58.7358469213782, -34.5645637845103],
            [-58.7351142666696, -34.565097014936],
            [-58.734539545579, -34.5645547441517],
            [-58.7337074041714, -34.5651042210113],
            [-58.7331357924218, -34.5645825533276],
            [-58.7327253381049, -34.5641979085562],
            [-58.7324835703186, -34.5639745637317],
            [-58.7318448864931, -34.5643865425962],
            [-58.7299268399893, -34.5626500180965],
            [-58.7298623668016, -34.5625907582639]
          ]
        ]
      },
      "properties": {
        "objectid": 288,
        "clave": "067602707",
        "provincia": "06",
        "partido": "760",
        "localidad": "010",
        "fraccion": "27",
        "radio": "07",
        "tot_manzanas": 10,
        "barrio_codigo": 18,
        "barrio_nombre": "Parque San Ignacio",
        "circuito": "397a",
        "st_area(shape)": 160880.652770235,
        "st_length(shape)": 1762.02095286629
      }
    },
    {
      "type": "Feature",
      "id": 21,
      "geometry": {
        "type": "Polygon",
        "coordinates": [
          [
            [-58.7102627483143, -34.5672830865836],
            [-58.7115405483978, -34.566348219109],
            [-58.712572352485, -34.5656815732372],
            [-58.7126603402578, -34.5656284193019],
            [-58.71233636933, -34.5653096121454],
            [-58.7120512549397, -34.5650404044133],
            [-58.711506027837, -34.5645255881796],
            [-58.7127072371951, -34.5636459116117],
            [-58.71277860391, -34.5636106095861],
            [-58.7128665198993, -34.5635619615332],
            [-58.7140238480368, -34.5626998370457],
            [-58.7145607768511, -34.5632102562083],
            [-58.7151515575821, -34.5637618023213],
            [-58.7157530334777, -34.5643269786478],
            [-58.7163492088761, -34.5648830826439],
            [-58.7169399450456, -34.5654391265952],
            [-58.7165816573687, -34.5657102757392],
            [-58.7159148639797, -34.5662035202322],
            [-58.7157405167608, -34.5663325823524],
            [-58.7155787049945, -34.566452365862],
            [-58.7146934640231, -34.5671003171073],
            [-58.7144621845115, -34.567257403386],
            [-58.7138635050374, -34.5677079979388],
            [-58.7134609295258, -34.5679962223003],
            [-58.7128598328876, -34.5684613424275],
            [-58.7120743382056, -34.5690068589712],
            [-58.7120530351778, -34.5689750863781],
            [-58.7102627483143, -34.5672830865836]
          ]
        ]
      },
      "properties": {
        "objectid": 21,
        "clave": "067601204",
        "provincia": "06",
        "partido": "760",
        "localidad": "010",
        "fraccion": "12",
        "radio": "04",
        "tot_manzanas": 21,
        "barrio_codigo": 40,
        "barrio_nombre": "Muniz Oeste",
        "circuito": "400",
        "st_area(shape)": 197682.25420946,
        "st_length(shape)": 2011.48751583273
      }
    },
    {
      "type": "Feature",
      "id": 131,
      "geometry": {
        "type": "Polygon",
        "coordinates": [
          [
            [-58.7096502576839, -34.5601233826932],
            [-58.7097116218634, -34.5600719197421],
            [-58.7105765709817, -34.559445596838],
            [-58.7110888865237, -34.559076941087],
            [-58.7114635708525, -34.558801473915],
            [-58.7115352813214, -34.5587436420011],
            [-58.7115943611014, -34.5587983476066],
            [-58.7126487960535, -34.5597304053756],
            [-58.7130909473712, -34.5596028289403],
            [-58.7132853333876, -34.5597797496409],
            [-58.7139075452325, -34.5603460485666],
            [-58.7146110920568, -34.5610024416267],
            [-58.7133489147005, -34.5619536046929],
            [-58.7132716863066, -34.5620158862933],
            [-58.7132000435339, -34.5620692130594],
            [-58.7122416142978, -34.5631046879992],
            [-58.7116884293163, -34.5625895794878],
            [-58.7112319052008, -34.5621656257551],
            [-58.7111967041395, -34.5621267522219],
            [-58.711178339787, -34.5621064713693],
            [-58.7110695429958, -34.5619999014595],
            [-58.7109295821905, -34.5618654908392],
            [-58.7108992723778, -34.5618331154491],
            [-58.7100614570599, -34.5610535980295],
            [-58.7093202376383, -34.5603697389294],
            [-58.7096502576839, -34.5601233826932]
          ]
        ]
      },
      "properties": {
        "objectid": 131,
        "clave": "067601202",
        "provincia": "06",
        "partido": "760",
        "localidad": "010",
        "fraccion": "12",
        "radio": "02",
        "tot_manzanas": 8,
        "barrio_codigo": 40,
        "barrio_nombre": "Muniz Oeste",
        "circuito": "400",
        "st_area(shape)": 114403.955676045,
        "st_length(shape)": 1398.55022728083
      }
    },
    {
      "type": "Feature",
      "id": 3,
      "geometry": {
        "type": "Polygon",
        "coordinates": [
          [
            [-58.6663208436511, -34.5583079110815],
            [-58.6662326420426, -34.5581974022553],
            [-58.6667889266696, -34.5577843164122],
            [-58.6673103978371, -34.5574046173778],
            [-58.6677405623465, -34.5570941788921],
            [-58.6683731981509, -34.5566282589673],
            [-58.6690530264676, -34.556134281526],
            [-58.6693310843154, -34.5559222929805],
            [-58.6695071124598, -34.5557671935207],
            [-58.6704551481064, -34.5551174894184],
            [-58.6709100263789, -34.554790470175],
            [-58.6716850294134, -34.5542171428527],
            [-58.6719636564497, -34.5540064909995],
            [-58.6721106946176, -34.5539138882081],
            [-58.672113684018, -34.5539117655676],
            [-58.6722220113199, -34.5540101350826],
            [-58.6728817649561, -34.5546316942376],
            [-58.6730431471718, -34.5547754952125],
            [-58.6736220141256, -34.5553048342858],
            [-58.6738151266146, -34.5554715464303],
            [-58.6742387606447, -34.5558744078575],
            [-58.6728894471511, -34.5568222588282],
            [-58.6722460814237, -34.556434257782],
            [-58.6720939958143, -34.5563391529414],
            [-58.6719929337924, -34.5572808405066],
            [-58.6709309496497, -34.5576843668881],
            [-58.6703112679291, -34.5585455233544],
            [-58.6692011118629, -34.5584787343456],
            [-58.6676496680139, -34.5595569076646],
            [-58.6672097739237, -34.5591598573906],
            [-58.6669494354702, -34.5589293316669],
            [-58.6663208436511, -34.5583079110815]
          ]
        ]
      },
      "properties": {
        "objectid": 3,
        "clave": "067600601",
        "provincia": "06",
        "partido": "760",
        "localidad": "010",
        "fraccion": "06",
        "radio": "01",
        "tot_manzanas": 15,
        "barrio_codigo": 32,
        "barrio_nombre": "Parque Mataldi",
        "circuito": "401a",
        "st_area(shape)": 178958.659426895,
        "st_length(shape)": 2075.97513638146
      }
    },
    {
      "type": "Feature",
      "id": 324,
      "geometry": {
        "type": "Polygon",
        "coordinates": [
          [
            [-58.680135737667, -34.5663176097868],
            [-58.6804631712761, -34.5666276131397],
            [-58.6808351018189, -34.5670345485899],
            [-58.6817789310841, -34.5679221910399],
            [-58.6820103938212, -34.568148672827],
            [-58.6818677020807, -34.5682170081613],
            [-58.6804738151338, -34.5692178956622],
            [-58.6796746014804, -34.5697014914111],
            [-58.6794409301713, -34.5698369960312],
            [-58.6790642451036, -34.5700554316308],
            [-58.6787840150506, -34.5701971993705],
            [-58.674861069239, -34.5721816922963],
            [-58.6724545229484, -34.5733989759759],
            [-58.6713726729856, -34.573946171587],
            [-58.6690042190843, -34.5752020747369],
            [-58.6689268053747, -34.5751223506831],
            [-58.6686974821471, -34.5749011633344],
            [-58.668584234905, -34.5747695544183],
            [-58.6683051993406, -34.5745498872086],
            [-58.6678656409752, -34.5741802081533],
            [-58.667549713994, -34.5739227725143],
            [-58.6674248903317, -34.5738148771003],
            [-58.6672770296008, -34.5736658082896],
            [-58.6667996671298, -34.5731816465238],
            [-58.666754424104, -34.5731380952579],
            [-58.6743476624439, -34.5691825515586],
            [-58.6765851351334, -34.568016821171],
            [-58.6765903781316, -34.5680140901103],
            [-58.6800495102044, -34.5662136390425],
            [-58.680135737667, -34.5663176097868]
          ]
        ]
      },
      "properties": {
        "objectid": 324,
        "clave": "067600707",
        "provincia": "06",
        "partido": "760",
        "localidad": "010",
        "fraccion": "07",
        "radio": "07",
        "tot_manzanas": 13,
        "barrio_codigo": 41,
        "barrio_nombre": "Bella Vista Norte",
        "circuito": "401a",
        "st_area(shape)": 436708.54254862,
        "st_length(shape)": 3460.6026868878
      }
    },
    {
      "type": "Feature",
      "id": 198,
      "geometry": {
        "type": "Polygon",
        "coordinates": [
          [
            [-58.6721025400065, -34.5637517382695],
            [-58.6732999411221, -34.5628679837209],
            [-58.6740098769274, -34.5623508541076],
            [-58.6747204990162, -34.5618467748783],
            [-58.6747474471658, -34.5618650946973],
            [-58.6747799136283, -34.5618789676131],
            [-58.6748177554419, -34.5618974056874],
            [-58.6748557402283, -34.561906831684],
            [-58.6748991003697, -34.5619208228325],
            [-58.6749371566503, -34.5619257427709],
            [-58.6749806597585, -34.5619307218242],
            [-58.6750187875184, -34.561931135704],
            [-58.6750624335688, -34.5619271026613],
            [-58.6751060785263, -34.5619230695911],
            [-58.6751443492093, -34.5619144713643],
            [-58.6751826198849, -34.5619058731253],
            [-58.6752210334693, -34.5618882628064],
            [-58.6752593755817, -34.5618751585089],
            [-58.6752924137719, -34.5618529830188],
            [-58.6753040660928, -34.561839886498],
            [-58.6753806346093, -34.5617863382751],
            [-58.675408368815, -34.5617550915746],
            [-58.6754305847431, -34.5617282917955],
            [-58.675447425279, -34.5616969277734],
            [-58.6754642658163, -34.5616655628474],
            [-58.6754757309798, -34.5616296327802],
            [-58.6754816778876, -34.5615981496425],
            [-58.6754876962336, -34.5615621604697],
            [-58.6754833925228, -34.5614900048129],
            [-58.6754679809057, -34.5614312490517],
            [-58.675452569309, -34.5613724932885],
            [-58.6754261212744, -34.5613226313816],
            [-58.6761315204703, -34.5608120025679],
            [-58.6768325073824, -34.5603083739611],
            [-58.6779832323165, -34.5594665100666],
            [-58.6780542529085, -34.5594537587796],
            [-58.6786607447349, -34.5600281829442],
            [-58.6792887480022, -34.5606208641451],
            [-58.6778007289789, -34.5617044144188],
            [-58.6777456189433, -34.5617443787499],
            [-58.6767004191983, -34.5630715719637],
            [-58.676650683248, -34.5631161008458],
            [-58.6749722467157, -34.563755118201],
            [-58.673380015011, -34.5649554244398],
            [-58.6727412723778, -34.5643535829434],
            [-58.6721025400065, -34.5637517382695]
          ]
        ]
      },
      "properties": {
        "objectid": 198,
        "clave": "067600605",
        "provincia": "06",
        "partido": "760",
        "localidad": "010",
        "fraccion": "06",
        "radio": "05",
        "tot_manzanas": 12,
        "barrio_codigo": 32,
        "barrio_nombre": "Parque Mataldi",
        "circuito": "401a",
        "st_area(shape)": 133211.82583708,
        "st_length(shape)": 1849.50600791275
      }
    },
    {
      "type": "Feature",
      "id": 17,
      "geometry": {
        "type": "Polygon",
        "coordinates": [
          [
            [-58.718609474875, -34.5283293266739],
            [-58.7186644743927, -34.5282938488852],
            [-58.7199861705735, -34.5273297233422],
            [-58.7200852077297, -34.5272631584323],
            [-58.7203881108379, -34.5270409895772],
            [-58.7204488291254, -34.5269875434294],
            [-58.7222718596853, -34.5256410547409],
            [-58.7228034399549, -34.5261333558609],
            [-58.7228571291328, -34.5261834928654],
            [-58.7234156632813, -34.5266940997977],
            [-58.7234640460804, -34.5267351673393],
            [-58.7216853249753, -34.5280325627881],
            [-58.7216357715885, -34.5280680989679],
            [-58.721586150378, -34.5281081412796],
            [-58.719873259394, -34.529370143615],
            [-58.7197962746207, -34.5294189120435],
            [-58.7195225218792, -34.5291591508013],
            [-58.7192056967772, -34.5288673900857],
            [-58.718609474875, -34.5283293266739]
          ]
        ]
      },
      "properties": {
        "objectid": 17,
        "clave": "067600106",
        "provincia": "06",
        "partido": "760",
        "localidad": "010",
        "fraccion": "01",
        "radio": "06",
        "tot_manzanas": 4,
        "barrio_codigo": 28,
        "barrio_nombre": "Belgrano",
        "circuito": "397",
        "st_area(shape)": 72969.93677534,
        "st_length(shape)": 1225.38816944742
      }
    },
    {
      "type": "Feature",
      "id": 310,
      "geometry": {
        "type": "Polygon",
        "coordinates": [
          [
            [-58.6919106930925, -34.5794239671093],
            [-58.692095412512, -34.579484688705],
            [-58.6923981168149, -34.5795544458262],
            [-58.6928272833845, -34.5795368727895],
            [-58.6930280080491, -34.5795032205913],
            [-58.6931587569704, -34.5794812998852],
            [-58.6937024265557, -34.5790982948247],
            [-58.6943249442322, -34.5786597344676],
            [-58.6949466399881, -34.5782217452172],
            [-58.695570920905, -34.5777819262204],
            [-58.6965384970355, -34.5771002335946],
            [-58.697121095396, -34.5779473935434],
            [-58.6971423948327, -34.5779791686214],
            [-58.6976068308119, -34.5786445010993],
            [-58.6976661661313, -34.5787278884053],
            [-58.6980219756951, -34.5792279273564],
            [-58.6980539599051, -34.5792733358051],
            [-58.6981020081674, -34.5793369437702],
            [-58.6992515917582, -34.5803947809933],
            [-58.6998054755063, -34.5809243354479],
            [-58.7000148723137, -34.5811191162144],
            [-58.7003229861158, -34.5814190328517],
            [-58.7009221740041, -34.5819544675747],
            [-58.7017429886291, -34.5813677401263],
            [-58.7020680725998, -34.5811368447592],
            [-58.702341669036, -34.581063138578],
            [-58.7024411178423, -34.58099641447],
            [-58.703085706266, -34.5805212186438],
            [-58.7037027394525, -34.5800752940005],
            [-58.7043577617084, -34.5807150024931],
            [-58.7051009741706, -34.5813771651946],
            [-58.7058519361169, -34.5820468454725],
            [-58.7065647730993, -34.5827531351841],
            [-58.7048951216486, -34.5840106745644],
            [-58.7038877129356, -34.5847336290398],
            [-58.7024759812688, -34.5858033199016],
            [-58.7018576732587, -34.5862323557136],
            [-58.7012742053634, -34.5866754832373],
            [-58.7010586346898, -34.586479694254],
            [-58.7008430639214, -34.5862839057959],
            [-58.7007736643093, -34.5862208737877],
            [-58.7007241065787, -34.5861758630191],
            [-58.700507966735, -34.5859795550439],
            [-58.6998353395964, -34.5853793788239],
            [-58.6989781875269, -34.5846026812224],
            [-58.6980816768012, -34.5838363687141],
            [-58.6976136419178, -34.5834079290364],
            [-58.6974859755879, -34.5832910614146],
            [-58.696522339194, -34.5824089235344],
            [-58.6952516095901, -34.5813358929276],
            [-58.6950933478243, -34.5814260918387],
            [-58.6944719328046, -34.5818789009284],
            [-58.6933117417634, -34.5807729894153],
            [-58.692785662085, -34.5802671004409],
            [-58.6919106930925, -34.5794239671093]
          ]
        ]
      },
      "properties": {
        "objectid": 310,
        "clave": "067602901",
        "provincia": "06",
        "partido": "760",
        "localidad": "010",
        "fraccion": "29",
        "radio": "01",
        "tot_manzanas": 62,
        "barrio_codigo": 42,
        "barrio_nombre": "Bella Vista Oeste",
        "circuito": "402",
        "st_area(shape)": 532691.91016144,
        "st_length(shape)": 3844.59855608226
      }
    },
    {
      "type": "Feature",
      "id": 212,
      "geometry": {
        "type": "Polygon",
        "coordinates": [
          [
            [-58.6749722467157, -34.563755118201],
            [-58.676650683248, -34.5631161008458],
            [-58.6767004191983, -34.5630715719637],
            [-58.6777456189433, -34.5617443787499],
            [-58.6778007289789, -34.5617044144188],
            [-58.6792887480022, -34.5606208641451],
            [-58.6794068669524, -34.5607303047141],
            [-58.6800831899593, -34.5613685727734],
            [-58.6806897095396, -34.5619429873169],
            [-58.6807491266168, -34.5619751771993],
            [-58.6808192951085, -34.5620164968744],
            [-58.6821023922058, -34.5632156462758],
            [-58.6831599474424, -34.5642095436628],
            [-58.6833371411361, -34.5643737004604],
            [-58.6834223370975, -34.5644578873239],
            [-58.6834184670303, -34.5644599520641],
            [-58.6765903781316, -34.5680140901103],
            [-58.6765851351334, -34.568016821171],
            [-58.6743476624439, -34.5691825515586],
            [-58.6742845492326, -34.5691013321626],
            [-58.6728345707619, -34.5677392016105],
            [-58.6717595609171, -34.5667361640765],
            [-58.6714173011453, -34.5664168113337],
            [-58.6723325503891, -34.5657327243636],
            [-58.671683058999, -34.5651217468898],
            [-58.6727412723778, -34.5643535829434],
            [-58.673380015011, -34.5649554244398],
            [-58.6749722467157, -34.563755118201]
          ]
        ]
      },
      "properties": {
        "objectid": 212,
        "clave": "067600606",
        "provincia": "06",
        "partido": "760",
        "localidad": "010",
        "fraccion": "06",
        "radio": "06",
        "tot_manzanas": 20,
        "barrio_codigo": 41,
        "barrio_nombre": "Bella Vista Norte",
        "circuito": "401a",
        "st_area(shape)": 478819.53846307,
        "st_length(shape)": 3123.05848789947
      }
    },
    {
      "type": "Feature",
      "id": 37,
      "geometry": {
        "type": "Polygon",
        "coordinates": [
          [
            [-58.7377721359469, -34.5600994026269],
            [-58.738697611386, -34.5594194224395],
            [-58.7387747508512, -34.5593616304033],
            [-58.7396173542455, -34.5587574023061],
            [-58.7402511018095, -34.5593588478313],
            [-58.7408743032674, -34.5599376470682],
            [-58.7414653762395, -34.560480057102],
            [-58.7415136514072, -34.5605301301966],
            [-58.7421635632026, -34.5611452522397],
            [-58.741216238735, -34.5618295410783],
            [-58.74031288361, -34.5624872340726],
            [-58.7396467707379, -34.5618629204549],
            [-58.7390181851315, -34.5612795534853],
            [-58.7383951221297, -34.5606917326515],
            [-58.7383520915049, -34.5606552331025],
            [-58.7377721359469, -34.5600994026269]
          ]
        ]
      },
      "properties": {
        "objectid": 37,
        "clave": "067603404",
        "provincia": "06",
        "partido": "760",
        "localidad": "010",
        "fraccion": "34",
        "radio": "04",
        "tot_manzanas": 8,
        "barrio_codigo": 10,
        "barrio_nombre": "Constantini",
        "circuito": "397c",
        "st_area(shape)": 79875.928325325,
        "st_length(shape)": 1157.67834195569
      }
    },
    {
      "type": "Feature",
      "id": 28,
      "geometry": {
        "type": "Polygon",
        "coordinates": [
          [
            [-58.6868137635441, -34.5626487335439],
            [-58.6886698814995, -34.5617087359932],
            [-58.6902802010793, -34.5608530531969],
            [-58.6901641161099, -34.5607389405915],
            [-58.6900510956854, -34.5606172947155],
            [-58.6911747859172, -34.5600493720038],
            [-58.6923324643288, -34.5594498151974],
            [-58.6934457166659, -34.5588042626451],
            [-58.6934765280736, -34.5588342247937],
            [-58.6936118452369, -34.5589658129817],
            [-58.6936835016179, -34.5590282494047],
            [-58.6937889285424, -34.5591201107618],
            [-58.693856469501, -34.5591789597824],
            [-58.6940652820944, -34.5593609008107],
            [-58.6895164609537, -34.5626359461145],
            [-58.6849707306605, -34.5659367083588],
            [-58.6820103938212, -34.568148672827],
            [-58.6817789310841, -34.5679221910399],
            [-58.6808351018189, -34.5670345485899],
            [-58.6804631712761, -34.5666276131397],
            [-58.680135737667, -34.5663176097868],
            [-58.6800495102044, -34.5662136390425],
            [-58.6834184670303, -34.5644599520641],
            [-58.6834223370975, -34.5644578873239],
            [-58.6833371411361, -34.5643737004604],
            [-58.6831599474424, -34.5642095436628],
            [-58.683901111704, -34.5638479796725],
            [-58.6848606716354, -34.5633524864168],
            [-58.6849887601013, -34.5632783250081],
            [-58.6856500481153, -34.5627987123813],
            [-58.6863729080446, -34.562259036551],
            [-58.6867460529635, -34.562588345638],
            [-58.6868120791181, -34.5626496321087],
            [-58.6868137635441, -34.5626487335439]
          ]
        ]
      },
      "properties": {
        "objectid": 28,
        "clave": "067600706",
        "provincia": "06",
        "partido": "760",
        "localidad": "010",
        "fraccion": "07",
        "radio": "06",
        "tot_manzanas": 20,
        "barrio_codigo": 41,
        "barrio_nombre": "Bella Vista Norte",
        "circuito": "401a",
        "st_area(shape)": 263390.770745695,
        "st_length(shape)": 3448.14821565475
      }
    },
    {
      "type": "Feature",
      "id": 249,
      "geometry": {
        "type": "Polygon",
        "coordinates": [
          [
            [-58.6585494771697, -34.5639253594784],
            [-58.6591283201118, -34.564467526505],
            [-58.6594579542164, -34.564776271848],
            [-58.6597048275807, -34.5650088296259],
            [-58.6600375521765, -34.5653234508783],
            [-58.6594099389523, -34.5657729056962],
            [-58.6591550152235, -34.5659621328692],
            [-58.6581929378317, -34.5658620281624],
            [-58.6575430677027, -34.565979623031],
            [-58.6569588158683, -34.5660106299401],
            [-58.6569579470408, -34.5660086905706],
            [-58.6568491915383, -34.565766054931],
            [-58.6565436858417, -34.5655362388426],
            [-58.6564329697356, -34.5656384582992],
            [-58.6561634033048, -34.5659615680439],
            [-58.6561622483445, -34.5659631245935],
            [-58.6560144383729, -34.5662029765302],
            [-58.6560135551629, -34.5662045054242],
            [-58.655998599473, -34.5662358432298],
            [-58.6559591888888, -34.5663184252969],
            [-58.6559327876344, -34.5663939289226],
            [-58.6559323426559, -34.5663949028981],
            [-58.6557232444052, -34.5662879623017],
            [-58.6554608007338, -34.566160986906],
            [-58.6554062193658, -34.5661345788349],
            [-58.6554018416516, -34.5661324610893],
            [-58.6554026646616, -34.5661315588822],
            [-58.6556618891439, -34.5659009732069],
            [-58.6560464079563, -34.5656001861191],
            [-58.6572396189629, -34.5647585878179],
            [-58.6576528482106, -34.5644518315492],
            [-58.6579972398664, -34.5642272988372],
            [-58.6584943298875, -34.5638655575101],
            [-58.6585494771697, -34.5639253594784]
          ]
        ]
      },
      "properties": {
        "objectid": 249,
        "clave": "067600610",
        "provincia": "06",
        "partido": "760",
        "localidad": "010",
        "fraccion": "06",
        "radio": "10",
        "tot_manzanas": 6,
        "barrio_codigo": 33,
        "barrio_nombre": "Barrufaldi",
        "circuito": "401a",
        "st_area(shape)": 49450.276368595,
        "st_length(shape)": 1141.04597503803
      }
    },
    {
      "type": "Feature",
      "id": 255,
      "geometry": {
        "type": "Polygon",
        "coordinates": [
          [
            [-58.727945686631, -34.5891692982993],
            [-58.7285597697521, -34.5887483289689],
            [-58.7290779155027, -34.5883616339716],
            [-58.7292432279441, -34.5882416722905],
            [-58.7293092979068, -34.5881972920801],
            [-58.729623506525, -34.5879617019522],
            [-58.7308426118779, -34.5891045187998],
            [-58.7318614075405, -34.5900159121698],
            [-58.7326455824199, -34.5898976223118],
            [-58.7315424285874, -34.5906585860511],
            [-58.7324689829309, -34.5906068695396],
            [-58.7330819482774, -34.5911944276633],
            [-58.7330853338393, -34.5911975734269],
            [-58.7314909542065, -34.5923755972535],
            [-58.7314875532246, -34.5923724630037],
            [-58.7304186619458, -34.5914553165113],
            [-58.7298357143363, -34.5908744862316],
            [-58.7292384651014, -34.5903129070423],
            [-58.727945686631, -34.5891692982993]
          ]
        ]
      },
      "properties": {
        "objectid": 255,
        "clave": "067603104",
        "provincia": "06",
        "partido": "760",
        "localidad": "010",
        "fraccion": "31",
        "radio": "04",
        "tot_manzanas": 11,
        "barrio_codigo": 36,
        "barrio_nombre": "San Ambrosio",
        "circuito": "402",
        "st_area(shape)": 95960.380271625,
        "st_length(shape)": 1566.06009997097
      }
    },
    {
      "type": "Feature",
      "id": 165,
      "geometry": {
        "type": "Polygon",
        "coordinates": [
          [
            [-58.7433164178855, -34.5515034593169],
            [-58.7437128849255, -34.5512191016564],
            [-58.7441810308499, -34.5508768899246],
            [-58.7445356085053, -34.5512050308159],
            [-58.7447075203323, -34.5513645378303],
            [-58.7452500166115, -34.5518748823216],
            [-58.7458086556712, -34.5523989108631],
            [-58.7463995068706, -34.5529548156928],
            [-58.746582182359, -34.5531234452566],
            [-58.7469369151603, -34.5534425662423],
            [-58.7466339825823, -34.5536647994832],
            [-58.7460521266029, -34.5540980763444],
            [-58.7454113454392, -34.55455360987],
            [-58.7450533994285, -34.5548113285368],
            [-58.7447230212314, -34.5550467944003],
            [-58.7447064785794, -34.5550601448706],
            [-58.7441116179609, -34.555495697712],
            [-58.7437037107391, -34.5550903911293],
            [-58.7435962708241, -34.5549901345367],
            [-58.7429907356941, -34.5544203697216],
            [-58.7424735797603, -34.5539262793419],
            [-58.7418802850326, -34.5533898444179],
            [-58.7413397101935, -34.5529058061207],
            [-58.7423140051386, -34.5522367665382],
            [-58.7433164178855, -34.5515034593169]
          ]
        ]
      },
      "properties": {
        "objectid": 165,
        "clave": "067602607",
        "provincia": "06",
        "partido": "760",
        "localidad": "010",
        "fraccion": "26",
        "radio": "07",
        "tot_manzanas": 15,
        "barrio_codigo": 12,
        "barrio_nombre": "Don Alfonso",
        "circuito": "397a",
        "st_area(shape)": 130781.02078153,
        "st_length(shape)": 1454.49004585768
      }
    },
    {
      "type": "Feature",
      "id": 56,
      "geometry": {
        "type": "Polygon",
        "coordinates": [
          [
            [-58.7505231525399, -34.56751816025],
            [-58.7506113212209, -34.5674514599927],
            [-58.7509582776643, -34.5672026272012],
            [-58.7513989130809, -34.566882642963],
            [-58.7516522506031, -34.5667004541208],
            [-58.7519497028952, -34.5664826600795],
            [-58.7524453418181, -34.566127179496],
            [-58.7530842192309, -34.5656649956475],
            [-58.7539660686747, -34.5664446726762],
            [-58.7540467024857, -34.5665176045997],
            [-58.7558309690145, -34.5681627776836],
            [-58.7558793243941, -34.5682083391446],
            [-58.7559652736383, -34.5682903386123],
            [-58.7564542776323, -34.5687460064743],
            [-58.7569970910057, -34.5692472889746],
            [-58.7569200225985, -34.5693005863508],
            [-58.7555484954244, -34.5703006496369],
            [-58.7548875359537, -34.5707806479519],
            [-58.7541548761801, -34.57131849978],
            [-58.754099795087, -34.5713584991937],
            [-58.753562366506, -34.5708617658537],
            [-58.7530519128722, -34.5703833331855],
            [-58.7529765893025, -34.5703194676758],
            [-58.7529334811157, -34.5702874792552],
            [-58.7510856118234, -34.5685244355045],
            [-58.7506075338338, -34.5680688582977],
            [-58.7502421698185, -34.567727104723],
            [-58.7505231525399, -34.56751816025]
          ]
        ]
      },
      "properties": {
        "objectid": 56,
        "clave": "067601604",
        "provincia": "06",
        "partido": "760",
        "localidad": "010",
        "fraccion": "16",
        "radio": "04",
        "tot_manzanas": 10,
        "barrio_codigo": 2,
        "barrio_nombre": "La Estrella",
        "circuito": "397b",
        "st_area(shape)": 189005.24847575,
        "st_length(shape)": 1773.46441983259
      }
    },
    {
      "type": "Feature",
      "id": 151,
      "geometry": {
        "type": "Polygon",
        "coordinates": [
          [
            [-58.7065096016035, -34.5462696752001],
            [-58.7075618851849, -34.5454966297217],
            [-58.7076389626985, -34.5454433644331],
            [-58.7077270003337, -34.5453857073593],
            [-58.7087797488107, -34.544581108927],
            [-58.7089193889659, -34.5447087763645],
            [-58.7094133030695, -34.5451736954711],
            [-58.7096335205214, -34.5453743242289],
            [-58.7095343131742, -34.5454498920057],
            [-58.7089229376749, -34.5458896048954],
            [-58.7084712268664, -34.5462183327016],
            [-58.7073175019809, -34.5470586437101],
            [-58.7065096016035, -34.5462696752001]
          ]
        ]
      },
      "properties": {
        "objectid": 151,
        "clave": "067602011",
        "provincia": "06",
        "partido": "760",
        "localidad": "010",
        "fraccion": "20",
        "radio": "11",
        "tot_manzanas": 2,
        "barrio_codigo": 30,
        "barrio_nombre": "San Miguel Norte",
        "circuito": "397",
        "st_area(shape)": 32543.797587975,
        "st_length(shape)": 795.952368328364
      }
    },
    {
      "type": "Feature",
      "id": 296,
      "geometry": {
        "type": "Polygon",
        "coordinates": [
          [
            [-58.7008210543413, -34.5404495450975],
            [-58.7000589373145, -34.5397248466787],
            [-58.6991197309734, -34.5388315047493],
            [-58.6990606732433, -34.5387767934329],
            [-58.6981754501063, -34.5379155673984],
            [-58.6972848700934, -34.5370497701505],
            [-58.6965498297427, -34.5363388604676],
            [-58.6965111090465, -34.5362793948858],
            [-58.6976457833396, -34.5354548540683],
            [-58.6977176447903, -34.5354029075719],
            [-58.698456014896, -34.5348691531622],
            [-58.6985019330525, -34.5349239094979],
            [-58.6991842544595, -34.5356289603911],
            [-58.7000712614221, -34.536480057843],
            [-58.7010541971035, -34.5374015974077],
            [-58.7009049447422, -34.5375114412517],
            [-58.7009047144408, -34.5375116118643],
            [-58.6999351736522, -34.5382272602957],
            [-58.7008262840162, -34.5390614962704],
            [-58.7008798977462, -34.539116147922],
            [-58.7016583530085, -34.5398410150348],
            [-58.7023149010687, -34.540469941591],
            [-58.7015510001753, -34.5411423479221],
            [-58.7008210543413, -34.5404495450975]
          ]
        ]
      },
      "properties": {
        "objectid": 296,
        "clave": "067600204",
        "provincia": "06",
        "partido": "760",
        "localidad": "010",
        "fraccion": "02",
        "radio": "04",
        "tot_manzanas": 9,
        "barrio_codigo": 30,
        "barrio_nombre": "San Miguel Norte",
        "circuito": "397",
        "st_area(shape)": 121472.39169068,
        "st_length(shape)": 1888.30541696291
      }
    },
    {
      "type": "Feature",
      "id": 209,
      "geometry": {
        "type": "Polygon",
        "coordinates": [
          [
            [-58.7357054460404, -34.5411492567497],
            [-58.736564628359, -34.5405181775362],
            [-58.7369743291941, -34.540212740637],
            [-58.7373796891918, -34.5399226898307],
            [-58.7381241968867, -34.5406103911656],
            [-58.7388833622497, -34.5413353561553],
            [-58.7396297715765, -34.5420416255486],
            [-58.7389028560214, -34.5425704355394],
            [-58.7388091914658, -34.5426415778836],
            [-58.7378123190955, -34.5433715711601],
            [-58.7378482078498, -34.5434752493646],
            [-58.7378783756084, -34.5436821738128],
            [-58.7378973633632, -34.5440783781459],
            [-58.7367703686488, -34.5440254004921],
            [-58.7362396286541, -34.5440031182293],
            [-58.7354888611261, -34.5439457694504],
            [-58.7354892700991, -34.543918732523],
            [-58.7354787875162, -34.5438915827926],
            [-58.7354628591638, -34.543864376659],
            [-58.7354422251906, -34.5438360734903],
            [-58.7354199746003, -34.5438188647881],
            [-58.7353929502374, -34.5438050643004],
            [-58.7353659258836, -34.5437912638068],
            [-58.7353279429176, -34.543781856657],
            [-58.7352952682964, -34.5437815182028],
            [-58.7352625936758, -34.5437811797399],
            [-58.7352297827042, -34.5437898535766],
            [-58.7351969035485, -34.5438030335586],
            [-58.735158374085, -34.5438296746766],
            [-58.734535533242, -34.5432373306942],
            [-58.7338054264247, -34.5425357056743],
            [-58.7348572795246, -34.5417714310236],
            [-58.7351932118695, -34.5415270349096],
            [-58.7357054460404, -34.5411492567497]
          ]
        ]
      },
      "properties": {
        "objectid": 209,
        "clave": "067601008",
        "provincia": "06",
        "partido": "760",
        "localidad": "010",
        "fraccion": "10",
        "radio": "08",
        "tot_manzanas": 12,
        "barrio_codigo": 15,
        "barrio_nombre": "Parque San Miguel",
        "circuito": "397a",
        "st_area(shape)": 135121.066560245,
        "st_length(shape)": 1506.74299716289
      }
    },
    {
      "type": "Feature",
      "id": 74,
      "geometry": {
        "type": "Polygon",
        "coordinates": [
          [
            [-58.7381782648786, -34.5393360407641],
            [-58.7383919541761, -34.5391945420726],
            [-58.7391915122387, -34.5385983696821],
            [-58.7400230756845, -34.5379895135091],
            [-58.7408769280973, -34.537362285074],
            [-58.7408771009274, -34.5373621642694],
            [-58.74089718916, -34.537380798197],
            [-58.7417139161114, -34.5381290098823],
            [-58.742421406516, -34.53878888506],
            [-58.7431791144364, -34.5394856552561],
            [-58.7431789613308, -34.5394857681546],
            [-58.7423224572065, -34.5400908816424],
            [-58.7415680096032, -34.5406419587992],
            [-58.7414799307229, -34.5407041462008],
            [-58.7406044455719, -34.5413350931532],
            [-58.740538351391, -34.5413839869189],
            [-58.7396297715765, -34.5420416255486],
            [-58.7388833622497, -34.5413353561553],
            [-58.7381241968867, -34.5406103911656],
            [-58.7373796891918, -34.5399226898307],
            [-58.7381782648786, -34.5393360407641]
          ]
        ]
      },
      "properties": {
        "objectid": 74,
        "clave": "067601007",
        "provincia": "06",
        "partido": "760",
        "localidad": "010",
        "fraccion": "10",
        "radio": "07",
        "tot_manzanas": 12,
        "barrio_codigo": 15,
        "barrio_nombre": "Parque San Miguel",
        "circuito": "397a",
        "st_area(shape)": 135070.714346635,
        "st_length(shape)": 1490.2510369399
      }
    },
    {
      "type": "Feature",
      "id": 225,
      "geometry": {
        "type": "Polygon",
        "coordinates": [
          [
            [-58.7149089576807, -34.5936844943437],
            [-58.7149672482753, -34.5933960223733],
            [-58.7149776443078, -34.5933445748251],
            [-58.7166783801349, -34.5920711138251],
            [-58.7167563544132, -34.5920126999393],
            [-58.7168164918824, -34.5919642576841],
            [-58.7179059361132, -34.5911616294104],
            [-58.7186731805212, -34.5905963595061],
            [-58.7198371138573, -34.5916912069655],
            [-58.720924308554, -34.5927021243403],
            [-58.7209821282073, -34.592741913617],
            [-58.7219519429885, -34.593626274023],
            [-58.7216644504816, -34.5938365825559],
            [-58.7208045280905, -34.5944720438591],
            [-58.7207384486758, -34.5945164192091],
            [-58.7200108122995, -34.5950541107808],
            [-58.7193713887703, -34.5955251224685],
            [-58.7180980385214, -34.5964626863698],
            [-58.7180044332818, -34.5965247982321],
            [-58.7179291142761, -34.5964609114244],
            [-58.7170584078031, -34.5956675744649],
            [-58.7159889456931, -34.5946873614847],
            [-58.7159244586126, -34.5946280951632],
            [-58.7158706616682, -34.5945824608549],
            [-58.7149089576807, -34.5936844943437]
          ]
        ]
      },
      "properties": {
        "objectid": 225,
        "clave": "067603203",
        "provincia": "06",
        "partido": "760",
        "localidad": "010",
        "fraccion": "32",
        "radio": "03",
        "tot_manzanas": 6,
        "barrio_codigo": 38,
        "barrio_nombre": "Parque La Luz",
        "circuito": "402",
        "st_area(shape)": 217943.3831818,
        "st_length(shape)": 1854.11878464929
      }
    },
    {
      "type": "Feature",
      "id": 138,
      "geometry": {
        "type": "Polygon",
        "coordinates": [
          [
            [-58.7509506123347, -34.5626145790464],
            [-58.7515344615168, -34.5621878955113],
            [-58.7518838541983, -34.5619362190592],
            [-58.7526524467235, -34.5613790776649],
            [-58.7534179760429, -34.5608235422808],
            [-58.7541537841818, -34.5615444956714],
            [-58.754820209812, -34.562140334092],
            [-58.755448914634, -34.5627236230239],
            [-58.754663232811, -34.5632979770723],
            [-58.7539889166955, -34.5638174127697],
            [-58.7533220831045, -34.5643288916089],
            [-58.7523637824917, -34.5650221680026],
            [-58.7523207434352, -34.5649856732233],
            [-58.7516757018923, -34.5644022022589],
            [-58.7517472555301, -34.5643533586013],
            [-58.7526613035948, -34.5637047024173],
            [-58.7520435056426, -34.5631215117597],
            [-58.7517131129398, -34.5633569959461],
            [-58.7509506123347, -34.5626145790464]
          ]
        ]
      },
      "properties": {
        "objectid": 138,
        "clave": "067603409",
        "provincia": "06",
        "partido": "760",
        "localidad": "010",
        "fraccion": "34",
        "radio": "09",
        "tot_manzanas": 10,
        "barrio_codigo": 3,
        "barrio_nombre": "La Gloria",
        "circuito": "397b",
        "st_area(shape)": 89578.62392388,
        "st_length(shape)": 1410.46037636315
      }
    },
    {
      "type": "Feature",
      "id": 34,
      "geometry": {
        "type": "Polygon",
        "coordinates": [
          [
            [-58.7209821282073, -34.592741913617],
            [-58.7234137627033, -34.5909930739945],
            [-58.7235482640738, -34.5909006815739],
            [-58.7244022369904, -34.5917682912163],
            [-58.7249953347766, -34.5923436267722],
            [-58.7250544466587, -34.5923983262885],
            [-58.7256832984466, -34.5929727540055],
            [-58.7262424225196, -34.5934743415102],
            [-58.7263176755615, -34.5935427293872],
            [-58.7268712207117, -34.5940532694545],
            [-58.7275108581274, -34.5946368131691],
            [-58.727923126002, -34.5950058778924],
            [-58.7279266548265, -34.5950089180283],
            [-58.7261183851332, -34.5963447707616],
            [-58.7261148960096, -34.5963417012436],
            [-58.7256865047101, -34.5959743225169],
            [-58.725052181825, -34.5953998376527],
            [-58.7244858971088, -34.5948711281092],
            [-58.7244286980083, -34.5948299696744],
            [-58.7238345162378, -34.5942642845084],
            [-58.7232502324859, -34.5937013320462],
            [-58.7226379242357, -34.5931252426169],
            [-58.7219519429885, -34.593626274023],
            [-58.7209821282073, -34.592741913617]
          ]
        ]
      },
      "properties": {
        "objectid": 34,
        "clave": "067603204",
        "provincia": "06",
        "partido": "760",
        "localidad": "010",
        "fraccion": "32",
        "radio": "04",
        "tot_manzanas": 13,
        "barrio_codigo": 37,
        "barrio_nombre": "Lomas de Marilo",
        "circuito": "402",
        "st_area(shape)": 146912.58743996,
        "st_length(shape)": 1837.65289455688
      }
    },
    {
      "type": "Feature",
      "id": 205,
      "geometry": {
        "type": "Polygon",
        "coordinates": [
          [
            [-58.7159733804726, -34.5393524243382],
            [-58.7170033616244, -34.5386015951804],
            [-58.7171686592515, -34.5384771400728],
            [-58.7181986189561, -34.5377263002463],
            [-58.718338194742, -34.5378584641566],
            [-58.7189232437538, -34.5384189459188],
            [-58.7190037509283, -34.5384964070791],
            [-58.7190789509203, -34.5385647988038],
            [-58.7196697323494, -34.5391073088617],
            [-58.7203303469579, -34.5397136448666],
            [-58.7202752025103, -34.5397581354517],
            [-58.7190278019518, -34.5406247369053],
            [-58.7191788503338, -34.5407857883695],
            [-58.7191766450459, -34.5407873904068],
            [-58.7181431648822, -34.5414061131293],
            [-58.7180456066845, -34.5413121413612],
            [-58.7174389693019, -34.5407379090532],
            [-58.7168860333968, -34.5402138125894],
            [-58.7168000811343, -34.5401362928315],
            [-58.7167035147127, -34.5400406340512],
            [-58.7159733804726, -34.5393524243382]
          ]
        ]
      },
      "properties": {
        "objectid": 205,
        "clave": "067600908",
        "provincia": "06",
        "partido": "760",
        "localidad": "010",
        "fraccion": "09",
        "radio": "08",
        "tot_manzanas": 6,
        "barrio_codigo": 30,
        "barrio_nombre": "San Miguel Norte",
        "circuito": "397",
        "st_area(shape)": 81814.64371148,
        "st_length(shape)": 1166.69589323191
      }
    },
    {
      "type": "Feature",
      "id": 83,
      "geometry": {
        "type": "Polygon",
        "coordinates": [
          [
            [-58.705178943583, -34.5544625028401],
            [-58.7060495916253, -34.5538182452048],
            [-58.7069312572998, -34.5531650832608],
            [-58.707602289923, -34.5538031452659],
            [-58.7082896023229, -34.554445882735],
            [-58.7089285327199, -34.5550475431882],
            [-58.7089553472338, -34.5550748677928],
            [-58.7093078177668, -34.5548262121265],
            [-58.7095924417147, -34.5550906176127],
            [-58.7100511662076, -34.5555565746138],
            [-58.7089852196528, -34.5563145607783],
            [-58.7089411600312, -34.5563456426513],
            [-58.7079152422631, -34.5570889563086],
            [-58.7071976461728, -34.5563677511645],
            [-58.706515844365, -34.5557205601063],
            [-58.7057388174301, -34.5562982108332],
            [-58.7055956721228, -34.5563958433934],
            [-58.7049138129697, -34.5557531488533],
            [-58.7058007452263, -34.5551135728982],
            [-58.7058393588707, -34.5550824344248],
            [-58.705178943583, -34.5544625028401]
          ]
        ]
      },
      "properties": {
        "objectid": 83,
        "clave": "067602404",
        "provincia": "06",
        "partido": "760",
        "localidad": "010",
        "fraccion": "24",
        "radio": "04",
        "tot_manzanas": 9,
        "barrio_codigo": 40,
        "barrio_nombre": "Muniz Oeste",
        "circuito": "400",
        "st_area(shape)": 98583.916632795,
        "st_length(shape)": 1517.02320156131
      }
    },
    {
      "type": "Feature",
      "id": 67,
      "geometry": {
        "type": "Polygon",
        "coordinates": [
          [
            [-58.7454174396655, -34.5768989307795],
            [-58.7464276845041, -34.5761313224311],
            [-58.7477841442683, -34.5751793155177],
            [-58.7482282923098, -34.5755934369027],
            [-58.7482766476207, -34.5756390013253],
            [-58.7487821967461, -34.5760813485854],
            [-58.7488304851163, -34.5761314189515],
            [-58.7494101845516, -34.5766885947882],
            [-58.7501423388915, -34.5771987293208],
            [-58.748763296771, -34.578246685893],
            [-58.7492396508146, -34.5788720027824],
            [-58.7492426155958, -34.5788754565673],
            [-58.7482427399464, -34.5796102392363],
            [-58.7472857347176, -34.580313504499],
            [-58.7472820305615, -34.580310593814],
            [-58.7467324649797, -34.579778455578],
            [-58.746684243503, -34.5797238782449],
            [-58.7466466477519, -34.5796874373921],
            [-58.7462789156853, -34.5791383331032],
            [-58.7462306948673, -34.5790837555997],
            [-58.7458815460157, -34.5783861161311],
            [-58.7457060608726, -34.5777353281804],
            [-58.7456754037783, -34.5775998086989],
            [-58.7456604137666, -34.5775095177675],
            [-58.7454401307291, -34.5769393921268],
            [-58.7454174396655, -34.5768989307795]
          ]
        ]
      },
      "properties": {
        "objectid": 67,
        "clave": "067603306",
        "provincia": "06",
        "partido": "760",
        "localidad": "010",
        "fraccion": "33",
        "radio": "06",
        "tot_manzanas": 12,
        "barrio_codigo": 4,
        "barrio_nombre": "Los Paraisos",
        "circuito": "397c",
        "st_area(shape)": 134428.75614234,
        "st_length(shape)": 1518.49800052871
      }
    },
    {
      "type": "Feature",
      "id": 63,
      "geometry": {
        "type": "Polygon",
        "coordinates": [
          [
            [-58.7245697825256, -34.5492088559363],
            [-58.7256382790407, -34.5484358236762],
            [-58.7256603380662, -34.5484180265264],
            [-58.7266951215642, -34.5476656275033],
            [-58.7272630463503, -34.5472584593051],
            [-58.7278653227361, -34.5478064286018],
            [-58.7280272331596, -34.5479503320345],
            [-58.7282140243317, -34.5481201627732],
            [-58.7285040648956, -34.5483890872323],
            [-58.7291758756616, -34.5490145188167],
            [-58.7281643274192, -34.5498165308717],
            [-58.7272039325009, -34.5497095651858],
            [-58.7271981432426, -34.5497320390856],
            [-58.7271866333406, -34.5497724807481],
            [-58.7271642997611, -34.5498083027119],
            [-58.7271418975348, -34.5498486308066],
            [-58.7270645533593, -34.5499199340012],
            [-58.72607341141, -34.5506619042649],
            [-58.7270239867618, -34.5515104256143],
            [-58.7280605727892, -34.552476680429],
            [-58.728141101749, -34.5525541358755],
            [-58.7287424522528, -34.5531282616312],
            [-58.7290915307348, -34.5534563885287],
            [-58.7292955470845, -34.5536523068377],
            [-58.7283311822943, -34.5543813864073],
            [-58.7274446310295, -34.555007612661],
            [-58.726420146872, -34.5557759652145],
            [-58.725877160906, -34.5552546762486],
            [-58.7253888207517, -34.5547923705202],
            [-58.7252383819643, -34.5546555942804],
            [-58.7247976874253, -34.5542634037078],
            [-58.7243057975894, -34.5538514053178],
            [-58.7240966502253, -34.5536685563235],
            [-58.7230351560538, -34.552681106884],
            [-58.7216058074627, -34.5513997262892],
            [-58.7217489948436, -34.5512975681428],
            [-58.7231939425596, -34.5502114748347],
            [-58.7233194783894, -34.5501151828679],
            [-58.7245697825256, -34.5492088559363]
          ]
        ]
      },
      "properties": {
        "objectid": 63,
        "clave": "067601103",
        "provincia": "06",
        "partido": "760",
        "localidad": "010",
        "fraccion": "11",
        "radio": "03",
        "tot_manzanas": 11,
        "barrio_codigo": 17,
        "barrio_nombre": "Bello Horizonte",
        "circuito": "397a",
        "st_area(shape)": 313393.261170875,
        "st_length(shape)": 2778.28034682328
      }
    },
    {
      "type": "Feature",
      "id": 325,
      "geometry": {
        "type": "Polygon",
        "coordinates": [
          [
            [-58.734422208871, -34.5784500167798],
            [-58.7357929873505, -34.5774843147423],
            [-58.7363114646014, -34.5779508024933],
            [-58.7368839249601, -34.5784871133001],
            [-58.7369321392168, -34.5785416943617],
            [-58.737328133098, -34.5793795552165],
            [-58.7373820006973, -34.5794206740849],
            [-58.7386607406073, -34.5806191938651],
            [-58.7399395160433, -34.5818176999027],
            [-58.740259050074, -34.5815866442438],
            [-58.7413548635332, -34.5826345221082],
            [-58.7416180948917, -34.582885111951],
            [-58.7426098860656, -34.5838101745191],
            [-58.7426133653725, -34.5838132515833],
            [-58.7412262392963, -34.5848438787067],
            [-58.7411167935663, -34.5849306419753],
            [-58.7411134190964, -34.5849274794194],
            [-58.7407515843624, -34.5845220175937],
            [-58.740201003962, -34.5840276568209],
            [-58.7399041381633, -34.5838003387885],
            [-58.739845022227, -34.5837456463122],
            [-58.7397804579864, -34.5836908975423],
            [-58.7388935273463, -34.5828840268758],
            [-58.7387270803245, -34.5827200605815],
            [-58.7374431336669, -34.5815034612001],
            [-58.7367985519678, -34.5808883688125],
            [-58.7362559256963, -34.5803779861319],
            [-58.7361699148782, -34.5803004792089],
            [-58.7361269436391, -34.5802594726611],
            [-58.7356037409805, -34.5795464815899],
            [-58.7355334707127, -34.5794342706262],
            [-58.7343216288874, -34.5803714605253],
            [-58.7342555005999, -34.5804203498367],
            [-58.7341964591005, -34.5803611486019],
            [-58.7337182046151, -34.579919024997],
            [-58.7336752347985, -34.579878017614],
            [-58.7331603976146, -34.5794037643004],
            [-58.734422208871, -34.5784500167798]
          ]
        ]
      },
      "properties": {
        "objectid": 325,
        "clave": "067601404",
        "provincia": "06",
        "partido": "760",
        "localidad": "010",
        "fraccion": "14",
        "radio": "04",
        "tot_manzanas": 9,
        "barrio_codigo": 5,
        "barrio_nombre": "Trujui",
        "circuito": "397c",
        "st_area(shape)": 178939.61370667,
        "st_length(shape)": 2602.73216096965
      }
    },
    {
      "type": "Feature",
      "id": 90,
      "geometry": {
        "type": "Polygon",
        "coordinates": [
          [
            [-58.7393367016116, -34.5463065908228],
            [-58.7394688992302, -34.5462088048327],
            [-58.7403338702456, -34.545604927886],
            [-58.7410930324966, -34.5463186851325],
            [-58.7416755553223, -34.5468850618726],
            [-58.7420516881535, -34.5472269517233],
            [-58.7428523653493, -34.5479517891681],
            [-58.7434273018594, -34.5484759962751],
            [-58.7441421511132, -34.5491143106871],
            [-58.7441904892753, -34.5491598765402],
            [-58.7431605440854, -34.5499154424884],
            [-58.742295866065, -34.5505465109603],
            [-58.7426664345744, -34.5508973553356],
            [-58.7432627681335, -34.5514488247255],
            [-58.7433164178855, -34.5515034593169],
            [-58.7423140051386, -34.5522367665382],
            [-58.7413397101935, -34.5529058061207],
            [-58.7410715121905, -34.5526340831038],
            [-58.7407844946894, -34.5523838406731],
            [-58.7407223888978, -34.5523059894703],
            [-58.740222877276, -34.5518366304648],
            [-58.7395838069442, -34.5512306229348],
            [-58.7389285442546, -34.5506154311316],
            [-58.7382519135375, -34.5499729738757],
            [-58.7376718944064, -34.5494261568208],
            [-58.7373066636565, -34.5490843655359],
            [-58.73691999197, -34.5487198179631],
            [-58.7365332544391, -34.54835977536],
            [-58.7376126617871, -34.5475777359281],
            [-58.7384719647059, -34.5469421380024],
            [-58.7393367016116, -34.5463065908228]
          ]
        ]
      },
      "properties": {
        "objectid": 90,
        "clave": "067602606",
        "provincia": "06",
        "partido": "760",
        "localidad": "010",
        "fraccion": "26",
        "radio": "06",
        "tot_manzanas": 13,
        "barrio_codigo": 12,
        "barrio_nombre": "Don Alfonso",
        "circuito": "397a",
        "st_area(shape)": 280736.27536754,
        "st_length(shape)": 2277.12001811619
      }
    },
    {
      "type": "Feature",
      "id": 216,
      "geometry": {
        "type": "Polygon",
        "coordinates": [
          [
            [-58.6849707306605, -34.5659367083588],
            [-58.6895164609537, -34.5626359461145],
            [-58.6895553999845, -34.5626733002447],
            [-58.6908207373069, -34.5637962036597],
            [-58.6921512299444, -34.5650943467908],
            [-58.6935038722985, -34.5663924576512],
            [-58.6919632616237, -34.5675075638341],
            [-58.6904423057734, -34.568618167366],
            [-58.6890729917181, -34.5696317863702],
            [-58.6889902910775, -34.569693993449],
            [-58.6876266323654, -34.5684084196597],
            [-58.6862522639756, -34.5671137010713],
            [-58.685037954654, -34.5660044876735],
            [-58.6849707306605, -34.5659367083588]
          ]
        ]
      },
      "properties": {
        "objectid": 216,
        "clave": "067602302",
        "provincia": "06",
        "partido": "760",
        "localidad": "010",
        "fraccion": "23",
        "radio": "02",
        "tot_manzanas": 9,
        "barrio_codigo": 42,
        "barrio_nombre": "Bella Vista Oeste",
        "circuito": "401a",
        "st_area(shape)": 308317.76704741,
        "st_length(shape)": 2219.64940617045
      }
    },
    {
      "type": "Feature",
      "id": 174,
      "geometry": {
        "type": "Polygon",
        "coordinates": [
          [
            [-58.7441904892753, -34.5491598765402],
            [-58.7442676153537, -34.5491020806483],
            [-58.7450717487381, -34.5485109380667],
            [-58.7463392490612, -34.5497092625435],
            [-58.7470000079916, -34.5503244715948],
            [-58.7476172956006, -34.5508742539304],
            [-58.7488573518164, -34.5520538758841],
            [-58.7479869985684, -34.5526864994458],
            [-58.7478450039087, -34.5527911256292],
            [-58.7472399125813, -34.5532158269287],
            [-58.7469369151603, -34.5534425662423],
            [-58.746582182359, -34.5531234452566],
            [-58.7463995068706, -34.5529548156928],
            [-58.7458086556712, -34.5523989108631],
            [-58.7452500166115, -34.5518748823216],
            [-58.7447075203323, -34.5513645378303],
            [-58.7445356085053, -34.5512050308159],
            [-58.7441810308499, -34.5508768899246],
            [-58.7437128849255, -34.5512191016564],
            [-58.7433164178855, -34.5515034593169],
            [-58.7432627681335, -34.5514488247255],
            [-58.7426664345744, -34.5508973553356],
            [-58.742295866065, -34.5505465109603],
            [-58.7431605440854, -34.5499154424884],
            [-58.7441904892753, -34.5491598765402]
          ]
        ]
      },
      "properties": {
        "objectid": 174,
        "clave": "067602605",
        "provincia": "06",
        "partido": "760",
        "localidad": "010",
        "fraccion": "26",
        "radio": "05",
        "tot_manzanas": 10,
        "barrio_codigo": 12,
        "barrio_nombre": "Don Alfonso",
        "circuito": "397a",
        "st_area(shape)": 138037.435577495,
        "st_length(shape)": 1727.32805242322
      }
    },
    {
      "type": "Feature",
      "id": 45,
      "geometry": {
        "type": "Polygon",
        "coordinates": [
          [
            [-58.6627547388773, -34.5633657563616],
            [-58.6621750636646, -34.5628230959768],
            [-58.6612730638874, -34.5619988511457],
            [-58.6611813179085, -34.5619040349337],
            [-58.661370310425, -34.5617687737944],
            [-58.6619140564277, -34.5613693102147],
            [-58.6624377021782, -34.5609843160416],
            [-58.6634241898955, -34.5602597586298],
            [-58.6638319817484, -34.5599633669965],
            [-58.6641441712661, -34.5597294908012],
            [-58.6651198092093, -34.5590175528938],
            [-58.6656488973761, -34.558629453695],
            [-58.6658694745067, -34.5584653075633],
            [-58.6661194176398, -34.5582788892953],
            [-58.6662326420426, -34.5581974022553],
            [-58.6663208436511, -34.5583079110815],
            [-58.6669494354702, -34.5589293316669],
            [-58.6672097739237, -34.5591598573906],
            [-58.6676496680139, -34.5595569076646],
            [-58.668098697873, -34.5599719805319],
            [-58.6673163574992, -34.5605222845964],
            [-58.66702423065, -34.5607354205855],
            [-58.6663566142762, -34.5612203622679],
            [-58.6659659413701, -34.5615080412639],
            [-58.6657068493118, -34.5616990019023],
            [-58.6644004743741, -34.5626536753077],
            [-58.6638493042636, -34.5630532543449],
            [-58.6630391679136, -34.5636347724459],
            [-58.6627547388773, -34.5633657563616]
          ]
        ]
      },
      "properties": {
        "objectid": 45,
        "clave": "067600608",
        "provincia": "06",
        "partido": "760",
        "localidad": "010",
        "fraccion": "06",
        "radio": "08",
        "tot_manzanas": 8,
        "barrio_codigo": 33,
        "barrio_nombre": "Barrufaldi",
        "circuito": "401a",
        "st_area(shape)": 159267.359055605,
        "st_length(shape)": 1754.92924993918
      }
    },
    {
      "type": "Feature",
      "id": 295,
      "geometry": {
        "type": "Polygon",
        "coordinates": [
          [
            [-58.7049138129697, -34.5557531488533],
            [-58.7055956721228, -34.5563958433934],
            [-58.7057388174301, -34.5562982108332],
            [-58.706515844365, -34.5557205601063],
            [-58.7071976461728, -34.5563677511645],
            [-58.7079152422631, -34.5570889563086],
            [-58.7085505295766, -34.5576529967507],
            [-58.7076469005597, -34.5583149497688],
            [-58.7086920769619, -34.5592567626781],
            [-58.7090888051227, -34.559615583513],
            [-58.7096502576839, -34.5601233826932],
            [-58.7093202376383, -34.5603697389294],
            [-58.708945398891, -34.5606542113162],
            [-58.7080889362147, -34.5612544120536],
            [-58.7074894820477, -34.5617063746833],
            [-58.7073832603365, -34.5617804508482],
            [-58.7069454740419, -34.5621022662735],
            [-58.706644761585, -34.5623006933833],
            [-58.7056713230951, -34.5614193393973],
            [-58.7046437572416, -34.5605230085691],
            [-58.7039887561053, -34.5599031281169],
            [-58.7036724972956, -34.5596061635118],
            [-58.7032799980051, -34.5592376048648],
            [-58.7019324104213, -34.5579658795135],
            [-58.7027424046824, -34.557336734013],
            [-58.7034246663354, -34.5568302200406],
            [-58.7034260727976, -34.5568291713671],
            [-58.7034869548528, -34.5567835860283],
            [-58.7041811158389, -34.556281685564],
            [-58.7049138129697, -34.5557531488533]
          ]
        ]
      },
      "properties": {
        "objectid": 295,
        "clave": "067602409",
        "provincia": "06",
        "partido": "760",
        "localidad": "010",
        "fraccion": "24",
        "radio": "09",
        "tot_manzanas": 20,
        "barrio_codigo": 40,
        "barrio_nombre": "Muniz Oeste",
        "circuito": "400",
        "st_area(shape)": 271009.027986905,
        "st_length(shape)": 2256.60487267271
      }
    },
    {
      "type": "Feature",
      "id": 213,
      "geometry": {
        "type": "Polygon",
        "coordinates": [
          [
            [-58.679937970746, -34.5536648699709],
            [-58.6814367097798, -34.5525814059995],
            [-58.6815118905688, -34.5526498194016],
            [-58.6821131258328, -34.5532106494691],
            [-58.683547326573, -34.5520723804638],
            [-58.6836079445623, -34.5520279659128],
            [-58.6848989454747, -34.5509872862328],
            [-58.6850272317025, -34.5508831237179],
            [-58.685321512345, -34.551170137411],
            [-58.6856053773972, -34.5514158359835],
            [-58.6858237920569, -34.5516013131469],
            [-58.6863876489019, -34.5521636256013],
            [-58.6855517856211, -34.5527700018413],
            [-58.6848730659984, -34.553284550406],
            [-58.6847439957678, -34.553503267629],
            [-58.6845960395232, -34.5536205084193],
            [-58.6835162855919, -34.5543885471392],
            [-58.6834555238123, -34.5544419736964],
            [-58.6827896241451, -34.553835384219],
            [-58.6826794903129, -34.5539108117539],
            [-58.6812799162802, -34.5549232528651],
            [-58.6806841911881, -34.5543579723937],
            [-58.6806198311453, -34.5542941813566],
            [-58.6805930263477, -34.55426685074],
            [-58.679937970746, -34.5536648699709]
          ]
        ]
      },
      "properties": {
        "objectid": 213,
        "clave": "067600508",
        "provincia": "06",
        "partido": "760",
        "localidad": "010",
        "fraccion": "05",
        "radio": "08",
        "tot_manzanas": 7,
        "barrio_codigo": 41,
        "barrio_nombre": "Bella Vista Norte",
        "circuito": "401a",
        "st_area(shape)": 103029.0205478,
        "st_length(shape)": 1669.37436046151
      }
    },
    {
      "type": "Feature",
      "id": 134,
      "geometry": {
        "type": "Polygon",
        "coordinates": [
          [
            [-58.6912713797413, -34.5798858197254],
            [-58.6919106930925, -34.5794239671093],
            [-58.692785662085, -34.5802671004409],
            [-58.6933117417634, -34.5807729894153],
            [-58.6944719328046, -34.5818789009284],
            [-58.6943457717766, -34.5819675746382],
            [-58.6938507647643, -34.5823154929899],
            [-58.6935801150308, -34.5825077720873],
            [-58.6932361248362, -34.582752152589],
            [-58.6928356259586, -34.5830573626641],
            [-58.6928077599167, -34.5830785985832],
            [-58.6926275899189, -34.5832158999025],
            [-58.6922666253693, -34.5834677158228],
            [-58.6920465378636, -34.5836212519283],
            [-58.6918917323563, -34.5837318606734],
            [-58.6914623817639, -34.584038628016],
            [-58.6914018157494, -34.5840785397735],
            [-58.690263605581, -34.5829937109947],
            [-58.690156196563, -34.582893408435],
            [-58.6897265641398, -34.582492198206],
            [-58.6888351890018, -34.5816533738413],
            [-58.6894359680436, -34.5812181614422],
            [-58.6900532972231, -34.5807696032187],
            [-58.6906595823295, -34.5803299368779],
            [-58.6912713797413, -34.5798858197254]
          ]
        ]
      },
      "properties": {
        "objectid": 134,
        "clave": "067602902",
        "provincia": "06",
        "partido": "760",
        "localidad": "010",
        "fraccion": "29",
        "radio": "02",
        "tot_manzanas": 15,
        "barrio_codigo": 35,
        "barrio_nombre": "Obligado",
        "circuito": "402",
        "st_area(shape)": 133985.70557329,
        "st_length(shape)": 1465.45307518459
      }
    },
    {
      "type": "Feature",
      "id": 274,
      "geometry": {
        "type": "Polygon",
        "coordinates": [
          [
            [-58.6826084301827, -34.556171980423],
            [-58.6826883952201, -34.5561102310465],
            [-58.6841376292986, -34.5550577479258],
            [-58.6852065658634, -34.5542850795935],
            [-58.6852782191078, -34.5542317703483],
            [-58.6853442830621, -34.5541874136088],
            [-58.6855151043468, -34.5540630620946],
            [-58.6863140307461, -34.5534857761472],
            [-58.687128908891, -34.5528812115843],
            [-58.6872759025377, -34.5529886125382],
            [-58.6877575090704, -34.5534877815308],
            [-58.6878541274019, -34.553578955642],
            [-58.6884284650252, -34.5541214386916],
            [-58.6883396967386, -34.5542241418769],
            [-58.6870837718151, -34.5551120035646],
            [-58.6868468146948, -34.5552852208871],
            [-58.6861690434636, -34.5557781835173],
            [-58.6854688392348, -34.5563114629625],
            [-58.6854190410913, -34.5563605017212],
            [-58.68398656755, -34.557397044253],
            [-58.6832747590225, -34.5568034882966],
            [-58.6826084301827, -34.556171980423]
          ]
        ]
      },
      "properties": {
        "objectid": 274,
        "clave": "067600510",
        "provincia": "06",
        "partido": "760",
        "localidad": "010",
        "fraccion": "05",
        "radio": "10",
        "tot_manzanas": 6,
        "barrio_codigo": 41,
        "barrio_nombre": "Bella Vista Norte",
        "circuito": "401a",
        "st_area(shape)": 101592.98530787,
        "st_length(shape)": 1467.53877236473
      }
    },
    {
      "type": "Feature",
      "id": 144,
      "geometry": {
        "type": "Polygon",
        "coordinates": [
          [
            [-58.7191788503338, -34.5407857883695],
            [-58.7226689869114, -34.5382512757439],
            [-58.7228016628001, -34.5383739467261],
            [-58.7236824624394, -34.5391853754649],
            [-58.7246811544936, -34.5401242213552],
            [-58.7236565278834, -34.5408841854074],
            [-58.7235904244501, -34.5409330697899],
            [-58.7224833376186, -34.5417417369846],
            [-58.7213210836113, -34.5425948845676],
            [-58.7212715212422, -34.5426304203217],
            [-58.7212072071846, -34.5425621439441],
            [-58.7202728393562, -34.5416915470995],
            [-58.7193850402804, -34.540898890926],
            [-58.7192567685694, -34.5408688656862],
            [-58.7191788503338, -34.5407857883695]
          ]
        ]
      },
      "properties": {
        "objectid": 144,
        "clave": "067602504",
        "provincia": "06",
        "partido": "760",
        "localidad": "010",
        "fraccion": "25",
        "radio": "04",
        "tot_manzanas": 6,
        "barrio_codigo": 39,
        "barrio_nombre": "San Miguel Oeste",
        "circuito": "397",
        "st_area(shape)": 117274.71420975,
        "st_length(shape)": 1405.69912793651
      }
    },
    {
      "type": "Feature",
      "id": 39,
      "geometry": {
        "type": "Polygon",
        "coordinates": [
          [
            [-58.7468732362215, -34.5700361195347],
            [-58.7477327747904, -34.5693959569329],
            [-58.7486088461357, -34.5687424370143],
            [-58.7487177271233, -34.5687480601471],
            [-58.7488375018913, -34.5687537948543],
            [-58.7495095758868, -34.5682604226958],
            [-58.7500301344608, -34.5678692446866],
            [-58.7502421698185, -34.567727104723],
            [-58.7506075338338, -34.5680688582977],
            [-58.7510856118234, -34.5685244355045],
            [-58.7529334811157, -34.5702874792552],
            [-58.7529765893025, -34.5703194676758],
            [-58.7530519128722, -34.5703833331855],
            [-58.753562366506, -34.5708617658537],
            [-58.754099795087, -34.5713584991937],
            [-58.7526676715137, -34.5723984720635],
            [-58.75203823207, -34.572874183156],
            [-58.7515118456407, -34.5723728946537],
            [-58.7509117342193, -34.5718274123867],
            [-58.7506076601489, -34.5720664296466],
            [-58.7497593475396, -34.5726841929274],
            [-58.7496894722125, -34.572620381227],
            [-58.749121931032, -34.5721203798728],
            [-58.7484918617627, -34.5715311418273],
            [-58.7484102175005, -34.5714535187195],
            [-58.7478618556111, -34.5709382822225],
            [-58.7468732362215, -34.5700361195347]
          ]
        ]
      },
      "properties": {
        "objectid": 39,
        "clave": "067601605",
        "provincia": "06",
        "partido": "760",
        "localidad": "010",
        "fraccion": "16",
        "radio": "05",
        "tot_manzanas": 10,
        "barrio_codigo": 4,
        "barrio_nombre": "Los Paraisos",
        "circuito": "397c",
        "st_area(shape)": 194365.12087373,
        "st_length(shape)": 1890.40444970778
      }
    },
    {
      "type": "Feature",
      "id": 168,
      "geometry": {
        "type": "Polygon",
        "coordinates": [
          [
            [-58.7335919144845, -34.5707495763115],
            [-58.7346213033903, -34.5700158111609],
            [-58.7336905166615, -34.5691699501625],
            [-58.7337511214991, -34.5691255105107],
            [-58.7348859838662, -34.5682990080149],
            [-58.7357991429874, -34.5691602621158],
            [-58.7366639751953, -34.5699759399386],
            [-58.7367177002145, -34.5700260712971],
            [-58.737614758721, -34.5708736239305],
            [-58.7375376075881, -34.5709314148767],
            [-58.7364192814024, -34.5717445922673],
            [-58.7354000147306, -34.5724911828949],
            [-58.7363472205151, -34.5733712294878],
            [-58.7355791283497, -34.5739757862916],
            [-58.7352320315314, -34.5742290787133],
            [-58.7343353043085, -34.5733589781054],
            [-58.7342563590605, -34.5732892498193],
            [-58.7333574279366, -34.5724519741301],
            [-58.7324362639664, -34.571578470298],
            [-58.7335919144845, -34.5707495763115]
          ]
        ]
      },
      "properties": {
        "objectid": 168,
        "clave": "067601507",
        "provincia": "06",
        "partido": "760",
        "localidad": "010",
        "fraccion": "15",
        "radio": "07",
        "tot_manzanas": 8,
        "barrio_codigo": 8,
        "barrio_nombre": "Mitre",
        "circuito": "397c",
        "st_area(shape)": 140727.201678565,
        "st_length(shape)": 1850.08181591421
      }
    },
    {
      "type": "Feature",
      "id": 163,
      "geometry": {
        "type": "Polygon",
        "coordinates": [
          [
            [-58.7018852931985, -34.5324273438236],
            [-58.7024488293883, -34.5320202572088],
            [-58.7031944468533, -34.5314911768745],
            [-58.7043399274057, -34.5306547964309],
            [-58.7055135329373, -34.5297872217385],
            [-58.705538368356, -34.5297694296553],
            [-58.7063472216507, -34.5305417682103],
            [-58.7071334448907, -34.5312721257484],
            [-58.7078038492396, -34.53195614368],
            [-58.7078630473989, -34.5320018386174],
            [-58.70792231524, -34.5320430274125],
            [-58.7086435171747, -34.532595984534],
            [-58.7087135366482, -34.5326463003543],
            [-58.7086418472605, -34.5327041313096],
            [-58.7077112014152, -34.5333703117113],
            [-58.7076340656793, -34.5334280844136],
            [-58.7070007812126, -34.5338810780885],
            [-58.7063454307062, -34.5343518619865],
            [-58.7062461641676, -34.5344319335613],
            [-58.7061358678046, -34.5345209009756],
            [-58.7053977153522, -34.5350629117759],
            [-58.7048082469869, -34.535498330821],
            [-58.7047491877264, -34.5354436221965],
            [-58.7043035242368, -34.5350332786653],
            [-58.7033048459327, -34.5341122962248],
            [-58.7023812999235, -34.5332642137214],
            [-58.702177257558, -34.5330772645392],
            [-58.7018852931985, -34.5324273438236]
          ]
        ]
      },
      "properties": {
        "objectid": 163,
        "clave": "067600201",
        "provincia": "06",
        "partido": "760",
        "localidad": "010",
        "fraccion": "02",
        "radio": "01",
        "tot_manzanas": 19,
        "barrio_codigo": 30,
        "barrio_nombre": "San Miguel Norte",
        "circuito": "397",
        "st_area(shape)": 202670.371165825,
        "st_length(shape)": 1796.11287804009
      }
    },
    {
      "type": "Feature",
      "id": 223,
      "geometry": {
        "type": "Polygon",
        "coordinates": [
          [
            [-58.7235482640738, -34.5909006815739],
            [-58.7236835118462, -34.5908156230944],
            [-58.7239300274796, -34.5906265804309],
            [-58.7233720964229, -34.5901543713234],
            [-58.7252732566058, -34.5887771353408],
            [-58.7253393290438, -34.5887327573401],
            [-58.7254109877297, -34.5886794240089],
            [-58.7265756948429, -34.5878698733991],
            [-58.7278699162353, -34.5869702694786],
            [-58.7286104140946, -34.586406546779],
            [-58.7286280881918, -34.5863510571982],
            [-58.7276293358902, -34.5854516081332],
            [-58.7294063136312, -34.5842727262591],
            [-58.7300166288635, -34.5848319330524],
            [-58.7306305518862, -34.58537201584],
            [-58.7308144701605, -34.5855577227585],
            [-58.7312448783045, -34.5859488151055],
            [-58.7312961332783, -34.5859974755326],
            [-58.7317235517569, -34.5863987692378],
            [-58.7312044918724, -34.5868028338823],
            [-58.7306597736647, -34.5871883000633],
            [-58.7304799651218, -34.5873242608777],
            [-58.7301637239875, -34.5875633835192],
            [-58.7299486780914, -34.5877217191667],
            [-58.729623506525, -34.5879617019522],
            [-58.7293092979068, -34.5881972920801],
            [-58.7292432279441, -34.5882416722905],
            [-58.7290779155027, -34.5883616339716],
            [-58.7285597697521, -34.5887483289689],
            [-58.727945686631, -34.5891692982993],
            [-58.7274181146692, -34.5895832302035],
            [-58.72684853181, -34.58996914776],
            [-58.7263595060233, -34.5903294934819],
            [-58.7257890089694, -34.5907856901831],
            [-58.7252670833764, -34.5911528356154],
            [-58.7244022369904, -34.5917682912163],
            [-58.7235482640738, -34.5909006815739]
          ]
        ]
      },
      "properties": {
        "objectid": 223,
        "clave": "067603102",
        "provincia": "06",
        "partido": "760",
        "localidad": "010",
        "fraccion": "31",
        "radio": "02",
        "tot_manzanas": 8,
        "barrio_codigo": 38,
        "barrio_nombre": "Parque La Luz",
        "circuito": "402",
        "st_area(shape)": 197330.999598755,
        "st_length(shape)": 2446.17295207589
      }
    },
    {
      "type": "Feature",
      "id": 194,
      "geometry": {
        "type": "Polygon",
        "coordinates": [
          [
            [-58.7055349010036, -34.5518793599236],
            [-58.7045150671023, -34.5509040808993],
            [-58.7043886444329, -34.5507994173627],
            [-58.7051770865017, -34.5500770545883],
            [-58.7060533993816, -34.5493614487821],
            [-58.706054251152, -34.5493607538418],
            [-58.708161701946, -34.5478582089669],
            [-58.7082594833768, -34.5479485538418],
            [-58.7087529074302, -34.5484341666977],
            [-58.7089248829875, -34.5485847112256],
            [-58.7094082055324, -34.5490314909727],
            [-58.7098115113719, -34.5493692590709],
            [-58.7101179033197, -34.5496338933991],
            [-58.7092194048076, -34.5503229553053],
            [-58.7089052157872, -34.5505630013892],
            [-58.7080127704685, -34.55121155745],
            [-58.7071037624222, -34.5518734509561],
            [-58.706224351308, -34.5525068785771],
            [-58.7055349010036, -34.5518793599236]
          ]
        ]
      },
      "properties": {
        "objectid": 194,
        "clave": "067602401",
        "provincia": "06",
        "partido": "760",
        "localidad": "010",
        "fraccion": "24",
        "radio": "01",
        "tot_manzanas": 11,
        "barrio_codigo": 40,
        "barrio_nombre": "Muniz Oeste",
        "circuito": "400",
        "st_area(shape)": 127475.33255806,
        "st_length(shape)": 1475.77365467806
      }
    },
    {
      "type": "Feature",
      "id": 36,
      "geometry": {
        "type": "Polygon",
        "coordinates": [
          [
            [-58.6979591327002, -34.5731250423122],
            [-58.6980197589142, -34.5730806209245],
            [-58.6993204809853, -34.5721255261267],
            [-58.7008913934895, -34.5709614736013],
            [-58.7009630517004, -34.5709081544849],
            [-58.7030605439973, -34.5729072815407],
            [-58.7046356403825, -34.5743949002555],
            [-58.7034505335076, -34.5752746641123],
            [-58.7044709595697, -34.5762284271231],
            [-58.7050755221241, -34.5767934806582],
            [-58.7052551231915, -34.5769613425865],
            [-58.7053644658518, -34.5770635211067],
            [-58.7057868476368, -34.5774582249143],
            [-58.7063293346191, -34.5779642326862],
            [-58.7068771365397, -34.5784793080375],
            [-58.7071408945233, -34.5787271481934],
            [-58.707400895135, -34.578857813081],
            [-58.7080532701837, -34.5794587866023],
            [-58.7085712863181, -34.5800348850365],
            [-58.7094690023083, -34.5808733326222],
            [-58.7088566767046, -34.5811104545044],
            [-58.7083737937242, -34.5814543920911],
            [-58.7074222560558, -34.5821456019672],
            [-58.7065647730993, -34.5827531351841],
            [-58.7058519361169, -34.5820468454725],
            [-58.7051009741706, -34.5813771651946],
            [-58.7043577617084, -34.5807150024931],
            [-58.7037027394525, -34.5800752940005],
            [-58.7032887332037, -34.5796749006658],
            [-58.7028743959386, -34.5792741815442],
            [-58.7020625641842, -34.5785157501483],
            [-58.7017680103184, -34.5782304642736],
            [-58.7012511738066, -34.5777298851477],
            [-58.7007662017383, -34.5772812434304],
            [-58.7003723266507, -34.5775697482646],
            [-58.69992407812, -34.5771576597134],
            [-58.6991635689932, -34.5764584870614],
            [-58.6983694500491, -34.5757283995853],
            [-58.699664150447, -34.5747328629719],
            [-58.6995705365032, -34.5746428243364],
            [-58.6994374366365, -34.5745174604619],
            [-58.6979591327002, -34.5731250423122]
          ]
        ]
      },
      "properties": {
        "objectid": 36,
        "clave": "067601209",
        "provincia": "06",
        "partido": "760",
        "localidad": "010",
        "fraccion": "12",
        "radio": "09",
        "tot_manzanas": 21,
        "barrio_codigo": 42,
        "barrio_nombre": "Bella Vista Oeste",
        "circuito": "402",
        "st_area(shape)": 506620.829742,
        "st_length(shape)": 3731.89874258488
      }
    },
    {
      "type": "Feature",
      "id": 287,
      "geometry": {
        "type": "Polygon",
        "coordinates": [
          [
            [-58.6859975000263, -34.5718791557281],
            [-58.6867281696939, -34.5713365638198],
            [-58.6874140769386, -34.5708398069858],
            [-58.6874686023387, -34.5707957516059],
            [-58.6875683045778, -34.570733302978],
            [-58.6889902910775, -34.569693993449],
            [-58.6892964048827, -34.569976703596],
            [-58.6903594379725, -34.570979612032],
            [-58.6909178482911, -34.5715038844596],
            [-58.6913150997924, -34.5718822101992],
            [-58.6914923257067, -34.5720463547866],
            [-58.6922923607751, -34.5727985528726],
            [-58.6913113260993, -34.573513632167],
            [-58.6910774359478, -34.5736825621377],
            [-58.6905673494139, -34.5740509754429],
            [-58.6901263786569, -34.5743752396387],
            [-58.6896413986986, -34.5747260705276],
            [-58.6892776779206, -34.5749880665104],
            [-58.6892239082399, -34.5749424209236],
            [-58.6884961189653, -34.5742633146294],
            [-58.6879086968151, -34.573688917354],
            [-58.6873556684539, -34.5731691951736],
            [-58.6866148896196, -34.5724626719305],
            [-58.6859975000263, -34.5718791557281]
          ]
        ]
      },
      "properties": {
        "objectid": 287,
        "clave": "067602307",
        "provincia": "06",
        "partido": "760",
        "localidad": "010",
        "fraccion": "23",
        "radio": "07",
        "tot_manzanas": 14,
        "barrio_codigo": 42,
        "barrio_nombre": "Bella Vista Oeste",
        "circuito": "401a",
        "st_area(shape)": 168638.420869015,
        "st_length(shape)": 1651.2672416897
      }
    },
    {
      "type": "Feature",
      "id": 102,
      "geometry": {
        "type": "Polygon",
        "coordinates": [
          [
            [-58.7132209274371, -34.6000313071576],
            [-58.7133653614708, -34.5999299941109],
            [-58.7133667813704, -34.5999289626044],
            [-58.7135938009192, -34.599764089972],
            [-58.7135938284857, -34.5997640695313],
            [-58.7143638774207, -34.5992018337295],
            [-58.7145536848295, -34.5990632483201],
            [-58.7149449604821, -34.598777559853],
            [-58.7162405943256, -34.597813224551],
            [-58.7178997218112, -34.5966003137506],
            [-58.7180044332818, -34.5965247982321],
            [-58.71866547638, -34.5971311465978],
            [-58.7192836256584, -34.5976919739573],
            [-58.7199091552076, -34.5982559186655],
            [-58.7204822897593, -34.598781677049],
            [-58.721100464514, -34.5993424956062],
            [-58.7212386930229, -34.5994657618399],
            [-58.7215446027375, -34.5997176717407],
            [-58.7215484589816, -34.5997204694176],
            [-58.7215481612893, -34.599720689836],
            [-58.721412639948, -34.5998207892127],
            [-58.7212610873692, -34.5999327292598],
            [-58.7176327197894, -34.6026125750696],
            [-58.7176323988974, -34.6026128141628],
            [-58.7172395076405, -34.6028961270171],
            [-58.7172394547147, -34.6028961661205],
            [-58.7138293658423, -34.6054077683273],
            [-58.713747732365, -34.6054724059251],
            [-58.713520428246, -34.6053242464728],
            [-58.7131824999248, -34.6050740169479],
            [-58.7128233890127, -34.6047947780499],
            [-58.712502659848, -34.6045517154853],
            [-58.7122188188306, -34.6043351881553],
            [-58.7118781993386, -34.6040698496019],
            [-58.7111096630539, -34.6035384502309],
            [-58.7101064389584, -34.6026732959803],
            [-58.7109268764875, -34.6017616107453],
            [-58.7109337262077, -34.6017554952781],
            [-58.711103982925, -34.6016034894928],
            [-58.711552855316, -34.601203354832],
            [-58.7115634207798, -34.6011939363229],
            [-58.7132209274371, -34.6000313071576]
          ]
        ]
      },
      "properties": {
        "objectid": 102,
        "clave": "067602911",
        "provincia": "06",
        "partido": "760",
        "localidad": "010",
        "fraccion": "29",
        "radio": "11",
        "tot_manzanas": 17,
        "barrio_codigo": 42,
        "barrio_nombre": "Bella Vista Oeste",
        "circuito": "402",
        "st_area(shape)": 471225.91075105,
        "st_length(shape)": 2894.49083985551
      }
    },
    {
      "type": "Feature",
      "id": 312,
      "geometry": {
        "type": "Polygon",
        "coordinates": [
          [
            [-58.6805034981929, -34.5736423381486],
            [-58.681115897186, -34.5742470088423],
            [-58.6827824265512, -34.5740210321318],
            [-58.6830335622404, -34.574023465667],
            [-58.684527921759, -34.5729650645815],
            [-58.6846081246889, -34.5729187797058],
            [-58.6850382132543, -34.5725944183026],
            [-58.6854844754564, -34.5722529918854],
            [-58.6855620411747, -34.572198955992],
            [-58.6859975000263, -34.5718791557281],
            [-58.6866148896196, -34.5724626719305],
            [-58.6873556684539, -34.5731691951736],
            [-58.6879086968151, -34.573688917354],
            [-58.6884961189653, -34.5742633146294],
            [-58.6892239082399, -34.5749424209236],
            [-58.6892776779206, -34.5749880665104],
            [-58.6888477342072, -34.5753034307291],
            [-58.6883737098018, -34.5756498672908],
            [-58.6882322008165, -34.5757526302882],
            [-58.6880675197435, -34.5758722203143],
            [-58.6874808343903, -34.576298260011],
            [-58.6868635256852, -34.5767468059771],
            [-58.6862781227173, -34.5772015807641],
            [-58.6856442409768, -34.5776551707262],
            [-58.6850440343873, -34.5781062943695],
            [-58.6844535129168, -34.5785821571499],
            [-58.6838253462802, -34.5790260633303],
            [-58.6829546903568, -34.5796431137478],
            [-58.6823485132922, -34.5800737289732],
            [-58.6817809644189, -34.580473210751],
            [-58.6809334116311, -34.5810650053422],
            [-58.6808331496392, -34.5811434945064],
            [-58.6806552045021, -34.5812824929971],
            [-58.6799473071866, -34.5817893715188],
            [-58.6796167800667, -34.582028530891],
            [-58.6795662485657, -34.5820631191223],
            [-58.679093344497, -34.5815283514216],
            [-58.6784725078635, -34.5808562559638],
            [-58.6780680299001, -34.580387443216],
            [-58.6777208175376, -34.579984999335],
            [-58.6775376257206, -34.5798051399339],
            [-58.6772647758594, -34.5795697158369],
            [-58.6767226724904, -34.5791023137808],
            [-58.6761503032627, -34.5786489469032],
            [-58.6759386834893, -34.5785015195398],
            [-58.6757265102327, -34.5783724753482],
            [-58.6754766288994, -34.5782581048857],
            [-58.675023882298, -34.5780755411996],
            [-58.6750238628977, -34.5780739482866],
            [-58.6749761030105, -34.5776684110103],
            [-58.676120993809, -34.5781009528893],
            [-58.6767199311088, -34.5779087115914],
            [-58.6790742107202, -34.5745954213208],
            [-58.679595049397, -34.574415202339],
            [-58.6798732212837, -34.5740598125556],
            [-58.6803289164352, -34.5734776133506],
            [-58.6805034981929, -34.5736423381486]
          ]
        ]
      },
      "properties": {
        "objectid": 312,
        "clave": "067602306",
        "provincia": "06",
        "partido": "760",
        "localidad": "010",
        "fraccion": "23",
        "radio": "06",
        "tot_manzanas": 12,
        "barrio_codigo": 42,
        "barrio_nombre": "Bella Vista Oeste",
        "circuito": "401a",
        "st_area(shape)": 641102.395699895,
        "st_length(shape)": 3734.05444197704
      }
    },
    {
      "type": "Feature",
      "id": 167,
      "geometry": {
        "type": "Polygon",
        "coordinates": [
          [
            [-58.7117794460915, -34.5354819397141],
            [-58.7118565115762, -34.5354286705093],
            [-58.7127762586026, -34.5347623437001],
            [-58.7128533921527, -34.5347045677092],
            [-58.7129084676648, -34.5346645865761],
            [-58.7139770170211, -34.5338826405988],
            [-58.714037536536, -34.5338427162729],
            [-58.714158506108, -34.5337673736511],
            [-58.7151444570287, -34.5330431363897],
            [-58.7158748087367, -34.5337133258749],
            [-58.7158908671886, -34.5337315221685],
            [-58.7147838057779, -34.5345401209374],
            [-58.713605103918, -34.5354020368321],
            [-58.7129827259028, -34.5358551765134],
            [-58.7125310156116, -34.5361884275472],
            [-58.7117794460915, -34.5354819397141]
          ]
        ]
      },
      "properties": {
        "objectid": 167,
        "clave": "067601910",
        "provincia": "06",
        "partido": "760",
        "localidad": "010",
        "fraccion": "19",
        "radio": "10",
        "tot_manzanas": 3,
        "barrio_codigo": 30,
        "barrio_nombre": "San Miguel Norte",
        "circuito": "397",
        "st_area(shape)": 42497.10650012,
        "st_length(shape)": 1029.50013599275
      }
    },
    {
      "type": "Feature",
      "id": 158,
      "geometry": {
        "type": "Polygon",
        "coordinates": [
          [
            [-58.7069454740419, -34.5621022662735],
            [-58.7073832603365, -34.5617804508482],
            [-58.7074894820477, -34.5617063746833],
            [-58.7080889362147, -34.5612544120536],
            [-58.708945398891, -34.5606542113162],
            [-58.7093202376383, -34.5603697389294],
            [-58.7100614570599, -34.5610535980295],
            [-58.7108992723778, -34.5618331154491],
            [-58.7109295821905, -34.5618654908392],
            [-58.7110695429958, -34.5619999014595],
            [-58.711178339787, -34.5621064713693],
            [-58.7111967041395, -34.5621267522219],
            [-58.7112319052008, -34.5621656257551],
            [-58.7116884293163, -34.5625895794878],
            [-58.7122416142978, -34.5631046879992],
            [-58.7132000435339, -34.5620692130594],
            [-58.7132716863066, -34.5620158862933],
            [-58.7140238480368, -34.5626998370457],
            [-58.7128665198993, -34.5635619615332],
            [-58.71277860391, -34.5636106095861],
            [-58.7127072371951, -34.5636459116117],
            [-58.711506027837, -34.5645255881796],
            [-58.7120512549397, -34.5650404044133],
            [-58.71233636933, -34.5653096121454],
            [-58.7126603402578, -34.5656284193019],
            [-58.712572352485, -34.5656815732372],
            [-58.7115405483978, -34.566348219109],
            [-58.7102627483143, -34.5672830865836],
            [-58.709694438216, -34.566745957552],
            [-58.7095352870712, -34.5665955352444],
            [-58.7093090640871, -34.5663817207284],
            [-58.7092414538534, -34.5661736916643],
            [-58.7092253212376, -34.5661600005751],
            [-58.708908186825, -34.5658817307906],
            [-58.7075120115364, -34.5645689897986],
            [-58.7080511841805, -34.5641837692627],
            [-58.7086743669951, -34.56373851715],
            [-58.7080999003608, -34.5631916205748],
            [-58.7075028411634, -34.5626481894287],
            [-58.7069454740419, -34.5621022662735]
          ]
        ]
      },
      "properties": {
        "objectid": 158,
        "clave": "067601205",
        "provincia": "06",
        "partido": "760",
        "localidad": "010",
        "fraccion": "12",
        "radio": "05",
        "tot_manzanas": 14,
        "barrio_codigo": 40,
        "barrio_nombre": "Muniz Oeste",
        "circuito": "400",
        "st_area(shape)": 231632.80587811,
        "st_length(shape)": 2485.41140477834
      }
    },
    {
      "type": "Feature",
      "id": 277,
      "geometry": {
        "type": "Polygon",
        "coordinates": [
          [
            [-58.7061411345672, -34.5440348881238],
            [-58.7068766016355, -34.5447277190136],
            [-58.7069426479192, -34.5446833501008],
            [-58.7079617442186, -34.5439414980192],
            [-58.7080279285947, -34.5438881162744],
            [-58.7087797488107, -34.544581108927],
            [-58.7077270003337, -34.5453857073593],
            [-58.7076389626985, -34.5454433644331],
            [-58.7075618851849, -34.5454966297217],
            [-58.7065096016035, -34.5462696752001],
            [-58.70575820564, -34.54554963224],
            [-58.7050279763224, -34.5448703707989],
            [-58.7061411345672, -34.5440348881238]
          ]
        ]
      },
      "properties": {
        "objectid": 277,
        "clave": "067602010",
        "provincia": "06",
        "partido": "760",
        "localidad": "010",
        "fraccion": "20",
        "radio": "10",
        "tot_manzanas": 3,
        "barrio_codigo": 30,
        "barrio_nombre": "San Miguel Norte",
        "circuito": "397",
        "st_area(shape)": 43323.341775145,
        "st_length(shape)": 971.22306623306
      }
    },
    {
      "type": "Feature",
      "id": 290,
      "geometry": {
        "type": "Polygon",
        "coordinates": [
          [
            [-58.7260256010432, -34.576260544374],
            [-58.7268741909754, -34.575638444089],
            [-58.7277391363523, -34.5764451716432],
            [-58.7277981704912, -34.5765043758779],
            [-58.727869748246, -34.5764555468495],
            [-58.7286521293707, -34.5758868268257],
            [-58.7294900610219, -34.576679740245],
            [-58.7295545444968, -34.5767390003743],
            [-58.7305538765935, -34.5776687916835],
            [-58.7296776407146, -34.5783176706758],
            [-58.7292369612646, -34.5786409845426],
            [-58.7289447556853, -34.5788553645828],
            [-58.7288620756067, -34.5789175990613],
            [-58.7279858822037, -34.5795619590813],
            [-58.7270673159149, -34.5786960842743],
            [-58.7269814529255, -34.5786095597521],
            [-58.7269277972447, -34.5785549180689],
            [-58.7260735283655, -34.5777618159045],
            [-58.7269441303009, -34.5771264256305],
            [-58.7261006336867, -34.5763424496797],
            [-58.7260256010432, -34.576260544374]
          ]
        ]
      },
      "properties": {
        "objectid": 290,
        "clave": "067602810",
        "provincia": "06",
        "partido": "760",
        "localidad": "010",
        "fraccion": "28",
        "radio": "10",
        "tot_manzanas": 7,
        "barrio_codigo": 8,
        "barrio_nombre": "Mitre",
        "circuito": "397c",
        "st_area(shape)": 96860.75335506,
        "st_length(shape)": 1416.00919059407
      }
    },
    {
      "type": "Feature",
      "id": 300,
      "geometry": {
        "type": "Polygon",
        "coordinates": [
          [
            [-58.7010541971035, -34.5374015974077],
            [-58.7019736584177, -34.5367211313606],
            [-58.7024138037233, -34.5371359314662],
            [-58.7024782379248, -34.5371952051632],
            [-58.7029183882123, -34.5376100035308],
            [-58.7036644542557, -34.5383164866094],
            [-58.7043300401375, -34.5389454939573],
            [-58.703259528297, -34.5396967676665],
            [-58.7023149010687, -34.540469941591],
            [-58.7016583530085, -34.5398410150348],
            [-58.7008798977462, -34.539116147922],
            [-58.7008262840162, -34.5390614962704],
            [-58.6999351736522, -34.5382272602957],
            [-58.7009047144408, -34.5375116118643],
            [-58.7009049447422, -34.5375114412517],
            [-58.7010541971035, -34.5374015974077]
          ]
        ]
      },
      "properties": {
        "objectid": 300,
        "clave": "067600205",
        "provincia": "06",
        "partido": "760",
        "localidad": "010",
        "fraccion": "02",
        "radio": "05",
        "tot_manzanas": 6,
        "barrio_codigo": 30,
        "barrio_nombre": "San Miguel Norte",
        "circuito": "397",
        "st_area(shape)": 81980.532618645,
        "st_length(shape)": 1161.12180039661
      }
    },
    {
      "type": "Feature",
      "id": 118,
      "geometry": {
        "type": "Polygon",
        "coordinates": [
          [
            [-58.7394581799056, -34.5551847125377],
            [-58.7407301608422, -34.5543206302878],
            [-58.7418802850326, -34.5533898444179],
            [-58.7424735797603, -34.5539262793419],
            [-58.7429907356941, -34.5544203697216],
            [-58.7435962708241, -34.5549901345367],
            [-58.7437037107391, -34.5550903911293],
            [-58.7441116179609, -34.555495697712],
            [-58.7433254335432, -34.5560608324062],
            [-58.7431917441401, -34.5561712712051],
            [-58.7424055409351, -34.5567276941317],
            [-58.7417543074519, -34.557211066061],
            [-58.741572464903, -34.5573489041101],
            [-58.7406195972444, -34.5580421448231],
            [-58.7405425281917, -34.5580954319391],
            [-58.7404942549788, -34.5580453584844],
            [-58.7399409252518, -34.5575303745346],
            [-58.7398926527228, -34.5574803008523],
            [-58.739398358549, -34.5570245129665],
            [-58.7388917099096, -34.5565429956471],
            [-58.7383184872454, -34.5560263576467],
            [-58.7394581799056, -34.5551847125377]
          ]
        ]
      },
      "properties": {
        "objectid": 118,
        "clave": "067602702",
        "provincia": "06",
        "partido": "760",
        "localidad": "010",
        "fraccion": "27",
        "radio": "02",
        "tot_manzanas": 12,
        "barrio_codigo": 13,
        "barrio_nombre": "Colibri",
        "circuito": "397a",
        "st_area(shape)": 134308.507497875,
        "st_length(shape)": 1493.54986665712
      }
    },
    {
      "type": "Feature",
      "id": 317,
      "geometry": {
        "type": "Polygon",
        "coordinates": [
          [
            [-58.7690946164833, -34.5583686521767],
            [-58.7699428416848, -34.5577372274011],
            [-58.7707821710916, -34.5571366980075],
            [-58.771649632233, -34.5565262394547],
            [-58.7721654105837, -34.5569979429244],
            [-58.7722137688022, -34.5570434980472],
            [-58.7728514225026, -34.5576310161638],
            [-58.7734236961585, -34.5581345482873],
            [-58.7739665158365, -34.5586204899709],
            [-58.7743087305227, -34.5583643666619],
            [-58.7752254414184, -34.5591791742021],
            [-58.7752293483643, -34.5591819319483],
            [-58.7750788079161, -34.559294361521],
            [-58.7741225945069, -34.5600058875368],
            [-58.7732436643373, -34.5606719825579],
            [-58.7730958510974, -34.5607748418756],
            [-58.77231482508, -34.5613390229874],
            [-58.7723111406962, -34.5613360970275],
            [-58.771393512493, -34.5605190827698],
            [-58.7708358398139, -34.5599861331322],
            [-58.7703532087449, -34.5595376150943],
            [-58.7702769246145, -34.5594667215265],
            [-58.769680353019, -34.5589153806769],
            [-58.7690946164833, -34.5583686521767]
          ]
        ]
      },
      "properties": {
        "objectid": 317,
        "clave": "067601807",
        "provincia": "06",
        "partido": "760",
        "localidad": "010",
        "fraccion": "18",
        "radio": "07",
        "tot_manzanas": 14,
        "barrio_codigo": 1,
        "barrio_nombre": "Santa Brigida",
        "circuito": "397b",
        "st_area(shape)": 144083.048856925,
        "st_length(shape)": 1594.16830792306
      }
    },
    {
      "type": "Feature",
      "id": 284,
      "geometry": {
        "type": "Polygon",
        "coordinates": [
          [
            [-58.6817809644189, -34.580473210751],
            [-58.6823485132922, -34.5800737289732],
            [-58.6829546903568, -34.5796431137478],
            [-58.6838253462802, -34.5790260633303],
            [-58.6849746693372, -34.5800885369502],
            [-58.6859036995544, -34.5809548353781],
            [-58.6858009238033, -34.5810214847787],
            [-58.685538604065, -34.5811050089429],
            [-58.6845037383287, -34.5812732544258],
            [-58.6846742237105, -34.5818654822563],
            [-58.6846195292559, -34.5818784131176],
            [-58.6845647637779, -34.58189584999],
            [-58.6845153754291, -34.5819178507027],
            [-58.6844659171174, -34.5819443583436],
            [-58.6844219058357, -34.5819709246868],
            [-58.6843833426785, -34.5819975497503],
            [-58.6843446374579, -34.5820331868719],
            [-58.6843113093395, -34.5820733887558],
            [-58.684278052212, -34.5821090845943],
            [-58.6842501721925, -34.5821493452012],
            [-58.6842219370132, -34.5822121359766],
            [-58.6834925744681, -34.5819854481375],
            [-58.6825682864272, -34.5816850269672],
            [-58.6817809644189, -34.580473210751]
          ]
        ]
      },
      "properties": {
        "objectid": 284,
        "clave": "067601306",
        "provincia": "06",
        "partido": "760",
        "localidad": "010",
        "fraccion": "13",
        "radio": "06",
        "tot_manzanas": 6,
        "barrio_codigo": 35,
        "barrio_nombre": "Obligado",
        "circuito": "402",
        "st_area(shape)": 69739.025889455,
        "st_length(shape)": 1110.05731843434
      }
    },
    {
      "type": "Feature",
      "id": 265,
      "geometry": {
        "type": "Polygon",
        "coordinates": [
          [
            [-58.6919372896218, -34.5425855714895],
            [-58.6933260585083, -34.5415458455101],
            [-58.6933921795975, -34.5414969779301],
            [-58.694158046169, -34.5409328041209],
            [-58.695017670947, -34.5402930121199],
            [-58.6959518245098, -34.5411592900994],
            [-58.6969074284868, -34.5420483241658],
            [-58.696841308943, -34.5420971936821],
            [-58.6960480100769, -34.5426746118575],
            [-58.6959985075394, -34.5427056310216],
            [-58.6951552026743, -34.5433456039013],
            [-58.6942402451532, -34.5440388873537],
            [-58.693650514785, -34.5444832604111],
            [-58.6933967725716, -34.5446878594994],
            [-58.6933416812556, -34.5447278314058],
            [-58.6932988197005, -34.5446823043484],
            [-58.6924729343424, -34.5438577274175],
            [-58.6924085035199, -34.5437984485586],
            [-58.6923547515911, -34.5437528045403],
            [-58.6914743578997, -34.5429321439818],
            [-58.6915349650156, -34.5428877251828],
            [-58.6919372896218, -34.5425855714895]
          ]
        ]
      },
      "properties": {
        "objectid": 265,
        "clave": "067600307",
        "provincia": "06",
        "partido": "760",
        "localidad": "010",
        "fraccion": "03",
        "radio": "07",
        "tot_manzanas": 8,
        "barrio_codigo": 31,
        "barrio_nombre": "Muniz Norte",
        "circuito": "400",
        "st_area(shape)": 114434.31415042,
        "st_length(shape)": 1403.69100656298
      }
    },
    {
      "type": "Feature",
      "id": 111,
      "geometry": {
        "type": "Polygon",
        "coordinates": [
          [
            [-58.7488573518164, -34.5520538758841],
            [-58.7499005828614, -34.5512916763232],
            [-58.750626907206, -34.5507447257373],
            [-58.7512017103071, -34.5512824159953],
            [-58.7514972173209, -34.551555849431],
            [-58.7517706187642, -34.5518237155086],
            [-58.7523730568291, -34.5523625166513],
            [-58.7524811966645, -34.5524700216329],
            [-58.7531707529174, -34.5531439055223],
            [-58.7530094376096, -34.5532741170073],
            [-58.752440555624, -34.5536792082157],
            [-58.7516743280334, -34.5542581943505],
            [-58.7513942178992, -34.554439183586],
            [-58.7506342492751, -34.554990257389],
            [-58.7504691013564, -34.5551057455158],
            [-58.7503754993638, -34.555172390329],
            [-58.7502679837605, -34.5550766456065],
            [-58.7495151991338, -34.5543805353155],
            [-58.7494622673614, -34.5543157504919],
            [-58.7488715209087, -34.5537508476171],
            [-58.748217319687, -34.5541497578558],
            [-58.7480719687197, -34.553992710324],
            [-58.7478253326803, -34.5537716692248],
            [-58.7472399125813, -34.5532158269287],
            [-58.7478450039087, -34.5527911256292],
            [-58.7479869985684, -34.5526864994458],
            [-58.7488573518164, -34.5520538758841]
          ]
        ]
      },
      "properties": {
        "objectid": 111,
        "clave": "067601708",
        "provincia": "06",
        "partido": "760",
        "localidad": "010",
        "fraccion": "17",
        "radio": "08",
        "tot_manzanas": 11,
        "barrio_codigo": 9,
        "barrio_nombre": "San Antonio",
        "circuito": "397b",
        "st_area(shape)": 131169.91941908,
        "st_length(shape)": 1531.55104904817
      }
    },
    {
      "type": "Feature",
      "id": 16,
      "geometry": {
        "type": "Polygon",
        "coordinates": [
          [
            [-58.685321512345, -34.551170137411],
            [-58.6853962026833, -34.55110066322],
            [-58.6865181638698, -34.550372687576],
            [-58.687304893036, -34.5497925499626],
            [-58.6873654129098, -34.549793200688],
            [-58.6874256508464, -34.5498117341409],
            [-58.6875342317803, -34.5499193455176],
            [-58.6878226718394, -34.5496847290466],
            [-58.6884559699447, -34.5502864344235],
            [-58.6898444892664, -34.5492737887515],
            [-58.6913541268193, -34.5481767961971],
            [-58.6913718757254, -34.5480868498576],
            [-58.6923225540645, -34.5489443186306],
            [-58.6923978817971, -34.5490037142478],
            [-58.6908055627073, -34.5501629285108],
            [-58.6894060776542, -34.5511799740462],
            [-58.6895832560496, -34.5513441217559],
            [-58.6887977579101, -34.5519061066234],
            [-58.6881117924682, -34.5523960669304],
            [-58.6872759025377, -34.5529886125382],
            [-58.687128908891, -34.5528812115843],
            [-58.6863876489019, -34.5521636256013],
            [-58.6858237920569, -34.5516013131469],
            [-58.6856053773972, -34.5514158359835],
            [-58.685321512345, -34.551170137411]
          ]
        ]
      },
      "properties": {
        "objectid": 16,
        "clave": "067600507",
        "provincia": "06",
        "partido": "760",
        "localidad": "010",
        "fraccion": "05",
        "radio": "07",
        "tot_manzanas": 4,
        "barrio_codigo": 41,
        "barrio_nombre": "Bella Vista Norte",
        "circuito": "401a",
        "st_area(shape)": 122170.90461302,
        "st_length(shape)": 1833.68514519442
      }
    },
    {
      "type": "Feature",
      "id": 207,
      "geometry": {
        "type": "Polygon",
        "coordinates": [
          [
            [-58.7228879470516, -34.5441345975379],
            [-58.7240997690867, -34.5432458984709],
            [-58.7242540369287, -34.5431303322853],
            [-58.7252342268754, -34.5424284889165],
            [-58.7262309432432, -34.5417132892487],
            [-58.7263350278039, -34.5416738133526],
            [-58.7270921553669, -34.5423847768618],
            [-58.727811860433, -34.5430502781589],
            [-58.727865494651, -34.5431049192738],
            [-58.7285798359056, -34.5437658533673],
            [-58.728870852332, -34.544037700369],
            [-58.7301265114398, -34.5452106207188],
            [-58.7300108478035, -34.5452950470121],
            [-58.7291279967534, -34.5459313187415],
            [-58.7281937679974, -34.5465876242637],
            [-58.728105673055, -34.5466498025006],
            [-58.7272630463503, -34.5472584593051],
            [-58.7266951215642, -34.5476656275033],
            [-58.7256603380662, -34.5484180265264],
            [-58.7256382790407, -34.5484358236762],
            [-58.7245697825256, -34.5492088559363],
            [-58.723785869449, -34.5484660482145],
            [-58.7229750833821, -34.5477004210979],
            [-58.7226905093348, -34.5474315408957],
            [-58.7221825700498, -34.5469868663891],
            [-58.7211868721732, -34.5460276923721],
            [-58.7222248061662, -34.5452525215759],
            [-58.7223491763668, -34.5451745485255],
            [-58.7232799813188, -34.5444992449531],
            [-58.7230544255111, -34.5442895718005],
            [-58.7228879470516, -34.5441345975379]
          ]
        ]
      },
      "properties": {
        "objectid": 207,
        "clave": "067602509",
        "provincia": "06",
        "partido": "760",
        "localidad": "010",
        "fraccion": "25",
        "radio": "09",
        "tot_manzanas": 22,
        "barrio_codigo": 26,
        "barrio_nombre": "El Tato",
        "circuito": "397",
        "st_area(shape)": 341305.223764255,
        "st_length(shape)": 2399.68330604325
      }
    },
    {
      "type": "Feature",
      "id": 62,
      "geometry": {
        "type": "Polygon",
        "coordinates": [
          [
            [-58.7312624967779, -34.5754993639147],
            [-58.732127588471, -34.5748638784056],
            [-58.7331052745503, -34.575784410605],
            [-58.7335846359049, -34.575433346586],
            [-58.7341856882844, -34.5749911905192],
            [-58.7342512679596, -34.5749490178647],
            [-58.7348848643279, -34.5744868771235],
            [-58.73656912594, -34.5759962082274],
            [-58.7358508987806, -34.5765384805691],
            [-58.7353163783248, -34.5769340511528],
            [-58.73524480438, -34.576982883731],
            [-58.7357929873505, -34.5774843147423],
            [-58.734422208871, -34.5784500167798],
            [-58.7339059269296, -34.5779605031499],
            [-58.7338575100034, -34.5779194393179],
            [-58.7333471415913, -34.5774307562806],
            [-58.7328204121645, -34.5769622415102],
            [-58.7322401108035, -34.5764244090195],
            [-58.7312624967779, -34.5754993639147]
          ]
        ]
      },
      "properties": {
        "objectid": 62,
        "clave": "067603006",
        "provincia": "06",
        "partido": "760",
        "localidad": "010",
        "fraccion": "30",
        "radio": "06",
        "tot_manzanas": 7,
        "barrio_codigo": 6,
        "barrio_nombre": "La Guarida",
        "circuito": "397c",
        "st_area(shape)": 101252.889344545,
        "st_length(shape)": 1528.94766534479
      }
    },
    {
      "type": "Feature",
      "id": 123,
      "geometry": {
        "type": "Polygon",
        "coordinates": [
          [
            [-58.688299620251, -34.5876886932912],
            [-58.6896458904883, -34.586749740547],
            [-58.6909647353406, -34.5857779255996],
            [-58.6914805828959, -34.5862764439824],
            [-58.6920730342077, -34.5867988264179],
            [-58.6926423139505, -34.5873322220647],
            [-58.6931310015988, -34.587792643125],
            [-58.6932007743941, -34.5878609924241],
            [-58.691866970957, -34.5888201671207],
            [-58.6904742176575, -34.5897697742156],
            [-58.6899268866875, -34.5892449851198],
            [-58.689365177255, -34.5886997693839],
            [-58.6888717480788, -34.5882430961889],
            [-58.688299620251, -34.5876886932912]
          ]
        ]
      },
      "properties": {
        "objectid": 123,
        "clave": "067602906",
        "provincia": "06",
        "partido": "760",
        "localidad": "010",
        "fraccion": "29",
        "radio": "06",
        "tot_manzanas": 8,
        "barrio_codigo": 35,
        "barrio_nombre": "Obligado",
        "circuito": "402",
        "st_area(shape)": 100028.52879214,
        "st_length(shape)": 1265.79317157745
      }
    },
    {
      "type": "Feature",
      "id": 126,
      "geometry": {
        "type": "Polygon",
        "coordinates": [
          [
            [-58.766163981744, -34.551405961342],
            [-58.7672135120648, -34.5506451257768],
            [-58.7681734991082, -34.5499434027132],
            [-58.7690614016538, -34.550762694762],
            [-58.7696534253032, -34.551307221675],
            [-58.7702183073512, -34.5518289821367],
            [-58.7707970310773, -34.5523615660942],
            [-58.7713749528744, -34.5528920607035],
            [-58.7719518048126, -34.5534246826183],
            [-58.7719516386206, -34.5534247972239],
            [-58.7709430313079, -34.5541819849595],
            [-58.7699228270557, -34.554932116539],
            [-58.7693314466479, -34.5543883329394],
            [-58.7687700212852, -34.553855693972],
            [-58.7681617003912, -34.5532890201841],
            [-58.7676029121559, -34.5527650908839],
            [-58.7670572655006, -34.5522638820388],
            [-58.766163981744, -34.551405961342]
          ]
        ]
      },
      "properties": {
        "objectid": 126,
        "clave": "067601801",
        "provincia": "06",
        "partido": "760",
        "localidad": "010",
        "fraccion": "18",
        "radio": "01",
        "tot_manzanas": 12,
        "barrio_codigo": 1,
        "barrio_nombre": "Santa Brigida",
        "circuito": "397b",
        "st_area(shape)": 129432.46361119,
        "st_length(shape)": 1536.79730213274
      }
    },
    {
      "type": "Feature",
      "id": 326,
      "geometry": {
        "type": "Polygon",
        "coordinates": [
          [
            [-58.7336850373265, -34.5485283090888],
            [-58.7344900960631, -34.5479515594611],
            [-58.7356687488543, -34.5489772769446],
            [-58.7364618435176, -34.5483995980338],
            [-58.7365332544391, -34.54835977536],
            [-58.73691999197, -34.5487198179631],
            [-58.7373066636565, -34.5490843655359],
            [-58.7376718944064, -34.5494261568208],
            [-58.7382519135375, -34.5499729738757],
            [-58.7374036726682, -34.5505951634059],
            [-58.7368083402195, -34.5510275860935],
            [-58.7366042890867, -34.551175798079],
            [-58.7360080198831, -34.5506235735195],
            [-58.7354503103966, -34.550137591569],
            [-58.7348414732214, -34.54958013396],
            [-58.7342325328706, -34.5490300211686],
            [-58.7336850373265, -34.5485283090888]
          ]
        ]
      },
      "properties": {
        "objectid": 326,
        "clave": "067601107",
        "provincia": "06",
        "partido": "760",
        "localidad": "010",
        "fraccion": "11",
        "radio": "07",
        "tot_manzanas": 5,
        "barrio_codigo": 16,
        "barrio_nombre": "La Manuelita",
        "circuito": "397a",
        "st_area(shape)": 64557.826607945,
        "st_length(shape)": 1197.64819782528
      }
    },
    {
      "type": "Feature",
      "id": 99,
      "geometry": {
        "type": "Polygon",
        "coordinates": [
          [
            [-58.7149047765497, -34.5401343859503],
            [-58.7159733804726, -34.5393524243382],
            [-58.7167035147127, -34.5400406340512],
            [-58.7168000811343, -34.5401362928315],
            [-58.7166954409495, -34.540211809545],
            [-58.7158803727937, -34.5407981426458],
            [-58.7157315447582, -34.5409137554204],
            [-58.7143213427729, -34.5419490073831],
            [-58.714227450711, -34.5420336487807],
            [-58.7128782942635, -34.5429929108022],
            [-58.7123520461077, -34.5425051302533],
            [-58.7120460877373, -34.542213464958],
            [-58.7134836880668, -34.541169514712],
            [-58.7142768544805, -34.5405919800627],
            [-58.7149047765497, -34.5401343859503]
          ]
        ]
      },
      "properties": {
        "objectid": 99,
        "clave": "067602013",
        "provincia": "06",
        "partido": "760",
        "localidad": "010",
        "fraccion": "20",
        "radio": "13",
        "tot_manzanas": 3,
        "barrio_codigo": 30,
        "barrio_nombre": "San Miguel Norte",
        "circuito": "397",
        "st_area(shape)": 55525.9157252,
        "st_length(shape)": 1191.00966307854
      }
    },
    {
      "type": "Feature",
      "id": 41,
      "geometry": {
        "type": "Polygon",
        "coordinates": [
          [
            [-58.7497593475396, -34.5726841929274],
            [-58.7506076601489, -34.5720664296466],
            [-58.7509117342193, -34.5718274123867],
            [-58.7515118456407, -34.5723728946537],
            [-58.75203823207, -34.572874183156],
            [-58.7526121586599, -34.5734157724381],
            [-58.7514967803257, -34.5741847294077],
            [-58.7514306668175, -34.5742336284002],
            [-58.7506153605739, -34.5748292015692],
            [-58.7501306244145, -34.575180278366],
            [-58.7488746760706, -34.576091310371],
            [-58.7488304851163, -34.5761314189515],
            [-58.7487821967461, -34.5760813485854],
            [-58.7482766476207, -34.5756390013253],
            [-58.7482282923098, -34.5755934369027],
            [-58.7477841442683, -34.5751793155177],
            [-58.7490233575509, -34.5741684153619],
            [-58.7484537286131, -34.5736397818797],
            [-58.7484978508515, -34.5736041795501],
            [-58.7497593475396, -34.5726841929274]
          ]
        ]
      },
      "properties": {
        "objectid": 41,
        "clave": "067603305",
        "provincia": "06",
        "partido": "760",
        "localidad": "010",
        "fraccion": "33",
        "radio": "05",
        "tot_manzanas": 8,
        "barrio_codigo": 4,
        "barrio_nombre": "Los Paraisos",
        "circuito": "397c",
        "st_area(shape)": 93266.95712638,
        "st_length(shape)": 1378.3944719429
      }
    },
    {
      "type": "Feature",
      "id": 206,
      "geometry": {
        "type": "Polygon",
        "coordinates": [
          [
            [-58.7193431315469, -34.5490504824238],
            [-58.7207677824809, -34.5479869000541],
            [-58.7221825700498, -34.5469868663891],
            [-58.7226905093348, -34.5474315408957],
            [-58.7229750833821, -34.5477004210979],
            [-58.723785869449, -34.5484660482145],
            [-58.7245697825256, -34.5492088559363],
            [-58.7233194783894, -34.5501151828679],
            [-58.7231939425596, -34.5502114748347],
            [-58.7217489948436, -34.5512975681428],
            [-58.720948955691, -34.5505410531142],
            [-58.7201648564166, -34.5498117420051],
            [-58.7200626220872, -34.5497295469729],
            [-58.7193431315469, -34.5490504824238]
          ]
        ]
      },
      "properties": {
        "objectid": 206,
        "clave": "067602508",
        "provincia": "06",
        "partido": "760",
        "localidad": "010",
        "fraccion": "25",
        "radio": "08",
        "tot_manzanas": 6,
        "barrio_codigo": 39,
        "barrio_nombre": "San Miguel Oeste",
        "circuito": "397",
        "st_area(shape)": 115515.261141085,
        "st_length(shape)": 1357.51037499076
      }
    },
    {
      "type": "Feature",
      "id": 46,
      "geometry": {
        "type": "Polygon",
        "coordinates": [
          [
            [-58.6901669571616, -34.5773456561771],
            [-58.6910764498653, -34.5766793947751],
            [-58.6915119110964, -34.5763595751],
            [-58.6927355721484, -34.5754623148027],
            [-58.6928181348494, -34.5754091174208],
            [-58.6928786948719, -34.5753692047588],
            [-58.6943006970819, -34.5743298352965],
            [-58.6955738199092, -34.5734015269872],
            [-58.6964543540179, -34.5742356803326],
            [-58.6952582704082, -34.5751152463772],
            [-58.6951977820881, -34.5751506541915],
            [-58.6958488205086, -34.5760274261089],
            [-58.6963377738317, -34.5768168347208],
            [-58.6964453017965, -34.5769694717134],
            [-58.6965384970355, -34.5771002335946],
            [-58.695570920905, -34.5777819262204],
            [-58.6949466399881, -34.5782217452172],
            [-58.6943249442322, -34.5786597344676],
            [-58.6937024265557, -34.5790982948247],
            [-58.6931587569704, -34.5794812998852],
            [-58.6930280080491, -34.5795032205913],
            [-58.6928272833845, -34.5795368727895],
            [-58.6923981168149, -34.5795544458262],
            [-58.692095412512, -34.579484688705],
            [-58.6919106930925, -34.5794239671093],
            [-58.6921064937172, -34.5792776547372],
            [-58.6922139320266, -34.5791973708209],
            [-58.692192281257, -34.5791881251833],
            [-58.6919231306697, -34.57897932624],
            [-58.6918541486361, -34.5788912908422],
            [-58.6912569076869, -34.5783758866426],
            [-58.6906877668714, -34.5778379793025],
            [-58.690478338097, -34.5776419403614],
            [-58.6901669571616, -34.5773456561771]
          ]
        ]
      },
      "properties": {
        "objectid": 46,
        "clave": "067601302",
        "provincia": "06",
        "partido": "760",
        "localidad": "010",
        "fraccion": "13",
        "radio": "02",
        "tot_manzanas": 16,
        "barrio_codigo": 35,
        "barrio_nombre": "Obligado",
        "circuito": "402",
        "st_area(shape)": 197346.15856313,
        "st_length(shape)": 2028.51398599721
      }
    },
    {
      "type": "Feature",
      "id": 224,
      "geometry": {
        "type": "Polygon",
        "coordinates": [
          [
            [-58.7161101845266, -34.5882244648971],
            [-58.7178641334368, -34.5869146636949],
            [-58.7184434847662, -34.5865014928889],
            [-58.7183332433092, -34.5873662284621],
            [-58.7184285364441, -34.587457956111],
            [-58.7185385173111, -34.5875605362226],
            [-58.7197341182273, -34.5886756608125],
            [-58.7201624671564, -34.5890751671631],
            [-58.7202108143616, -34.5891207424448],
            [-58.720275231318, -34.5891845135215],
            [-58.7219301862468, -34.5906842494595],
            [-58.7223220860858, -34.5907237151664],
            [-58.7234325218196, -34.59083553156],
            [-58.7235482640738, -34.5909006815739],
            [-58.7234137627033, -34.5909930739945],
            [-58.7209821282073, -34.592741913617],
            [-58.720924308554, -34.5927021243403],
            [-58.7198371138573, -34.5916912069655],
            [-58.7186731805212, -34.5905963595061],
            [-58.7184831774793, -34.590345067721],
            [-58.7167922163475, -34.5901704457055],
            [-58.7165886872275, -34.5901494260713],
            [-58.7167464872892, -34.5900803629711],
            [-58.7170959930495, -34.5896784255736],
            [-58.7172976879657, -34.5893200006497],
            [-58.717198396441, -34.5892284004562],
            [-58.7161101845266, -34.5882244648971]
          ]
        ]
      },
      "properties": {
        "objectid": 224,
        "clave": "067603201",
        "provincia": "06",
        "partido": "760",
        "localidad": "010",
        "fraccion": "32",
        "radio": "01",
        "tot_manzanas": 5,
        "barrio_codigo": 38,
        "barrio_nombre": "Parque La Luz",
        "circuito": "402",
        "st_area(shape)": 161049.07635462,
        "st_length(shape)": 2146.64445789756
      }
    },
    {
      "type": "Feature",
      "id": 157,
      "geometry": {
        "type": "Polygon",
        "coordinates": [
          [
            [-58.7307134010729, -34.5384363885405],
            [-58.7311645143312, -34.5381097434847],
            [-58.7316987728361, -34.5377158048911],
            [-58.7318822627806, -34.5375730196559],
            [-58.7326419689924, -34.5382936442083],
            [-58.7333427725058, -34.5389209180636],
            [-58.7333802762848, -34.5389618688782],
            [-58.7340273923519, -34.5396048760351],
            [-58.734913320232, -34.5403834041957],
            [-58.7357054460404, -34.5411492567497],
            [-58.7351932118695, -34.5415270349096],
            [-58.7348572795246, -34.5417714310236],
            [-58.7338054264247, -34.5425357056743],
            [-58.7335025686977, -34.5427534006641],
            [-58.7326959789507, -34.542003459002],
            [-58.7320740406476, -34.5414180661012],
            [-58.7319398934558, -34.5412938682464],
            [-58.73192905961, -34.5412813555549],
            [-58.7311674175166, -34.5405569090585],
            [-58.7310860713268, -34.5404838980481],
            [-58.7304586433382, -34.5399152424635],
            [-58.7296838325138, -34.5391877484081],
            [-58.7300944898526, -34.538889086973],
            [-58.7307134010729, -34.5384363885405]
          ]
        ]
      },
      "properties": {
        "objectid": 157,
        "clave": "067602511",
        "provincia": "06",
        "partido": "760",
        "localidad": "010",
        "fraccion": "25",
        "radio": "11",
        "tot_manzanas": 12,
        "barrio_codigo": 25,
        "barrio_nombre": "Santa Anita",
        "circuito": "397",
        "st_area(shape)": 142617.20091205,
        "st_length(shape)": 1597.86205020086
      }
    },
    {
      "type": "Feature",
      "id": 53,
      "geometry": {
        "type": "Polygon",
        "coordinates": [
          [
            [-58.7295545444968, -34.5767390003743],
            [-58.7303423640047, -34.5761703251438],
            [-58.7304140085309, -34.5761169893607],
            [-58.730463655977, -34.5760769443148],
            [-58.7312624967779, -34.5754993639147],
            [-58.7322401108035, -34.5764244090195],
            [-58.7328204121645, -34.5769622415102],
            [-58.7333471415913, -34.5774307562806],
            [-58.7338575100034, -34.5779194393179],
            [-58.7339059269296, -34.5779605031499],
            [-58.734422208871, -34.5784500167798],
            [-58.7331603976146, -34.5794037643004],
            [-58.7326549768042, -34.5788915148728],
            [-58.7320637760474, -34.5783960588058],
            [-58.7315367393943, -34.5778908326279],
            [-58.7309671991531, -34.5773621196977],
            [-58.7305538765935, -34.5776687916835],
            [-58.7295545444968, -34.5767390003743]
          ]
        ]
      },
      "properties": {
        "objectid": 53,
        "clave": "067603007",
        "provincia": "06",
        "partido": "760",
        "localidad": "010",
        "fraccion": "30",
        "radio": "07",
        "tot_manzanas": 6,
        "barrio_codigo": 6,
        "barrio_nombre": "La Guarida",
        "circuito": "397c",
        "st_area(shape)": 75813.46899443,
        "st_length(shape)": 1294.96270196664
      }
    },
    {
      "type": "Feature",
      "id": 32,
      "geometry": {
        "type": "Polygon",
        "coordinates": [
          [
            [-58.7304895077643, -34.581369160771],
            [-58.7305415485305, -34.5813462314645],
            [-58.7317998490882, -34.5803751999361],
            [-58.7331603976146, -34.5794037643004],
            [-58.7336752347985, -34.579878017614],
            [-58.7337182046151, -34.579919024997],
            [-58.7341964591005, -34.5803611486019],
            [-58.7342555005999, -34.5804203498367],
            [-58.7343216288874, -34.5803714605253],
            [-58.7355334707127, -34.5794342706262],
            [-58.7356037409805, -34.5795464815899],
            [-58.7361269436391, -34.5802594726611],
            [-58.7361699148782, -34.5803004792089],
            [-58.7350735132648, -34.5810958411919],
            [-58.7350183484206, -34.5811403377155],
            [-58.7336901588789, -34.582127077786],
            [-58.7323667666796, -34.5831229438923],
            [-58.7316062584667, -34.582375583224],
            [-58.7310607015518, -34.581875166029],
            [-58.7304895077643, -34.581369160771]
          ]
        ]
      },
      "properties": {
        "objectid": 32,
        "clave": "067601403",
        "provincia": "06",
        "partido": "760",
        "localidad": "010",
        "fraccion": "14",
        "radio": "03",
        "tot_manzanas": 7,
        "barrio_codigo": 6,
        "barrio_nombre": "La Guarida",
        "circuito": "397c",
        "st_area(shape)": 100897.27882292,
        "st_length(shape)": 1481.18348550884
      }
    },
    {
      "type": "Feature",
      "id": 318,
      "geometry": {
        "type": "Polygon",
        "coordinates": [
          [
            [-58.7611373413745, -34.5585153613055],
            [-58.7611468047318, -34.5584970062362],
            [-58.761159887868, -34.5584802409675],
            [-58.7611714985997, -34.5584693115684],
            [-58.761171554825, -34.5584692670703],
            [-58.7611847165812, -34.5584596171356],
            [-58.7611847771639, -34.5584595726817],
            [-58.7611993617488, -34.5584513243981],
            [-58.7612094201334, -34.558446772682],
            [-58.7612303518815, -34.5584398723616],
            [-58.761243107129, -34.5584371372362],
            [-58.7612432053981, -34.5584371229101],
            [-58.7612563110947, -34.5584353684281],
            [-58.7627547943795, -34.5573128734146],
            [-58.7630613994209, -34.5570818009855],
            [-58.7636363923054, -34.5576149276929],
            [-58.7638168395223, -34.5577811729148],
            [-58.7641939612455, -34.5581286111797],
            [-58.7642276005852, -34.558157230522],
            [-58.764446876427, -34.558360373527],
            [-58.7648079895318, -34.5586949141823],
            [-58.7653884525165, -34.5592280890016],
            [-58.7650175629689, -34.5595006055696],
            [-58.7646978876487, -34.5597354895233],
            [-58.7645469061162, -34.5598431358961],
            [-58.7640996963857, -34.5601750086444],
            [-58.7628107776611, -34.5611309262866],
            [-58.7616015141362, -34.5600189907565],
            [-58.7614134118272, -34.5598458214143],
            [-58.7613974052407, -34.5598231246739],
            [-58.7613227524896, -34.5597142024006],
            [-58.7612779678027, -34.5596306756016],
            [-58.7612117102042, -34.5594877331984],
            [-58.7611992235359, -34.5594472132479],
            [-58.7611871537782, -34.5594080423756],
            [-58.7611867379686, -34.5594066933072],
            [-58.7611553362062, -34.5592482972179],
            [-58.7611407997759, -34.5591264652215],
            [-58.7611830212451, -34.5586434710535],
            [-58.7611653537034, -34.5586294259318],
            [-58.7611508679739, -34.558613075838],
            [-58.7611399980696, -34.558594909215],
            [-58.7611330650103, -34.5585754665404],
            [-58.7611302770231, -34.5585553268067],
            [-58.7611317167111, -34.5585350911672],
            [-58.7611373413745, -34.5585153613055]
          ]
        ]
      },
      "properties": {
        "objectid": 318,
        "clave": "067603506",
        "provincia": "06",
        "partido": "760",
        "localidad": "010",
        "fraccion": "35",
        "radio": "06",
        "tot_manzanas": 9,
        "barrio_codigo": 1,
        "barrio_nombre": "Santa Brigida",
        "circuito": "397b",
        "st_area(shape)": 97061.731200625,
        "st_length(shape)": 1221.33187100933
      }
    },
    {
      "type": "Feature",
      "id": 275,
      "geometry": {
        "type": "Polygon",
        "coordinates": [
          [
            [-58.7479082420309, -34.5569633694027],
            [-58.7485801567796, -34.5564745065603],
            [-58.7491410791467, -34.5560480637934],
            [-58.7497641920487, -34.555616816415],
            [-58.7501331554099, -34.5553501829121],
            [-58.7506113622869, -34.555792242757],
            [-58.7511917129515, -34.5563254829495],
            [-58.7521268384122, -34.5571778278719],
            [-58.7506561141945, -34.5582783047472],
            [-58.7487971216551, -34.5596431873635],
            [-58.7470153020468, -34.5609292480939],
            [-58.7469326521446, -34.5609914947622],
            [-58.7460140153198, -34.5601302672326],
            [-58.7459656699829, -34.560084702022],
            [-58.7449395386207, -34.5591277181878],
            [-58.7450220527173, -34.5590744842614],
            [-58.7458317935409, -34.5584788894248],
            [-58.7466485313904, -34.5579108346714],
            [-58.7472807829932, -34.5574638706574],
            [-58.7479082420309, -34.5569633694027]
          ]
        ]
      },
      "properties": {
        "objectid": 275,
        "clave": "067603406",
        "provincia": "06",
        "partido": "760",
        "localidad": "010",
        "fraccion": "34",
        "radio": "06",
        "tot_manzanas": 6,
        "barrio_codigo": 7,
        "barrio_nombre": "Sarmiento",
        "circuito": "397b",
        "st_area(shape)": 175064.589637625,
        "st_length(shape)": 1821.66792792221
      }
    },
    {
      "type": "Feature",
      "id": 247,
      "geometry": {
        "type": "Polygon",
        "coordinates": [
          [
            [-58.7243008693438, -34.5775224641265],
            [-58.7243614852219, -34.5774780303428],
            [-58.7251494848595, -34.57690037743],
            [-58.7260256010432, -34.576260544374],
            [-58.7261006336867, -34.5763424496797],
            [-58.7269441303009, -34.5771264256305],
            [-58.7260735283655, -34.5777618159045],
            [-58.7269277972447, -34.5785549180689],
            [-58.7269814529255, -34.5786095597521],
            [-58.7270673159149, -34.5786960842743],
            [-58.7279858822037, -34.5795619590813],
            [-58.7271627762682, -34.5801482396598],
            [-58.7261490756524, -34.5792211193561],
            [-58.7252335505372, -34.5783786116867],
            [-58.7243008693438, -34.5775224641265]
          ]
        ]
      },
      "properties": {
        "objectid": 247,
        "clave": "067602809",
        "provincia": "06",
        "partido": "760",
        "localidad": "010",
        "fraccion": "28",
        "radio": "09",
        "tot_manzanas": 4,
        "barrio_codigo": 8,
        "barrio_nombre": "Mitre",
        "circuito": "397c",
        "st_area(shape)": 53812.59582952,
        "st_length(shape)": 1203.52784166058
      }
    },
    {
      "type": "Feature",
      "id": 260,
      "geometry": {
        "type": "Polygon",
        "coordinates": [
          [
            [-58.695017670947, -34.5402930121199],
            [-58.6951002659932, -34.5402353059781],
            [-58.6958221947605, -34.5396931859494],
            [-58.6965661064602, -34.5391377765484],
            [-58.6973761949491, -34.5385289854822],
            [-58.6974533412933, -34.5384712195627],
            [-58.6981754501063, -34.5379155673984],
            [-58.6990606732433, -34.5387767934329],
            [-58.6991197309734, -34.5388315047493],
            [-58.7000589373145, -34.5397248466787],
            [-58.699337246309, -34.5402534741056],
            [-58.6992767152719, -34.5402933908406],
            [-58.6992108088169, -34.5403287434372],
            [-58.6984614577945, -34.5408841109584],
            [-58.6977065109097, -34.5414484286034],
            [-58.6969956813869, -34.5419771575356],
            [-58.6969074284868, -34.5420483241658],
            [-58.6959518245098, -34.5411592900994],
            [-58.695017670947, -34.5402930121199]
          ]
        ]
      },
      "properties": {
        "objectid": 260,
        "clave": "067600302",
        "provincia": "06",
        "partido": "760",
        "localidad": "010",
        "fraccion": "03",
        "radio": "02",
        "tot_manzanas": 8,
        "barrio_codigo": 31,
        "barrio_nombre": "Muniz Norte",
        "circuito": "400",
        "st_area(shape)": 101734.208150425,
        "st_length(shape)": 1305.40875272261
      }
    },
    {
      "type": "Feature",
      "id": 308,
      "geometry": {
        "type": "Polygon",
        "coordinates": [
          [
            [-58.6993086250636, -34.5342425108577],
            [-58.6999107876039, -34.5337962218259],
            [-58.700618801075, -34.5332731255552],
            [-58.7008998726335, -34.5330707463702],
            [-58.7010947600468, -34.5329249941109],
            [-58.7011978470348, -34.5328461238369],
            [-58.7014114971191, -34.5326826631124],
            [-58.7014165545423, -34.5326845322534],
            [-58.7015302934321, -34.53268378488],
            [-58.7018852931985, -34.5324273438236],
            [-58.702177257558, -34.5330772645392],
            [-58.7023812999235, -34.5332642137214],
            [-58.7033048459327, -34.5341122962248],
            [-58.7043035242368, -34.5350332786653],
            [-58.7047491877264, -34.5354436221965],
            [-58.7048082469869, -34.535498330821],
            [-58.703784062055, -34.5362220770304],
            [-58.7030790401392, -34.5367328770856],
            [-58.7024782379248, -34.5371952051632],
            [-58.7024138037233, -34.5371359314662],
            [-58.7019736584177, -34.5367211313606],
            [-58.7009557898125, -34.5357770384457],
            [-58.7000262297334, -34.5349039650952],
            [-58.6993536760049, -34.5342956153491],
            [-58.6993086250636, -34.5342425108577]
          ]
        ]
      },
      "properties": {
        "objectid": 308,
        "clave": "067600202",
        "provincia": "06",
        "partido": "760",
        "localidad": "010",
        "fraccion": "02",
        "radio": "02",
        "tot_manzanas": 12,
        "barrio_codigo": 30,
        "barrio_nombre": "San Miguel Norte",
        "circuito": "397",
        "st_area(shape)": 125109.03709753,
        "st_length(shape)": 1475.00581748035
      }
    },
    {
      "type": "Feature",
      "id": 183,
      "geometry": {
        "type": "Polygon",
        "coordinates": [
          [
            [-58.7136032407624, -34.5528660125224],
            [-58.7136637744923, -34.5528260888139],
            [-58.7145671578821, -34.5521731005023],
            [-58.7147220087263, -34.552021498281],
            [-58.7147439323819, -34.5520127154113],
            [-58.7148041877625, -34.5519908155549],
            [-58.7148643738179, -34.5519734217803],
            [-58.7149299368175, -34.5519605914179],
            [-58.7149954305107, -34.5519522671324],
            [-58.7150608549081, -34.5519484489243],
            [-58.7151316562797, -34.5519491941148],
            [-58.7151969421178, -34.5519543880594],
            [-58.7152621576028, -34.551964088071],
            [-58.7153272356541, -34.551982800286],
            [-58.7153597746911, -34.5519921563807],
            [-58.7160263177145, -34.5515079244892],
            [-58.7161144958265, -34.5514412492169],
            [-58.7169147050119, -34.552184275782],
            [-58.7173431091814, -34.5526027429114],
            [-58.7175149058971, -34.552770552875],
            [-58.7180597334622, -34.5532841541385],
            [-58.7184930359906, -34.5536926166675],
            [-58.7177494094911, -34.5542301352056],
            [-58.7174098613749, -34.554482109771],
            [-58.7170167366271, -34.5547632573333],
            [-58.7165540454291, -34.5550964058561],
            [-58.7163006004868, -34.5552830273806],
            [-58.7162793683842, -34.5552467493851],
            [-58.7161019886726, -34.5550916522855],
            [-58.7153141043618, -34.5544036939814],
            [-58.7142773330652, -34.5534952066074],
            [-58.7136032407624, -34.5528660125224]
          ]
        ]
      },
      "properties": {
        "objectid": 183,
        "clave": "067600807",
        "provincia": "06",
        "partido": "760",
        "localidad": "010",
        "fraccion": "08",
        "radio": "07",
        "tot_manzanas": 9,
        "barrio_codigo": 39,
        "barrio_nombre": "San Miguel Oeste",
        "circuito": "397",
        "st_area(shape)": 96159.87646149,
        "st_length(shape)": 1256.83138928555
      }
    },
    {
      "type": "Feature",
      "id": 100,
      "geometry": {
        "type": "Polygon",
        "coordinates": [
          [
            [-58.7421635632026, -34.5611452522397],
            [-58.7422296724621, -34.5610963580691],
            [-58.7430832977613, -34.5604832068753],
            [-58.7439977752813, -34.5598075796864],
            [-58.7448570244196, -34.5591809520557],
            [-58.7449395386207, -34.5591277181878],
            [-58.7459656699829, -34.560084702022],
            [-58.7460140153198, -34.5601302672326],
            [-58.7469326521446, -34.5609914947622],
            [-58.7477975810805, -34.5618025900174],
            [-58.7478620667041, -34.5618618406466],
            [-58.7460191393261, -34.563202366812],
            [-58.7441821088371, -34.5645777168414],
            [-58.7441229354925, -34.5645275326588],
            [-58.7432471882112, -34.5637117944482],
            [-58.7423875966491, -34.5629097370508],
            [-58.7423230463739, -34.5628549897584],
            [-58.7422745658787, -34.5628184354199],
            [-58.741216238735, -34.5618295410783],
            [-58.7421635632026, -34.5611452522397]
          ]
        ]
      },
      "properties": {
        "objectid": 100,
        "clave": "067603405",
        "provincia": "06",
        "partido": "760",
        "localidad": "010",
        "fraccion": "34",
        "radio": "05",
        "tot_manzanas": 7,
        "barrio_codigo": 7,
        "barrio_nombre": "Sarmiento",
        "circuito": "397b",
        "st_area(shape)": 184226.064542745,
        "st_length(shape)": 1721.02561868376
      }
    },
    {
      "type": "Feature",
      "id": 313,
      "geometry": {
        "type": "Polygon",
        "coordinates": [
          [
            [-58.7303330057782, -34.532928942688],
            [-58.7310424034657, -34.5324276826335],
            [-58.7317713749257, -34.5319279943979],
            [-58.7323827343629, -34.5314746427115],
            [-58.7329940189266, -34.5310257939447],
            [-58.7336019261186, -34.5305786619583],
            [-58.733602123216, -34.5305785206839],
            [-58.7336054822529, -34.5305816796802],
            [-58.7342250570543, -34.531157804079],
            [-58.7345142112634, -34.53142250672],
            [-58.7347843244188, -34.5316753214877],
            [-58.7347841404432, -34.5316754592945],
            [-58.7341591580231, -34.5321317637086],
            [-58.7335508401965, -34.5325799810631],
            [-58.7329293865469, -34.5330316653718],
            [-58.732264057634, -34.5335555794412],
            [-58.7315701849414, -34.5340621545909],
            [-58.7311835378678, -34.5337020962047],
            [-58.7309794957851, -34.5335106884563],
            [-58.7303330057782, -34.532928942688]
          ]
        ]
      },
      "properties": {
        "objectid": 313,
        "clave": "067601001",
        "provincia": "06",
        "partido": "760",
        "localidad": "010",
        "fraccion": "10",
        "radio": "01",
        "tot_manzanas": 10,
        "barrio_codigo": 27,
        "barrio_nombre": "San Jorge",
        "circuito": "397",
        "st_area(shape)": 65276.379298325,
        "st_length(shape)": 1126.76407276148
      }
    },
    {
      "type": "Feature",
      "id": 136,
      "geometry": {
        "type": "Polygon",
        "coordinates": [
          [
            [-58.6818677020807, -34.5682170081613],
            [-58.6820103938212, -34.568148672827],
            [-58.6849707306605, -34.5659367083588],
            [-58.685037954654, -34.5660044876735],
            [-58.6862522639756, -34.5671137010713],
            [-58.6861751528056, -34.5671669528076],
            [-58.6847398543188, -34.5682135101931],
            [-58.6854158866881, -34.5688679426117],
            [-58.6847017593842, -34.5693954713765],
            [-58.6839466713226, -34.5699461752302],
            [-58.6846392303866, -34.5705981130317],
            [-58.6841314907751, -34.5709835578129],
            [-58.6838786134157, -34.5711532634467],
            [-58.6836691246136, -34.5713087425107],
            [-58.6832446983068, -34.5716196398333],
            [-58.6831730285011, -34.5716729482677],
            [-58.6824950989321, -34.572165886564],
            [-58.6817564560132, -34.5727077391602],
            [-58.6816903030111, -34.572756599474],
            [-58.6805034981929, -34.5736423381486],
            [-58.6803289164352, -34.5734776133506],
            [-58.6798030944563, -34.5729814761903],
            [-58.6791284827613, -34.5723274269896],
            [-58.6785886230346, -34.5718274678185],
            [-58.6777400122085, -34.572078406914],
            [-58.6775724473149, -34.5721765775346],
            [-58.6765966935464, -34.5727051046582],
            [-58.6762726929616, -34.572880599308],
            [-58.67554136716, -34.5733459044231],
            [-58.6754531977037, -34.5734020018565],
            [-58.6753026417272, -34.5734977913039],
            [-58.6735945146237, -34.5744677360537],
            [-58.6732115654375, -34.5741489952091],
            [-58.6722713496601, -34.574928587403],
            [-58.6727183271636, -34.5752679268469],
            [-58.6730362491934, -34.5755019545692],
            [-58.6735900434195, -34.5755457579791],
            [-58.6738096331994, -34.5758796392917],
            [-58.6738915713652, -34.5761667122861],
            [-58.6740530324372, -34.5764755644054],
            [-58.6745966205109, -34.5770763089577],
            [-58.6749518813435, -34.5774689186952],
            [-58.6749761030105, -34.5776684110103],
            [-58.6750238628977, -34.5780739482866],
            [-58.675023882298, -34.5780755411996],
            [-58.6748586269095, -34.5780089039724],
            [-58.6744114738065, -34.5778545302069],
            [-58.6740318355487, -34.5777817097051],
            [-58.6737470037258, -34.5777428414405],
            [-58.67357919585, -34.5777084299052],
            [-58.6732172255096, -34.5776047236467],
            [-58.6728677143022, -34.5774739289581],
            [-58.6721637613193, -34.5772176523585],
            [-58.6712610850655, -34.5768679861624],
            [-58.6707185105445, -34.5766396887276],
            [-58.6703683174275, -34.5764397209388],
            [-58.6701628086508, -34.5763087000292],
            [-58.6699948350709, -34.5761754441618],
            [-58.6697871828317, -34.5759969598339],
            [-58.6696231213111, -34.5758394382489],
            [-58.6691674449443, -34.5753701699848],
            [-58.6690042190843, -34.5752020747369],
            [-58.6713726729856, -34.573946171587],
            [-58.6724545229484, -34.5733989759759],
            [-58.674861069239, -34.5721816922963],
            [-58.6787840150506, -34.5701971993705],
            [-58.6790642451036, -34.5700554316308],
            [-58.6794409301713, -34.5698369960312],
            [-58.6796746014804, -34.5697014914111],
            [-58.6804738151338, -34.5692178956622],
            [-58.6818677020807, -34.5682170081613]
          ]
        ]
      },
      "properties": {
        "objectid": 136,
        "clave": "067602304",
        "provincia": "06",
        "partido": "760",
        "localidad": "010",
        "fraccion": "23",
        "radio": "04",
        "tot_manzanas": 26,
        "barrio_codigo": 42,
        "barrio_nombre": "Bella Vista Oeste",
        "circuito": "401a",
        "st_area(shape)": 474805.96793782,
        "st_length(shape)": 5138.8931616776
      }
    },
    {
      "type": "Feature",
      "id": 150,
      "geometry": {
        "type": "Polygon",
        "coordinates": [
          [
            [-58.6980456066678, -34.5431060508748],
            [-58.6983892168965, -34.5434251931191],
            [-58.6991933274456, -34.5428523817109],
            [-58.699252668506, -34.5428890686292],
            [-58.7002349955948, -34.5438144164581],
            [-58.7010402961682, -34.5445666133534],
            [-58.7002358996463, -34.5451574610388],
            [-58.6993599259549, -34.5457971150281],
            [-58.6985555759473, -34.5463834449012],
            [-58.6984622946678, -34.5464275188553],
            [-58.698347159655, -34.5464758665789],
            [-58.6975153570088, -34.5470754162786],
            [-58.6961354435917, -34.5457987761741],
            [-58.6957677719829, -34.5454760968886],
            [-58.6953457415136, -34.5450962883996],
            [-58.6962879998134, -34.5443987823916],
            [-58.6971971480698, -34.5437279565632],
            [-58.6980456066678, -34.5431060508748]
          ]
        ]
      },
      "properties": {
        "objectid": 150,
        "clave": "067600305",
        "provincia": "06",
        "partido": "760",
        "localidad": "010",
        "fraccion": "03",
        "radio": "05",
        "tot_manzanas": 8,
        "barrio_codigo": 31,
        "barrio_nombre": "Muniz Norte",
        "circuito": "400",
        "st_area(shape)": 124474.51215113,
        "st_length(shape)": 1455.6410649725
      }
    },
    {
      "type": "Feature",
      "id": 140,
      "geometry": {
        "type": "Polygon",
        "coordinates": [
          [
            [-58.713417136098, -34.5369999853108],
            [-58.7136099382363, -34.536857797416],
            [-58.7144801276199, -34.5362269906533],
            [-58.7156642778222, -34.5353651237555],
            [-58.7160186770311, -34.5356933434528],
            [-58.7166845452767, -34.5363087678389],
            [-58.7173451162546, -34.5369151192949],
            [-58.7174309956137, -34.536997144763],
            [-58.7181986189561, -34.5377263002463],
            [-58.7171686592515, -34.5384771400728],
            [-58.7170033616244, -34.5386015951804],
            [-58.7159733804726, -34.5393524243382],
            [-58.7156726581064, -34.5390743444971],
            [-58.7152109309505, -34.538641336942],
            [-58.7144646236556, -34.5379439344608],
            [-58.7134981220361, -34.5370459071283],
            [-58.713417136098, -34.5369999853108]
          ]
        ]
      },
      "properties": {
        "objectid": 140,
        "clave": "067600909",
        "provincia": "06",
        "partido": "760",
        "localidad": "010",
        "fraccion": "09",
        "radio": "09",
        "tot_manzanas": 6,
        "barrio_codigo": 30,
        "barrio_nombre": "San Miguel Norte",
        "circuito": "397",
        "st_area(shape)": 95759.36872538,
        "st_length(shape)": 1248.96535607883
      }
    },
    {
      "type": "Feature",
      "id": 139,
      "geometry": {
        "type": "Polygon",
        "coordinates": [
          [
            [-58.7087797488107, -34.544581108927],
            [-58.7089175621722, -34.5444744020981],
            [-58.7098924483878, -34.5437726277206],
            [-58.7110325632743, -34.5429509049047],
            [-58.7113299622421, -34.5427377156116],
            [-58.7120460877373, -34.542213464958],
            [-58.7123520461077, -34.5425051302533],
            [-58.7128782942635, -34.5429929108022],
            [-58.7135226193224, -34.5435946045005],
            [-58.7136676427722, -34.5437268301597],
            [-58.7137642097625, -34.5438224913026],
            [-58.7138655649251, -34.5439245709838],
            [-58.7114462130873, -34.5452202204818],
            [-58.7116073987044, -34.5453700317704],
            [-58.71156229066, -34.5453989043186],
            [-58.7105263807305, -34.5461721585947],
            [-58.7105116618278, -34.5461826528072],
            [-58.7102399386399, -34.5459278257408],
            [-58.7101371278387, -34.5458314081501],
            [-58.7096335205214, -34.5453743242289],
            [-58.7094133030695, -34.5451736954711],
            [-58.7089193889659, -34.5447087763645],
            [-58.7087797488107, -34.544581108927]
          ]
        ]
      },
      "properties": {
        "objectid": 139,
        "clave": "067602012",
        "provincia": "06",
        "partido": "760",
        "localidad": "010",
        "fraccion": "20",
        "radio": "12",
        "tot_manzanas": 6,
        "barrio_codigo": 30,
        "barrio_nombre": "San Miguel Norte",
        "circuito": "397",
        "st_area(shape)": 93546.4364147,
        "st_length(shape)": 1311.95508059487
      }
    },
    {
      "type": "Feature",
      "id": 12,
      "geometry": {
        "type": "Polygon",
        "coordinates": [
          [
            [-58.707622780744, -34.539796128643],
            [-58.7077053679555, -34.539738413773],
            [-58.7086471859988, -34.5390588325351],
            [-58.708915697815, -34.5393050408947],
            [-58.7095117230983, -34.5398566693929],
            [-58.7105481006623, -34.5408140547573],
            [-58.7110581994574, -34.5412881519405],
            [-58.7112836482108, -34.5415023535337],
            [-58.7120460877373, -34.542213464958],
            [-58.7113299622421, -34.5427377156116],
            [-58.7110325632743, -34.5429509049047],
            [-58.7098924483878, -34.5437726277206],
            [-58.7089175621722, -34.5444744020981],
            [-58.7087797488107, -34.544581108927],
            [-58.7080279285947, -34.5438881162744],
            [-58.7080886671706, -34.5438346768683],
            [-58.708920503588, -34.5432260401764],
            [-58.7091465585013, -34.5430481566006],
            [-58.7089157363281, -34.5428293883623],
            [-58.7084163232607, -34.5423689150412],
            [-58.707390355433, -34.5414431699825],
            [-58.7064827471422, -34.5406133141351],
            [-58.7075073117086, -34.5398670159237],
            [-58.707622780744, -34.539796128643]
          ]
        ]
      },
      "properties": {
        "objectid": 12,
        "clave": "067602005",
        "provincia": "06",
        "partido": "760",
        "localidad": "010",
        "fraccion": "20",
        "radio": "05",
        "tot_manzanas": 9,
        "barrio_codigo": 30,
        "barrio_nombre": "San Miguel Norte",
        "circuito": "397",
        "st_area(shape)": 137288.81630057,
        "st_length(shape)": 1737.23748056837
      }
    },
    {
      "type": "Feature",
      "id": 248,
      "geometry": {
        "type": "Polygon",
        "coordinates": [
          [
            [-58.6812799162802, -34.5549232528651],
            [-58.6826794903129, -34.5539108117539],
            [-58.6827896241451, -34.553835384219],
            [-58.6834555238123, -34.5544419736964],
            [-58.6835162855919, -34.5543885471392],
            [-58.6845960395232, -34.5536205084193],
            [-58.6847439957678, -34.553503267629],
            [-58.6848730659984, -34.553284550406],
            [-58.6855517856211, -34.5527700018413],
            [-58.6863876489019, -34.5521636256013],
            [-58.687128908891, -34.5528812115843],
            [-58.6863140307461, -34.5534857761472],
            [-58.6855151043468, -34.5540630620946],
            [-58.6853442830621, -34.5541874136088],
            [-58.6852782191078, -34.5542317703483],
            [-58.6852065658634, -34.5542850795935],
            [-58.6841376292986, -34.5550577479258],
            [-58.6826883952201, -34.5561102310465],
            [-58.6826084301827, -34.556171980423],
            [-58.6819324813455, -34.5555340591596],
            [-58.6812799162802, -34.5549232528651]
          ]
        ]
      },
      "properties": {
        "objectid": 248,
        "clave": "067600509",
        "provincia": "06",
        "partido": "760",
        "localidad": "010",
        "fraccion": "05",
        "radio": "09",
        "tot_manzanas": 5,
        "barrio_codigo": 41,
        "barrio_nombre": "Bella Vista Norte",
        "circuito": "401a",
        "st_area(shape)": 70632.493390645,
        "st_length(shape)": 1487.97885253143
      }
    },
    {
      "type": "Feature",
      "id": 137,
      "geometry": {
        "type": "Polygon",
        "coordinates": [
          [
            [-58.734038954688, -34.5617301442527],
            [-58.7355869900319, -34.5606048850476],
            [-58.7362121172347, -34.5601442733801],
            [-58.7371650308766, -34.559468071035],
            [-58.7377721359469, -34.5600994026269],
            [-58.7383520915049, -34.5606552331025],
            [-58.7383951221297, -34.5606917326515],
            [-58.7390181851315, -34.5612795534853],
            [-58.7381701045678, -34.5618837193424],
            [-58.7381094393231, -34.5619326675525],
            [-58.7380376758716, -34.5619950215413],
            [-58.7372442553527, -34.5625862252778],
            [-58.736175824434, -34.563365721862],
            [-58.7355064213473, -34.5628635767298],
            [-58.7347752828894, -34.5622992624166],
            [-58.7347160486628, -34.5622535799534],
            [-58.734038954688, -34.5617301442527]
          ]
        ]
      },
      "properties": {
        "objectid": 137,
        "clave": "067602706",
        "provincia": "06",
        "partido": "760",
        "localidad": "010",
        "fraccion": "27",
        "radio": "06",
        "tot_manzanas": 9,
        "barrio_codigo": 10,
        "barrio_nombre": "Constantini",
        "circuito": "397c",
        "st_area(shape)": 96375.6908238,
        "st_length(shape)": 1260.63859339576
      }
    },
    {
      "type": "Feature",
      "id": 293,
      "geometry": {
        "type": "Polygon",
        "coordinates": [
          [
            [-58.6941049652862, -34.5394494906853],
            [-58.6932758535392, -34.5386849597754],
            [-58.693166968058, -34.5385974668659],
            [-58.6932227914418, -34.5385561840872],
            [-58.6937449893128, -34.5382149363262],
            [-58.6942720964361, -34.5378601596553],
            [-58.6943942930128, -34.5377779122457],
            [-58.6947463880556, -34.5375373707609],
            [-58.6952685273624, -34.5371595579689],
            [-58.6959022076764, -34.5367140606625],
            [-58.6962754594354, -34.5364476153214],
            [-58.6965111090465, -34.5362793948858],
            [-58.6965498297427, -34.5363388604676],
            [-58.6972848700934, -34.5370497701505],
            [-58.6981754501063, -34.5379155673984],
            [-58.6974533412933, -34.5384712195627],
            [-58.6973761949491, -34.5385289854822],
            [-58.6965661064602, -34.5391377765484],
            [-58.6958221947605, -34.5396931859494],
            [-58.6951002659932, -34.5402353059781],
            [-58.695017670947, -34.5402930121199],
            [-58.6941049652862, -34.5394494906853]
          ]
        ]
      },
      "properties": {
        "objectid": 293,
        "clave": "067600301",
        "provincia": "06",
        "partido": "760",
        "localidad": "010",
        "fraccion": "03",
        "radio": "01",
        "tot_manzanas": 8,
        "barrio_codigo": 31,
        "barrio_nombre": "Muniz Norte",
        "circuito": "400",
        "st_area(shape)": 96556.69638086,
        "st_length(shape)": 1283.55797753888
      }
    },
    {
      "type": "Feature",
      "id": 208,
      "geometry": {
        "type": "Polygon",
        "coordinates": [
          [
            [-58.7212715212422, -34.5426304203217],
            [-58.7213210836113, -34.5425948845676],
            [-58.7224833376186, -34.5417417369846],
            [-58.7235904244501, -34.5409330697899],
            [-58.7236565278834, -34.5408841854074],
            [-58.7246811544936, -34.5401242213552],
            [-58.7253361613841, -34.5407439926827],
            [-58.7256851771105, -34.5410721285445],
            [-58.7263350278039, -34.5416738133526],
            [-58.7262309432432, -34.5417132892487],
            [-58.7252342268754, -34.5424284889165],
            [-58.7242540369287, -34.5431303322853],
            [-58.7240997690867, -34.5432458984709],
            [-58.7228879470516, -34.5441345975379],
            [-58.722275740089, -34.5435648365889],
            [-58.7217117947322, -34.5430451532842],
            [-58.7213196362393, -34.5426895133124],
            [-58.7212715212422, -34.5426304203217]
          ]
        ]
      },
      "properties": {
        "objectid": 208,
        "clave": "067602503",
        "provincia": "06",
        "partido": "760",
        "localidad": "010",
        "fraccion": "25",
        "radio": "03",
        "tot_manzanas": 6,
        "barrio_codigo": 39,
        "barrio_nombre": "San Miguel Oeste",
        "circuito": "397",
        "st_area(shape)": 93725.762200355,
        "st_length(shape)": 1289.89720631688
      }
    },
    {
      "type": "Feature",
      "id": 24,
      "geometry": {
        "type": "Polygon",
        "coordinates": [
          [
            [-58.7517131129398, -34.5633569959461],
            [-58.7520435056426, -34.5631215117597],
            [-58.7526613035948, -34.5637047024173],
            [-58.7517472555301, -34.5643533586013],
            [-58.7516757018923, -34.5644022022589],
            [-58.7523207434352, -34.5649856732233],
            [-58.7523637824917, -34.5650221680026],
            [-58.7530842192309, -34.5656649956475],
            [-58.7524453418181, -34.566127179496],
            [-58.7519497028952, -34.5664826600795],
            [-58.7516522506031, -34.5667004541208],
            [-58.7513989130809, -34.566882642963],
            [-58.7509582776643, -34.5672026272012],
            [-58.7506113212209, -34.5674514599927],
            [-58.7505231525399, -34.56751816025],
            [-58.7498409864888, -34.5668666959934],
            [-58.7491748343314, -34.5662379263519],
            [-58.7492189522596, -34.566202323628],
            [-58.7486117843014, -34.5656372513245],
            [-58.7495041501501, -34.5649838911171],
            [-58.7504515116573, -34.5642950323188],
            [-58.750622327494, -34.5641660820375],
            [-58.7510576354062, -34.5638370304692],
            [-58.7511238091618, -34.5637836252682],
            [-58.7517131129398, -34.5633569959461]
          ]
        ]
      },
      "properties": {
        "objectid": 24,
        "clave": "067603410",
        "provincia": "06",
        "partido": "760",
        "localidad": "010",
        "fraccion": "34",
        "radio": "10",
        "tot_manzanas": 14,
        "barrio_codigo": 3,
        "barrio_nombre": "La Gloria",
        "circuito": "397b",
        "st_area(shape)": 94083.254850365,
        "st_length(shape)": 1406.837222092
      }
    },
    {
      "type": "Feature",
      "id": 191,
      "geometry": {
        "type": "Polygon",
        "coordinates": [
          [
            [-58.7181431648822, -34.5414061131293],
            [-58.7191766450459, -34.5407873904068],
            [-58.7191788503338, -34.5407857883695],
            [-58.7192567685694, -34.5408688656862],
            [-58.7193850402804, -34.540898890926],
            [-58.7202728393562, -34.5416915470995],
            [-58.7212072071846, -34.5425621439441],
            [-58.7212715212422, -34.5426304203217],
            [-58.7202469721533, -34.5433813418361],
            [-58.7193160871676, -34.5440611273596],
            [-58.7191893159145, -34.5441589482407],
            [-58.7177790993842, -34.5451942402464],
            [-58.7164294447806, -34.5461850827317],
            [-58.7163201926421, -34.5462557218363],
            [-58.7153425372918, -34.5453173518028],
            [-58.7144402519874, -34.5444876102194],
            [-58.7143221094022, -34.5443782018655],
            [-58.7142254718285, -34.5442870472609],
            [-58.7138655649251, -34.5439245709838],
            [-58.7164779814599, -34.5423815173966],
            [-58.7180003131649, -34.5414916342829],
            [-58.7181431648822, -34.5414061131293]
          ]
        ]
      },
      "properties": {
        "objectid": 191,
        "clave": "067602505",
        "provincia": "06",
        "partido": "760",
        "localidad": "010",
        "fraccion": "25",
        "radio": "05",
        "tot_manzanas": 8,
        "barrio_codigo": 39,
        "barrio_nombre": "San Miguel Oeste",
        "circuito": "397",
        "st_area(shape)": 188545.412472335,
        "st_length(shape)": 1832.06793048389
      }
    },
    {
      "type": "Feature",
      "id": 25,
      "geometry": {
        "type": "Polygon",
        "coordinates": [
          [
            [-58.704464843998, -34.5537924237541],
            [-58.7037990726154, -34.5531679211428],
            [-58.7029440981227, -34.5523312340751],
            [-58.7028287584181, -34.5522285164706],
            [-58.7043886444329, -34.5507994173627],
            [-58.7045150671023, -34.5509040808993],
            [-58.7055349010036, -34.5518793599236],
            [-58.706224351308, -34.5525068785771],
            [-58.7063190986711, -34.5525952449719],
            [-58.7069312572998, -34.5531650832608],
            [-58.7060495916253, -34.5538182452048],
            [-58.705178943583, -34.5544625028401],
            [-58.704464843998, -34.5537924237541]
          ]
        ]
      },
      "properties": {
        "objectid": 25,
        "clave": "067602402",
        "provincia": "06",
        "partido": "760",
        "localidad": "010",
        "fraccion": "24",
        "radio": "02",
        "tot_manzanas": 6,
        "barrio_codigo": 40,
        "barrio_nombre": "Muniz Oeste",
        "circuito": "400",
        "st_area(shape)": 72884.933266325,
        "st_length(shape)": 1109.43506120039
      }
    },
    {
      "type": "Feature",
      "id": 141,
      "geometry": {
        "type": "Polygon",
        "coordinates": [
          [
            [-58.6944310484883, -34.5457715483774],
            [-58.6945082740322, -34.5457092785028],
            [-58.6953457415136, -34.5450962883996],
            [-58.6957677719829, -34.5454760968886],
            [-58.6961354435917, -34.5457987761741],
            [-58.6975153570088, -34.5470754162786],
            [-58.6966009387697, -34.5477326678637],
            [-58.6965238522772, -34.5477859268579],
            [-58.696582773939, -34.5478496515949],
            [-58.6974524463389, -34.5486656546679],
            [-58.6964821448544, -34.5494124444769],
            [-58.6963962028097, -34.5493349106795],
            [-58.6955266045513, -34.5485143941635],
            [-58.6951348167451, -34.5481406479917],
            [-58.6944910862616, -34.5474975338863],
            [-58.6946322925918, -34.5473146142801],
            [-58.6936706545658, -34.5463312737899],
            [-58.6943702295723, -34.5458294868226],
            [-58.6944310484883, -34.5457715483774]
          ]
        ]
      },
      "properties": {
        "objectid": 141,
        "clave": "067600312",
        "provincia": "06",
        "partido": "760",
        "localidad": "010",
        "fraccion": "03",
        "radio": "12",
        "tot_manzanas": 6,
        "barrio_codigo": 31,
        "barrio_nombre": "Muniz Norte",
        "circuito": "400",
        "st_area(shape)": 82650.2667712,
        "st_length(shape)": 1318.95581721691
      }
    },
    {
      "type": "Feature",
      "id": 122,
      "geometry": {
        "type": "Polygon",
        "coordinates": [
          [
            [-58.6876169842323, -34.582541637633],
            [-58.6882123278075, -34.5821063730179],
            [-58.6888351890018, -34.5816533738413],
            [-58.6897265641398, -34.582492198206],
            [-58.690156196563, -34.582893408435],
            [-58.690263605581, -34.5829937109947],
            [-58.6896354348704, -34.583437646723],
            [-58.6890127057912, -34.5838816375669],
            [-58.6882783173069, -34.5844230742893],
            [-58.6875409713532, -34.5849210434786],
            [-58.6868760067377, -34.5854045702278],
            [-58.6859797655539, -34.5860698967903],
            [-58.6855460907201, -34.586369310533],
            [-58.6848820306204, -34.5868320729491],
            [-58.6845650957277, -34.5870585575071],
            [-58.6842924891567, -34.5872132752277],
            [-58.6839546981011, -34.5863183474904],
            [-58.683923885283, -34.5859451118771],
            [-58.6842154322844, -34.5859656495041],
            [-58.6850017573453, -34.5855594661259],
            [-58.6862035107243, -34.5849504201584],
            [-58.6869921356588, -34.5843968138205],
            [-58.6864780548155, -34.5839309953311],
            [-58.6864481128087, -34.5839078460795],
            [-58.6870959251313, -34.5831038880449],
            [-58.6876169842323, -34.582541637633]
          ]
        ]
      },
      "properties": {
        "objectid": 122,
        "clave": "067601308",
        "provincia": "06",
        "partido": "760",
        "localidad": "010",
        "fraccion": "13",
        "radio": "08",
        "tot_manzanas": 12,
        "barrio_codigo": 35,
        "barrio_nombre": "Obligado",
        "circuito": "402",
        "st_area(shape)": 96134.98825427,
        "st_length(shape)": 1809.46486152412
      }
    },
    {
      "type": "Feature",
      "id": 94,
      "geometry": {
        "type": "Polygon",
        "coordinates": [
          [
            [-58.7165164974695, -34.525875057631],
            [-58.7184667168146, -34.5244145319534],
            [-58.7198997066345, -34.5233856934267],
            [-58.7205214722868, -34.5240182874481],
            [-58.7205859098305, -34.524077551774],
            [-58.721112094698, -34.5245652967576],
            [-58.7216973491422, -34.5251077402003],
            [-58.7222718596853, -34.5256410547409],
            [-58.7204488291254, -34.5269875434294],
            [-58.7203881108379, -34.5270409895772],
            [-58.7200852077297, -34.5272631584323],
            [-58.7199861705735, -34.5273297233422],
            [-58.7186644743927, -34.5282938488852],
            [-58.718609474875, -34.5283293266739],
            [-58.7185020300885, -34.5282335551296],
            [-58.7180295947043, -34.5277914319465],
            [-58.7175411066573, -34.5273311109415],
            [-58.7174659177577, -34.5272627183996],
            [-58.7168644811732, -34.5267110712477],
            [-58.7169250631591, -34.5266666400648],
            [-58.7171672523069, -34.5264979236808],
            [-58.7165164974695, -34.525875057631]
          ]
        ]
      },
      "properties": {
        "objectid": 94,
        "clave": "067600103",
        "provincia": "06",
        "partido": "760",
        "localidad": "010",
        "fraccion": "01",
        "radio": "03",
        "tot_manzanas": 8,
        "barrio_codigo": 29,
        "barrio_nombre": "Maria Rosa Mistica",
        "circuito": "397",
        "st_area(shape)": 146478.13567791,
        "st_length(shape)": 1565.64441118381
      }
    },
    {
      "type": "Feature",
      "id": 218,
      "geometry": {
        "type": "Polygon",
        "coordinates": [
          [
            [-58.7290382939061, -34.536875894931],
            [-58.7300561120531, -34.5361433510965],
            [-58.7306174543596, -34.5357137204171],
            [-58.7311034466626, -34.5353913345005],
            [-58.7314724447496, -34.5351202506315],
            [-58.7321553683661, -34.5346180685108],
            [-58.7329990190568, -34.5354032814149],
            [-58.7323343000818, -34.5359163925248],
            [-58.7331265292623, -34.536658842289],
            [-58.7323088024116, -34.5372518964107],
            [-58.7318822627806, -34.5375730196559],
            [-58.7316987728361, -34.5377158048911],
            [-58.7311645143312, -34.5381097434847],
            [-58.7307134010729, -34.5384363885405],
            [-58.7299462813842, -34.5377138542944],
            [-58.7295972632241, -34.53738573039],
            [-58.7291677322521, -34.5369801509295],
            [-58.7290382939061, -34.536875894931]
          ]
        ]
      },
      "properties": {
        "objectid": 218,
        "clave": "067601004",
        "provincia": "06",
        "partido": "760",
        "localidad": "010",
        "fraccion": "10",
        "radio": "04",
        "tot_manzanas": 7,
        "barrio_codigo": 27,
        "barrio_nombre": "San Jorge",
        "circuito": "397",
        "st_area(shape)": 78034.15372372,
        "st_length(shape)": 1218.63053629605
      }
    },
    {
      "type": "Feature",
      "id": 154,
      "geometry": {
        "type": "Polygon",
        "coordinates": [
          [
            [-58.7010402961682, -34.5445666133534],
            [-58.7018335788994, -34.5439891634262],
            [-58.7030179680499, -34.5431274256669],
            [-58.7030896004892, -34.5430741044971],
            [-58.7039916147514, -34.5439129394814],
            [-58.7027356608431, -34.5448235014229],
            [-58.7019314133562, -34.5454053482818],
            [-58.7010402961682, -34.5445666133534]
          ]
        ]
      },
      "properties": {
        "objectid": 154,
        "clave": "067600304",
        "provincia": "06",
        "partido": "760",
        "localidad": "010",
        "fraccion": "03",
        "radio": "04",
        "tot_manzanas": 2,
        "barrio_codigo": 31,
        "barrio_nombre": "Muniz Norte",
        "circuito": "400",
        "st_area(shape)": 31183.375050125,
        "st_length(shape)": 750.506894517393
      }
    },
    {
      "type": "Feature",
      "id": 234,
      "geometry": {
        "type": "Polygon",
        "coordinates": [
          [
            [-58.7558678558305, -34.5631096338169],
            [-58.7565379886507, -34.562616436085],
            [-58.7571449291913, -34.5621674217913],
            [-58.7577737369816, -34.56171974281],
            [-58.7584017913323, -34.5612484062103],
            [-58.7594281727015, -34.5622007742396],
            [-58.7602665386407, -34.5629754566993],
            [-58.7602879925669, -34.562998208905],
            [-58.7611532080122, -34.5638001992213],
            [-58.7605251491028, -34.5642715497087],
            [-58.7598971500208, -34.5647383905947],
            [-58.7595368724257, -34.5644065049894],
            [-58.7589474894741, -34.5648334879793],
            [-58.758432459331, -34.5643853566714],
            [-58.7577704070584, -34.5648745050719],
            [-58.7570287537913, -34.5641909269024],
            [-58.7561797149276, -34.5634025932082],
            [-58.7558678558305, -34.5631096338169]
          ]
        ]
      },
      "properties": {
        "objectid": 234,
        "clave": "067603504",
        "provincia": "06",
        "partido": "760",
        "localidad": "010",
        "fraccion": "35",
        "radio": "04",
        "tot_manzanas": 13,
        "barrio_codigo": 1,
        "barrio_nombre": "Santa Brigida",
        "circuito": "397b",
        "st_area(shape)": 104937.803413255,
        "st_length(shape)": 1379.60802372269
      }
    },
    {
      "type": "Feature",
      "id": 49,
      "geometry": {
        "type": "Polygon",
        "coordinates": [
          [
            [-58.7218739955637, -34.5758836302693],
            [-58.7222541704352, -34.575608187744],
            [-58.7233769160329, -34.5766565065483],
            [-58.7242471472636, -34.5774723283206],
            [-58.7243008693438, -34.5775224641265],
            [-58.7239225478879, -34.577816456276],
            [-58.7236484561575, -34.578028816306],
            [-58.723073443153, -34.5784651129921],
            [-58.7230405039098, -34.5784867526409],
            [-58.7226575685942, -34.5787392638765],
            [-58.7224322228977, -34.5785245577043],
            [-58.7222342257447, -34.5783409984264],
            [-58.7219987255473, -34.578406644144],
            [-58.720539986353, -34.5769634980743],
            [-58.7207810477907, -34.5766966375697],
            [-58.7212143177276, -34.5763601060204],
            [-58.7217858644556, -34.575945802865],
            [-58.7218739955637, -34.5758836302693]
          ]
        ]
      },
      "properties": {
        "objectid": 49,
        "clave": "067602807",
        "provincia": "06",
        "partido": "760",
        "localidad": "010",
        "fraccion": "28",
        "radio": "07",
        "tot_manzanas": 3,
        "barrio_codigo": 8,
        "barrio_nombre": "Mitre",
        "circuito": "397c",
        "st_area(shape)": 61673.174863205,
        "st_length(shape)": 994.661721445966
      }
    },
    {
      "type": "Feature",
      "id": 316,
      "geometry": {
        "type": "Polygon",
        "coordinates": [
          [
            [-58.7199091552076, -34.5982559186655],
            [-58.7212743559559, -34.5972271462611],
            [-58.7226629223271, -34.5962536750237],
            [-58.7235780293135, -34.5955737109079],
            [-58.7244858971088, -34.5948711281092],
            [-58.725052181825, -34.5953998376527],
            [-58.7256865047101, -34.5959743225169],
            [-58.7261148960096, -34.5963417012436],
            [-58.7261183851332, -34.5963447707616],
            [-58.7215484589816, -34.5997204694176],
            [-58.7215446027375, -34.5997176717407],
            [-58.7212386930229, -34.5994657618399],
            [-58.721100464514, -34.5993424956062],
            [-58.7204822897593, -34.598781677049],
            [-58.7199091552076, -34.5982559186655]
          ]
        ]
      },
      "properties": {
        "objectid": 316,
        "clave": "067603206",
        "provincia": "06",
        "partido": "760",
        "localidad": "010",
        "fraccion": "32",
        "radio": "06",
        "tot_manzanas": 12,
        "barrio_codigo": 37,
        "barrio_nombre": "Lomas de Marilo",
        "circuito": "402",
        "st_area(shape)": 124270.293164005,
        "st_length(shape)": 1568.88242566913
      }
    },
    {
      "type": "Feature",
      "id": 211,
      "geometry": {
        "type": "Polygon",
        "coordinates": [
          [
            [-58.7029440981227, -34.5523312340751],
            [-58.7037990726154, -34.5531679211428],
            [-58.704464843998, -34.5537924237541],
            [-58.705178943583, -34.5544625028401],
            [-58.7058393588707, -34.5550824344248],
            [-58.7058007452263, -34.5551135728982],
            [-58.7049138129697, -34.5557531488533],
            [-58.7041811158389, -34.556281685564],
            [-58.7034869548528, -34.5567835860283],
            [-58.7034260727976, -34.5568291713671],
            [-58.7034246663354, -34.5568302200406],
            [-58.7027424046824, -34.557336734013],
            [-58.7019324104213, -34.5579658795135],
            [-58.7018680310949, -34.5579020992882],
            [-58.7012935088938, -34.5573641833363],
            [-58.7005472274203, -34.5566621915106],
            [-58.6998992019189, -34.5560084534188],
            [-58.699377990456, -34.5555391116153],
            [-58.699293426079, -34.5554664321343],
            [-58.6992976363966, -34.5554633141025],
            [-58.7028287584181, -34.5522285164706],
            [-58.7029440981227, -34.5523312340751]
          ]
        ]
      },
      "properties": {
        "objectid": 211,
        "clave": "067602410",
        "provincia": "06",
        "partido": "760",
        "localidad": "010",
        "fraccion": "24",
        "radio": "10",
        "tot_manzanas": 9,
        "barrio_codigo": 40,
        "barrio_nombre": "Muniz Oeste",
        "circuito": "400",
        "st_area(shape)": 188323.00785805,
        "st_length(shape)": 1753.4051242906
      }
    },
    {
      "type": "Feature",
      "id": 256,
      "geometry": {
        "type": "Polygon",
        "coordinates": [
          [
            [-58.7335025686977, -34.5427534006641],
            [-58.7338054264247, -34.5425357056743],
            [-58.734535533242, -34.5432373306942],
            [-58.735158374085, -34.5438296746766],
            [-58.7351969035485, -34.5438030335586],
            [-58.7352297827042, -34.5437898535766],
            [-58.7352625936758, -34.5437811797399],
            [-58.7352952682964, -34.5437815182028],
            [-58.7353279429176, -34.543781856657],
            [-58.7353659258836, -34.5437912638068],
            [-58.7353929502374, -34.5438050643004],
            [-58.7354199746003, -34.5438188647881],
            [-58.7354422251906, -34.5438360734903],
            [-58.7354628591638, -34.543864376659],
            [-58.7354787875162, -34.5438915827926],
            [-58.7354892700991, -34.543918732523],
            [-58.7354888611261, -34.5439457694504],
            [-58.7362396286541, -34.5440031182293],
            [-58.7367703686488, -34.5440254004921],
            [-58.7367176796956, -34.5442073633858],
            [-58.7366435088835, -34.5444338697154],
            [-58.7364694221496, -34.5446627861456],
            [-58.7362107904219, -34.5448163603505],
            [-58.7353457722804, -34.5454274391148],
            [-58.7342566046099, -34.5462193808979],
            [-58.7334014980496, -34.5469076668041],
            [-58.7326852574174, -34.5474455628687],
            [-58.7326191537943, -34.5474944520911],
            [-58.731684405671, -34.5466374578836],
            [-58.7313459616037, -34.5463274752953],
            [-58.7301265114398, -34.5452106207188],
            [-58.7309306340514, -34.5446240775318],
            [-58.7309526909484, -34.5446062793678],
            [-58.7318558524442, -34.5439531572988],
            [-58.7325388476944, -34.5434509752805],
            [-58.7328306812855, -34.543242182069],
            [-58.7335025686977, -34.5427534006641]
          ]
        ]
      },
      "properties": {
        "objectid": 256,
        "clave": "067601101",
        "provincia": "06",
        "partido": "760",
        "localidad": "010",
        "fraccion": "11",
        "radio": "01",
        "tot_manzanas": 14,
        "barrio_codigo": 15,
        "barrio_nombre": "Parque San Miguel",
        "circuito": "397a",
        "st_area(shape)": 157739.745532945,
        "st_length(shape)": 1691.49908928372
      }
    },
    {
      "type": "Feature",
      "id": 33,
      "geometry": {
        "type": "Polygon",
        "coordinates": [
          [
            [-58.7325924304695, -34.5872041976579],
            [-58.7336300467512, -34.586448495866],
            [-58.7349167935334, -34.5854794980165],
            [-58.7355421935059, -34.5850486768334],
            [-58.7357100414829, -34.5849184955974],
            [-58.7358036477397, -34.5850898831183],
            [-58.7361712338232, -34.5854712172194],
            [-58.7367613003786, -34.5860093117293],
            [-58.7380895708298, -34.587230337101],
            [-58.7380927568456, -34.5872336356994],
            [-58.7374406767405, -34.5877248313316],
            [-58.7373351639118, -34.5878028335372],
            [-58.7371444969581, -34.5879437882374],
            [-58.7370850866525, -34.5879877089636],
            [-58.7361126496124, -34.5887218181583],
            [-58.7350833354354, -34.5894652663731],
            [-58.7346549203474, -34.5890707585112],
            [-58.7345768652866, -34.5890023060789],
            [-58.7343150459595, -34.5887725519148],
            [-58.7337266312678, -34.5882459255676],
            [-58.7331525252745, -34.5877168066807],
            [-58.7325924304695, -34.5872041976579]
          ]
        ]
      },
      "properties": {
        "objectid": 33,
        "clave": "067601408",
        "provincia": "06",
        "partido": "760",
        "localidad": "010",
        "fraccion": "14",
        "radio": "08",
        "tot_manzanas": 7,
        "barrio_codigo": 5,
        "barrio_nombre": "Trujui",
        "circuito": "397c",
        "st_area(shape)": 126519.950923615,
        "st_length(shape)": 1430.92775559486
      }
    },
    {
      "type": "Feature",
      "id": 264,
      "geometry": {
        "type": "Polygon",
        "coordinates": [
          [
            [-58.6581929378317, -34.5658620281624],
            [-58.6591550152235, -34.5659621328692],
            [-58.6594099389523, -34.5657729056962],
            [-58.6600375521765, -34.5653234508783],
            [-58.6606118551693, -34.5658615555029],
            [-58.6611913959402, -34.566413235313],
            [-58.6618300685435, -34.5670151355038],
            [-58.6615717182559, -34.5672072262109],
            [-58.6613992741758, -34.5673354426971],
            [-58.6610297386538, -34.5676101995631],
            [-58.6608577979873, -34.5677380395032],
            [-58.6601414788125, -34.5682553504162],
            [-58.659653674112, -34.5679543856524],
            [-58.6595569523526, -34.5677863421847],
            [-58.6593714105916, -34.5676710242415],
            [-58.6591939361253, -34.5675021349403],
            [-58.6589835901787, -34.5671361346841],
            [-58.6588576216661, -34.5667884998347],
            [-58.6588575319119, -34.5667882536788],
            [-58.6588567984492, -34.5667862274766],
            [-58.6587330032098, -34.566467116445],
            [-58.6587328640772, -34.5664667561752],
            [-58.6587321578821, -34.5664649321763],
            [-58.6586093940999, -34.5663073775307],
            [-58.6584268900835, -34.5662206358043],
            [-58.6583269313287, -34.5662027609699],
            [-58.6582269726193, -34.5661848860545],
            [-58.6581662609656, -34.5661908517278],
            [-58.6581525852591, -34.5661067551099],
            [-58.6581566075357, -34.5659937941428],
            [-58.6581929378317, -34.5658620281624]
          ]
        ]
      },
      "properties": {
        "objectid": 264,
        "clave": "067600612",
        "provincia": "06",
        "partido": "760",
        "localidad": "010",
        "fraccion": "06",
        "radio": "12",
        "tot_manzanas": 5,
        "barrio_codigo": 33,
        "barrio_nombre": "Barrufaldi",
        "circuito": "401a",
        "st_area(shape)": 54056.917437945,
        "st_length(shape)": 1000.50834563235
      }
    },
    {
      "type": "Feature",
      "id": 185,
      "geometry": {
        "type": "Polygon",
        "coordinates": [
          [
            [-58.7023149010687, -34.540469941591],
            [-58.703259528297, -34.5396967676665],
            [-58.7043300401375, -34.5389454939573],
            [-58.7046950898672, -34.5392873804601],
            [-58.705489428573, -34.5400439390369],
            [-58.7062624168173, -34.5407732261351],
            [-58.705367901831, -34.5414216266295],
            [-58.7052819528483, -34.5414839264336],
            [-58.7052040243719, -34.5415405172329],
            [-58.705151119913, -34.5414915526923],
            [-58.7043943309326, -34.5407714442537],
            [-58.703419227249, -34.541486694021],
            [-58.702565377572, -34.5421085797113],
            [-58.7015510001753, -34.5411423479221],
            [-58.7023149010687, -34.540469941591]
          ]
        ]
      },
      "properties": {
        "objectid": 185,
        "clave": "067600212",
        "provincia": "06",
        "partido": "760",
        "localidad": "010",
        "fraccion": "02",
        "radio": "12",
        "tot_manzanas": 5,
        "barrio_codigo": 30,
        "barrio_nombre": "San Miguel Norte",
        "circuito": "397",
        "st_area(shape)": 68760.407430055,
        "st_length(shape)": 1231.13506544176
      }
    },
    {
      "type": "Feature",
      "id": 64,
      "geometry": {
        "type": "Polygon",
        "coordinates": [
          [
            [-58.6974524463389, -34.5486656546679],
            [-58.696582773939, -34.5478496515949],
            [-58.6965238522772, -34.5477859268579],
            [-58.6966009387697, -34.5477326678637],
            [-58.6975153570088, -34.5470754162786],
            [-58.6983520744623, -34.5479090897019],
            [-58.698400175874, -34.5479681913806],
            [-58.6984536531661, -34.5480318562853],
            [-58.6993394036748, -34.5488660457726],
            [-58.7000479053006, -34.5495406016079],
            [-58.7001069699776, -34.5495953125272],
            [-58.7008152737792, -34.5502833832748],
            [-58.700901010844, -34.5503744323297],
            [-58.6999533436859, -34.5510674085349],
            [-58.6991537201706, -34.5502972377578],
            [-58.6984506658063, -34.5496227339923],
            [-58.6983971184656, -34.5495635742748],
            [-58.6983220665744, -34.5494861579183],
            [-58.6974524463389, -34.5486656546679]
          ]
        ]
      },
      "properties": {
        "objectid": 64,
        "clave": "067602110",
        "provincia": "06",
        "partido": "760",
        "localidad": "010",
        "fraccion": "21",
        "radio": "10",
        "tot_manzanas": 4,
        "barrio_codigo": 31,
        "barrio_nombre": "Muniz Norte",
        "circuito": "400",
        "st_area(shape)": 56277.919600185,
        "st_length(shape)": 1198.22961589174
      }
    },
    {
      "type": "Feature",
      "id": 215,
      "geometry": {
        "type": "Polygon",
        "coordinates": [
          [
            [-58.6842219370132, -34.5822121359766],
            [-58.6842501721925, -34.5821493452012],
            [-58.684278052212, -34.5821090845943],
            [-58.6843113093395, -34.5820733887558],
            [-58.6843446374579, -34.5820331868719],
            [-58.6843833426785, -34.5819975497503],
            [-58.6844219058357, -34.5819709246868],
            [-58.6844659171174, -34.5819443583436],
            [-58.6845153754291, -34.5819178507027],
            [-58.6845647637779, -34.58189584999],
            [-58.6846195292559, -34.5818784131176],
            [-58.6846742237105, -34.5818654822563],
            [-58.6845037383287, -34.5812732544258],
            [-58.685538604065, -34.5811050089429],
            [-58.6858009238033, -34.5810214847787],
            [-58.6859036995544, -34.5809548353781],
            [-58.6862903587815, -34.5813150350163],
            [-58.6866824705609, -34.5816752921298],
            [-58.6876169842323, -34.582541637633],
            [-58.6870959251313, -34.5831038880449],
            [-58.6864481128087, -34.5839078460795],
            [-58.6864780548155, -34.5839309953311],
            [-58.6869921356588, -34.5843968138205],
            [-58.6862035107243, -34.5849504201584],
            [-58.6853729058079, -34.5842780186489],
            [-58.6851487126513, -34.5834854249343],
            [-58.6849849266803, -34.5828963788221],
            [-58.6849303036681, -34.5829048037821],
            [-58.6848757505491, -34.5829087226697],
            [-58.6848211974259, -34.5829126415329],
            [-58.6847667862963, -34.5829075483003],
            [-58.6847069269621, -34.5829023963201],
            [-58.684652586853, -34.5828927970013],
            [-58.6846038369831, -34.5828742443162],
            [-58.6845495679161, -34.5828601389169],
            [-58.6845008891025, -34.5828370801562],
            [-58.6844522813177, -34.5828095162427],
            [-58.6844091217831, -34.5827820101461],
            [-58.6843714825882, -34.5827500567498],
            [-58.6843553510466, -34.5827363624287],
            [-58.6843338423326, -34.5827181033307],
            [-58.6843017923497, -34.582677196572],
            [-58.6842696713728, -34.5826407958403],
            [-58.6842430696417, -34.5825999478096],
            [-58.6842219871521, -34.5825546524833],
            [-58.68420635287, -34.582509415899],
            [-58.6841961667863, -34.5824642380587],
            [-58.6841914288923, -34.5824191189633],
            [-58.6841866910026, -34.5823739998677],
            [-58.6841928494499, -34.5823289991646],
            [-58.684199007904, -34.5822839975596],
            [-58.6842106145182, -34.5822390546986],
            [-58.6842219370132, -34.5822121359766]
          ]
        ]
      },
      "properties": {
        "objectid": 215,
        "clave": "067601307",
        "provincia": "06",
        "partido": "760",
        "localidad": "010",
        "fraccion": "13",
        "radio": "07",
        "tot_manzanas": 7,
        "barrio_codigo": 35,
        "barrio_nombre": "Obligado",
        "circuito": "402",
        "st_area(shape)": 74632.3129648,
        "st_length(shape)": 1241.7298406618
      }
    },
    {
      "type": "Feature",
      "id": 55,
      "geometry": {
        "type": "Polygon",
        "coordinates": [
          [
            [-58.7558793243941, -34.5682083391446],
            [-58.7565293627565, -34.5677282237062],
            [-58.7569191283386, -34.567442098325],
            [-58.7573831566762, -34.5671014538139],
            [-58.757471386619, -34.5670302422929],
            [-58.757515501534, -34.5669946365069],
            [-58.758936577213, -34.5659544908759],
            [-58.7589903803524, -34.5660001065154],
            [-58.7594793882161, -34.5664557624894],
            [-58.7612099572548, -34.5680552437544],
            [-58.7622234074109, -34.5689478757355],
            [-58.7622269308768, -34.5689509229511],
            [-58.7619414189605, -34.5691926856447],
            [-58.7615507374369, -34.5695249914695],
            [-58.760425921147, -34.5705171537359],
            [-58.759894057723, -34.5709775282258],
            [-58.7596897900191, -34.57114239375],
            [-58.7593332361387, -34.571402642648],
            [-58.7586207274502, -34.5719383214902],
            [-58.7579020234803, -34.5724642468414],
            [-58.7578944960762, -34.5724698705034],
            [-58.7578909990181, -34.5724668072085],
            [-58.7573543920256, -34.5719640486833],
            [-58.7571984901071, -34.5718227487847],
            [-58.7566502787209, -34.5713169053338],
            [-58.7560966935016, -34.5708064978322],
            [-58.7555484954244, -34.5703006496369],
            [-58.7569200225985, -34.5693005863508],
            [-58.7569970910057, -34.5692472889746],
            [-58.7564542776323, -34.5687460064743],
            [-58.7559652736383, -34.5682903386123],
            [-58.7558793243941, -34.5682083391446]
          ]
        ]
      },
      "properties": {
        "objectid": 55,
        "clave": "067603301",
        "provincia": "06",
        "partido": "760",
        "localidad": "010",
        "fraccion": "33",
        "radio": "01",
        "tot_manzanas": 29,
        "barrio_codigo": 2,
        "barrio_nombre": "La Estrella",
        "circuito": "397b",
        "st_area(shape)": 231988.892731295,
        "st_length(shape)": 2036.99755095532
      }
    },
    {
      "type": "Feature",
      "id": 148,
      "geometry": {
        "type": "Polygon",
        "coordinates": [
          [
            [-58.7357929873505, -34.5774843147423],
            [-58.73524480438, -34.576982883731],
            [-58.7353163783248, -34.5769340511528],
            [-58.7358508987806, -34.5765384805691],
            [-58.73656912594, -34.5759962082274],
            [-58.7381300265163, -34.5775175162957],
            [-58.7381729973935, -34.5775585221466],
            [-58.7389414385754, -34.5782695300558],
            [-58.7385557204984, -34.5785539804516],
            [-58.739839980917, -34.5797480382979],
            [-58.741124276876, -34.5809420831886],
            [-58.7417029256811, -34.5805108885861],
            [-58.7428315013416, -34.5815545843776],
            [-58.7440758044892, -34.5827082641735],
            [-58.7440791879755, -34.5827114087142],
            [-58.7440728202766, -34.5827160311926],
            [-58.7426449782263, -34.5837897622886],
            [-58.7426133653725, -34.5838132515833],
            [-58.7426098860656, -34.5838101745191],
            [-58.7416180948917, -34.582885111951],
            [-58.7413548635332, -34.5826345221082],
            [-58.740259050074, -34.5815866442438],
            [-58.7399395160433, -34.5818176999027],
            [-58.7386607406073, -34.5806191938651],
            [-58.7373820006973, -34.5794206740849],
            [-58.737328133098, -34.5793795552165],
            [-58.7369321392168, -34.5785416943617],
            [-58.7368839249601, -34.5784871133001],
            [-58.7363114646014, -34.5779508024933],
            [-58.7357929873505, -34.5774843147423]
          ]
        ]
      },
      "properties": {
        "objectid": 148,
        "clave": "067603005",
        "provincia": "06",
        "partido": "760",
        "localidad": "010",
        "fraccion": "30",
        "radio": "05",
        "tot_manzanas": 8,
        "barrio_codigo": 5,
        "barrio_nombre": "Trujui",
        "circuito": "397c",
        "st_area(shape)": 165439.249638175,
        "st_length(shape)": 2540.00532234994
      }
    },
    {
      "type": "Feature",
      "id": 130,
      "geometry": {
        "type": "Polygon",
        "coordinates": [
          [
            [-58.6743476624439, -34.5691825515586],
            [-58.666754424104, -34.5731380952579],
            [-58.6664442118132, -34.5728394739367],
            [-58.6660245668978, -34.5724752013798],
            [-58.6655928766809, -34.5721556815892],
            [-58.6651640527865, -34.5719045768629],
            [-58.6647754161661, -34.5716630401837],
            [-58.6644577875791, -34.5714707382046],
            [-58.6635964114627, -34.5709783764002],
            [-58.662940642793, -34.5706098897211],
            [-58.6622679284428, -34.5702197497701],
            [-58.6617464666684, -34.5699021493897],
            [-58.6612062169914, -34.5695792327243],
            [-58.6611266831784, -34.5695305846438],
            [-58.661127336494, -34.569530138427],
            [-58.6614434299125, -34.5693373787625],
            [-58.6615348533388, -34.5692815660273],
            [-58.6621677147495, -34.568826876266],
            [-58.66212919296, -34.5688042093699],
            [-58.6621004759715, -34.5687873113774],
            [-58.6619426838468, -34.5686790580633],
            [-58.6618501577123, -34.5686359114265],
            [-58.661757631675, -34.5685927647216],
            [-58.6617459047369, -34.5685861851126],
            [-58.661590002202, -34.5684987121721],
            [-58.6614544852362, -34.5683540397178],
            [-58.6614263149972, -34.568320450788],
            [-58.6612398693858, -34.5680981389115],
            [-58.6611243892805, -34.5679689251535],
            [-58.6610827496657, -34.5679223323044],
            [-58.6608577979873, -34.5677380395032],
            [-58.6610297386538, -34.5676101995631],
            [-58.6613992741758, -34.5673354426971],
            [-58.6615717182559, -34.5672072262109],
            [-58.6618300685435, -34.5670151355038],
            [-58.6626073465703, -34.5664467856998],
            [-58.6632412609709, -34.5659850238962],
            [-58.6645420390091, -34.5650438233596],
            [-58.6639033609597, -34.5644419379705],
            [-58.6633289735815, -34.5639083544594],
            [-58.6630391679136, -34.5636347724459],
            [-58.6638493042636, -34.5630532543449],
            [-58.6644004743741, -34.5626536753077],
            [-58.6657068493118, -34.5616990019023],
            [-58.6659659413701, -34.5615080412639],
            [-58.6663566142762, -34.5612203622679],
            [-58.66702423065, -34.5607354205855],
            [-58.6673163574992, -34.5605222845964],
            [-58.668098697873, -34.5599719805319],
            [-58.6683241533954, -34.5601817534305],
            [-58.6689520826459, -34.5607744861441],
            [-58.6695853958034, -34.5613717802656],
            [-58.6702294670563, -34.5619782028687],
            [-58.6708519763792, -34.5625708669204],
            [-58.671485388293, -34.5631636465132],
            [-58.6721025400065, -34.5637517382695],
            [-58.6727412723778, -34.5643535829434],
            [-58.671683058999, -34.5651217468898],
            [-58.6723325503891, -34.5657327243636],
            [-58.6714173011453, -34.5664168113337],
            [-58.6717595609171, -34.5667361640765],
            [-58.6728345707619, -34.5677392016105],
            [-58.6742845492326, -34.5691013321626],
            [-58.6743476624439, -34.5691825515586]
          ]
        ]
      },
      "properties": {
        "objectid": 130,
        "clave": "067600607",
        "provincia": "06",
        "partido": "760",
        "localidad": "010",
        "fraccion": "06",
        "radio": "07",
        "tot_manzanas": 10,
        "barrio_codigo": 41,
        "barrio_nombre": "Bella Vista Norte",
        "circuito": "401a",
        "st_area(shape)": 990809.012987585,
        "st_length(shape)": 4439.64480452509
      }
    },
    {
      "type": "Feature",
      "id": 270,
      "geometry": {
        "type": "Polygon",
        "coordinates": [
          [
            [-58.7029890627322, -34.5463945708341],
            [-58.7037604281877, -34.5458258885293],
            [-58.7044468075363, -34.5465227194779],
            [-58.7051984109231, -34.5472292511553],
            [-58.7044381431568, -34.5477845396413],
            [-58.7043904565866, -34.5476984036648],
            [-58.7037084649619, -34.5470692215787],
            [-58.7036655265954, -34.5470282041202],
            [-58.7029890627322, -34.5463945708341]
          ]
        ]
      },
      "properties": {
        "objectid": 270,
        "clave": "067602104",
        "provincia": "06",
        "partido": "760",
        "localidad": "010",
        "fraccion": "21",
        "radio": "04",
        "tot_manzanas": 2,
        "barrio_codigo": 31,
        "barrio_nombre": "Muniz Norte",
        "circuito": "400",
        "st_area(shape)": 18697.550575075,
        "st_length(shape)": 596.22743620045
      }
    },
    {
      "type": "Feature",
      "id": 23,
      "geometry": {
        "type": "Polygon",
        "coordinates": [
          [
            [-58.7305538765935, -34.5776687916835],
            [-58.7309671991531, -34.5773621196977],
            [-58.7315367393943, -34.5778908326279],
            [-58.7320637760474, -34.5783960588058],
            [-58.7326549768042, -34.5788915148728],
            [-58.7331603976146, -34.5794037643004],
            [-58.7317998490882, -34.5803751999361],
            [-58.7305415485305, -34.5813462314645],
            [-58.7304895077643, -34.581369160771],
            [-58.7291950751273, -34.5823185784545],
            [-58.7284365203413, -34.582888181766],
            [-58.7281445332631, -34.5830969598399],
            [-58.7279460366818, -34.582892083584],
            [-58.7278948719207, -34.5828458356664],
            [-58.7276000117806, -34.5825793122],
            [-58.7273926940298, -34.5823725367429],
            [-58.7271925025526, -34.5821729812939],
            [-58.7269340079971, -34.581915304766],
            [-58.7269004353263, -34.5818818383489],
            [-58.7260491526092, -34.5810332376507],
            [-58.7266467414191, -34.5805485069747],
            [-58.7267207316637, -34.5804911156584],
            [-58.7271627762682, -34.5801482396598],
            [-58.7279858822037, -34.5795619590813],
            [-58.7288620756067, -34.5789175990613],
            [-58.7289447556853, -34.5788553645828],
            [-58.7292369612646, -34.5786409845426],
            [-58.7296776407146, -34.5783176706758],
            [-58.7305538765935, -34.5776687916835]
          ]
        ]
      },
      "properties": {
        "objectid": 23,
        "clave": "067601401",
        "provincia": "06",
        "partido": "760",
        "localidad": "010",
        "fraccion": "14",
        "radio": "01",
        "tot_manzanas": 16,
        "barrio_codigo": 6,
        "barrio_nombre": "La Guarida",
        "circuito": "397c",
        "st_area(shape)": 185206.4390292,
        "st_length(shape)": 1826.79130527718
      }
    }
  ]
}